initial_budget,dca_levels,first_level,level_step,num_levels,take_profit_percent,stop_loss_percent,roi,net_pnl,total_trades,win_rate,stop_loss_rate,avg_trade_pnl,avg_trade_duration_days,largest_loss,largest_profit,error
1000,"[-7, -11, -15]",-7,4,3,3,0,225.0,2250.0,147,100.0,0.0,15.31,7.62,10.0,30.0,
1000,"[-5, -9, -13]",-5,4,3,3,0,223.0,2230.0,141,100.0,0.0,15.82,9.89,10.0,30.0,
1000,"[-5, -9, -13, -17]",-5,4,4,6,0,216.0,2160.0,69,100.0,0.0,31.3,23.13,15.0,60.0,
1000,"[-5, -9, -13, -17]",-5,4,4,7,0,213.5,2135.0,56,100.0,0.0,38.13,27.83,17.5,70.0,
1000,"[-5, -10, -15]",-5,5,3,3,0,208.0,2080.0,138,100.0,0.0,15.07,10.05,10.0,30.0,
1000,"[-5, -8, -11, -14, -17]",-5,3,5,7,0,207.2,2072.0,57,100.0,0.0,36.35,27.29,14.0,70.0,
1000,"[-6, -10, -14, -18]",-6,4,4,7,0,204.75,2047.5,54,100.0,0.0,37.92,29.12,17.5,70.0,
1000,"[-5, -8, -11, -14, -17]",-5,3,5,6,0,204.0,2040.0,68,100.0,0.0,30.0,23.48,12.0,60.0,
1000,"[-7, -12, -17]",-7,5,3,7,0,203.0,2030.0,47,100.0,0.0,43.19,32.59,23.33,70.0,
1000,"[-5, -9, -13]",-5,4,3,5,0,201.6667,2016.67,69,100.0,0.0,29.23,22.05,16.67,50.0,
1000,"[-5, -8, -11, -14]",-5,3,4,3,0,200.25,2002.5,144,100.0,0.0,13.91,9.62,7.5,30.0,
1000,"[-6, -9, -12, -15, -18]",-6,3,5,7,0,200.2,2002.0,54,100.0,0.0,37.07,29.07,14.0,70.0,
1000,"[-6, -11, -16]",-6,5,3,6,0,200.0,2000.0,56,100.0,0.0,35.71,27.87,20.0,60.0,
1000,"[-5, -9, -13]",-5,4,3,7,0,198.3333,1983.33,45,100.0,0.0,44.07,34.94,23.33,70.0,
1000,"[-5, -9, -13, -17, -21]",-5,4,5,7,0,197.4,1974.0,59,100.0,0.0,33.46,27.05,14.0,70.0,
1000,"[-5, -8, -11, -14]",-5,3,4,4,0,197.0,1970.0,96,100.0,0.0,20.52,15.69,10.0,40.0,
1000,"[-5, -9, -13, -17]",-5,4,4,5,0,196.25,1962.5,80,100.0,0.0,24.53,19.5,12.5,50.0,
1000,"[-5, -10, -15]",-5,5,3,6,0,196.0,1960.0,58,100.0,0.0,33.79,26.74,20.0,60.0,
1000,"[-7, -11, -15]",-7,4,3,6,0,196.0,1960.0,50,100.0,0.0,39.2,30.33,20.0,60.0,
1000,"[-5, -10, -15]",-5,5,3,5,0,195.0,1950.0,71,100.0,0.0,27.46,22.32,16.67,50.0,
1000,"[-6, -10, -14]",-6,4,3,4,0,194.6667,1946.67,84,100.0,0.0,23.17,17.06,13.33,40.0,
1000,"[-5, -9, -13]",-5,4,3,6,0,194.0,1940.0,54,100.0,0.0,35.93,28.78,20.0,60.0,
1000,"[-5, -8, -11]",-5,3,3,7,0,193.6667,1936.67,42,100.0,0.0,46.11,36.0,23.33,70.0,
1000,"[-8, -12, -16]",-8,4,3,7,0,193.6667,1936.67,40,100.0,0.0,48.42,36.76,23.33,70.0,
1000,"[-5, -9, -13]",-5,4,3,4,0,193.3333,1933.33,85,100.0,0.0,22.75,18.09,13.33,40.0,
1000,"[-5, -10, -15]",-5,5,3,7,0,191.3333,1913.33,49,100.0,0.0,39.05,32.03,23.33,70.0,
1000,"[-6, -10, -14, -18, -22]",-6,4,5,7,0,190.4,1904.0,58,100.0,0.0,32.83,26.55,14.0,70.0,
1000,"[-5, -8, -11, -14, -17, -20]",-5,3,6,7,0,190.1667,1901.67,58,100.0,0.0,32.79,27.65,11.67,70.0,
1000,"[-5, -9, -13, -17]",-5,4,4,3,0,189.75,1897.5,150,100.0,0.0,12.65,8.99,7.5,30.0,
1000,"[-5, -9, -13, -17, -21]",-5,4,5,6,0,189.6,1896.0,71,100.0,0.0,26.7,22.03,12.0,60.0,
1000,"[-5, -10, -15, -20]",-5,5,4,7,0,189.0,1890.0,56,100.0,0.0,33.75,28.77,17.5,70.0,
1000,"[-6, -11, -16]",-6,5,3,7,0,189.0,1890.0,45,100.0,0.0,42.0,33.94,23.33,70.0,
1000,"[-7, -10, -13]",-7,3,3,4,0,188.0,1880.0,77,100.0,0.0,24.42,17.73,13.33,40.0,
1000,"[-5, -8, -11, -14]",-5,3,4,7,0,187.25,1872.5,48,100.0,0.0,39.01,32.62,17.5,70.0,
1000,"[-7, -10, -13, -16]",-7,3,4,7,0,187.25,1872.5,43,100.0,0.0,43.55,35.67,17.5,70.0,
1000,"[-5, -10, -15]",-5,5,3,4,0,186.6667,1866.67,86,100.0,0.0,21.71,17.73,13.33,40.0,
1000,"[-5, -9, -13, -17, -21]",-5,4,5,4,0,186.4,1864.0,119,100.0,0.0,15.66,12.12,8.0,40.0,
1000,"[-5, -10, -15, -20, -25]",-5,5,5,7,0,186.2,1862.0,65,100.0,0.0,28.65,24.4,14.0,70.0,
1000,"[-6, -9, -12, -15]",-6,3,4,6,0,186.0,1860.0,54,100.0,0.0,34.44,28.85,15.0,60.0,
1000,"[-5, -9, -13, -17, -21, -25]",-5,4,6,7,0,185.5,1855.0,64,100.0,0.0,28.98,24.7,11.67,70.0,
1000,"[-5, -8, -11, -14, -17, -20]",-5,3,6,4,0,185.3333,1853.33,120,100.0,0.0,15.44,11.95,6.67,40.0,
1000,"[-5, -8, -11, -14, -17, -20]",-5,3,6,6,0,185.0,1850.0,70,100.0,0.0,26.43,22.43,10.0,60.0,
1000,"[-7, -10, -13]",-7,3,3,5,0,185.0,1850.0,57,100.0,0.0,32.46,25.57,16.67,50.0,
1000,"[-6, -9, -12]",-6,3,3,7,0,184.3333,1843.33,39,100.0,0.0,47.26,39.78,23.33,70.0,
1000,"[-6, -9, -12, -15, -18, -21]",-6,3,6,7,0,184.3333,1843.33,56,100.0,0.0,32.92,27.68,11.67,70.0,
1000,"[-6, -9, -12, -15, -18, -21]",-6,3,6,5,0,184.1667,1841.67,86,100.0,0.0,21.41,16.6,8.33,50.0,
1000,"[-5, -8, -11]",-5,3,3,3,0,184.0,1840.0,109,100.0,0.0,16.88,13.33,10.0,30.0,
1000,"[-5, -8, -11]",-5,3,3,6,0,184.0,1840.0,49,100.0,0.0,37.55,30.65,20.0,60.0,
1000,"[-6, -10, -14]",-6,4,3,5,0,183.3333,1833.33,60,100.0,0.0,30.56,25.46,16.67,50.0,
1000,"[-5, -9, -13, -17]",-5,4,4,4,0,183.0,1830.0,98,100.0,0.0,18.67,15.19,10.0,40.0,
1000,"[-5, -8, -11]",-5,3,3,4,0,182.6667,1826.67,78,100.0,0.0,23.42,18.98,13.33,40.0,
1000,"[-6, -9, -12, -15]",-6,3,4,5,0,182.5,1825.0,64,100.0,0.0,28.52,23.64,12.5,50.0,
1000,"[-6, -10, -14, -18]",-6,4,4,5,0,182.5,1825.0,72,100.0,0.0,25.35,20.5,12.5,50.0,
1000,"[-5, -10, -15, -20]",-5,5,4,4,0,182.0,1820.0,104,100.0,0.0,17.5,14.14,10.0,40.0,
1000,"[-6, -10, -14]",-6,4,3,6,0,182.0,1820.0,49,100.0,0.0,37.14,30.86,20.0,60.0,
1000,"[-7, -10, -13]",-7,3,3,3,0,182.0,1820.0,111,100.0,0.0,16.4,10.88,10.0,30.0,
1000,"[-6, -10, -14, -18]",-6,4,4,6,0,181.5,1815.0,58,100.0,0.0,31.29,26.72,15.0,60.0,
1000,"[-6, -9, -12, -15, -18]",-6,3,5,6,0,181.2,1812.0,60,100.0,0.0,30.2,25.69,12.0,60.0,
1000,"[-5, -9, -13, -17, -21]",-5,4,5,5,0,181.0,1810.0,87,100.0,0.0,20.8,17.49,10.0,50.0,
1000,"[-6, -9, -12, -15]",-6,3,4,4,0,181.0,1810.0,86,100.0,0.0,21.05,16.49,10.0,40.0,
1000,"[-5, -8, -11, -14, -17]",-5,3,5,4,0,180.8,1808.0,103,100.0,0.0,17.55,14.28,8.0,40.0,
1000,"[-7, -12, -17, -22]",-7,5,4,7,0,180.25,1802.5,50,100.0,0.0,36.05,29.92,17.5,70.0,
1000,"[-5, -8, -11, -14]",-5,3,4,5,0,180.0,1800.0,68,100.0,0.0,26.47,22.42,12.5,50.0,
1000,"[-5, -8, -11, -14]",-5,3,4,6,0,180.0,1800.0,55,100.0,0.0,32.73,28.2,15.0,60.0,
1000,"[-5, -9, -13, -17, -21, -25]",-5,4,6,6,0,180.0,1800.0,78,100.0,0.0,23.08,19.84,10.0,60.0,
1000,"[-6, -9, -12]",-6,3,3,5,0,180.0,1800.0,55,100.0,0.0,32.73,26.84,16.67,50.0,
1000,"[-6, -10, -14, -18, -22]",-6,4,5,5,0,180.0,1800.0,83,100.0,0.0,21.69,17.34,10.0,50.0,
1000,"[-7, -11, -15]",-7,4,3,5,0,180.0,1800.0,58,100.0,0.0,31.03,24.99,16.67,50.0,
1000,"[-7, -11, -15, -19]",-7,4,4,6,0,180.0,1800.0,55,100.0,0.0,32.73,26.84,15.0,60.0,
1000,"[-8, -13, -18]",-8,5,3,5,0,180.0,1800.0,61,100.0,0.0,29.51,21.12,16.67,50.0,
1000,"[-7, -11, -15]",-7,4,3,7,0,179.6667,1796.67,41,100.0,0.0,43.82,36.31,23.33,70.0,
1000,"[-5, -8, -11, -14, -17]",-5,3,5,5,0,179.0,1790.0,76,100.0,0.0,23.55,20.63,10.0,50.0,
1000,"[-7, -10, -13, -16, -19]",-7,3,5,5,0,179.0,1790.0,71,100.0,0.0,25.21,19.43,10.0,50.0,
1000,"[-6, -10, -14, -18, -22]",-6,4,5,6,0,178.8,1788.0,65,100.0,0.0,27.51,23.15,12.0,60.0,
1000,"[-5, -10, -15, -20]",-5,5,4,5,0,178.75,1787.5,79,100.0,0.0,22.63,19.48,12.5,50.0,
1000,"[-7, -10, -13, -16]",-7,3,4,6,0,178.5,1785.0,48,100.0,0.0,37.19,31.24,15.0,60.0,
1000,"[-5, -8, -11]",-5,3,3,5,0,178.3333,1783.33,59,100.0,0.0,30.23,26.17,16.67,50.0,
1000,"[-8, -12, -16]",-8,4,3,5,0,178.3333,1783.33,56,100.0,0.0,31.85,23.96,16.67,50.0,
1000,"[-5, -8, -11, -14, -17]",-5,3,5,3,0,178.2,1782.0,152,100.0,0.0,11.72,8.86,6.0,30.0,
1000,"[-6, -9, -12]",-6,3,3,6,0,178.0,1780.0,45,100.0,0.0,39.56,33.72,20.0,60.0,
1000,"[-6, -11, -16]",-6,5,3,3,0,178.0,1780.0,119,100.0,0.0,14.96,11.02,10.0,30.0,
1000,"[-7, -11, -15, -19]",-7,4,4,3,0,177.75,1777.5,148,100.0,0.0,12.01,7.53,7.5,30.0,
1000,"[-7, -10, -13, -16]",-7,3,4,5,0,177.5,1775.0,63,100.0,0.0,28.17,22.68,12.5,50.0,
1000,"[-6, -9, -12]",-6,3,3,4,0,177.3333,1773.33,72,100.0,0.0,24.63,20.07,13.33,40.0,
1000,"[-6, -10, -14]",-6,4,3,7,0,177.3333,1773.33,41,100.0,0.0,43.25,37.5,23.33,70.0,
1000,"[-8, -13, -18]",-8,5,3,7,0,177.3333,1773.33,40,100.0,0.0,44.33,36.41,23.33,70.0,
1000,"[-6, -11, -16, -21]",-6,5,4,6,0,177.0,1770.0,60,100.0,0.0,29.5,25.27,15.0,60.0,
1000,"[-6, -9, -12, -15]",-6,3,4,7,0,176.75,1767.5,43,100.0,0.0,41.1,35.6,17.5,70.0,
1000,"[-6, -10, -14, -18]",-6,4,4,4,0,176.0,1760.0,93,100.0,0.0,18.92,14.8,10.0,40.0,
1000,"[-7, -10, -13]",-7,3,3,6,0,176.0,1760.0,42,100.0,0.0,41.9,34.89,20.0,60.0,
1000,"[-7, -12, -17]",-7,5,3,6,0,176.0,1760.0,48,100.0,0.0,36.67,31.35,20.0,60.0,
1000,"[-5, -10, -15, -20]",-5,5,4,6,0,175.5,1755.0,63,100.0,0.0,27.86,25.07,15.0,60.0,
1000,"[-8, -11, -14, -17]",-8,3,4,7,0,175.0,1750.0,40,100.0,0.0,43.75,36.64,17.5,70.0,
1000,"[-6, -9, -12, -15, -18]",-6,3,5,5,0,174.0,1740.0,71,100.0,0.0,24.51,20.72,10.0,50.0,
1000,"[-6, -10, -14, -18, -22, -26]",-6,4,6,7,0,173.8333,1738.33,61,100.0,0.0,28.5,24.97,11.67,70.0,
1000,"[-6, -11, -16]",-6,5,3,5,0,173.3333,1733.33,61,100.0,0.0,28.42,25.07,16.67,50.0,
1000,"[-6, -11, -16, -21]",-6,5,4,7,0,173.25,1732.5,49,100.0,0.0,35.36,31.81,17.5,70.0,
1000,"[-6, -9, -12, -15, -18, -21]",-6,3,6,6,0,173.0,1730.0,64,100.0,0.0,27.03,23.49,10.0,60.0,
1000,"[-7, -10, -13]",-7,3,3,7,0,172.6667,1726.67,36,100.0,0.0,47.96,41.64,23.33,70.0,
1000,"[-6, -9, -12]",-6,3,3,3,0,172.0,1720.0,99,100.0,0.0,17.37,13.78,10.0,30.0,
1000,"[-6, -9, -12, -15, -18]",-6,3,5,4,0,172.0,1720.0,95,100.0,0.0,18.11,14.33,8.0,40.0,
1000,"[-7, -11, -15]",-7,4,3,4,0,170.6667,1706.67,76,100.0,0.0,22.46,18.15,13.33,40.0,
1000,"[-5, -10, -15, -20, -25, -30]",-5,5,6,7,0,170.3333,1703.33,68,100.0,0.0,25.05,23.19,11.67,70.0,
1000,"[-8, -11, -14]",-8,3,3,7,0,170.3333,1703.33,35,100.0,0.0,48.67,40.92,23.33,70.0,
1000,"[-8, -12, -16, -20]",-8,4,4,5,0,170.0,1700.0,68,100.0,0.0,25.0,19.02,12.5,50.0,
1000,"[-5, -10, -15, -20, -25]",-5,5,5,6,0,169.2,1692.0,71,100.0,0.0,23.83,21.91,12.0,60.0,
1000,"[-5, -8, -11, -14, -17, -20]",-5,3,6,5,0,169.1667,1691.67,82,100.0,0.0,20.63,18.68,8.33,50.0,
1000,"[-5, -9, -13, -17, -21]",-5,4,5,3,0,168.6,1686.0,163,100.0,0.0,10.34,8.07,6.0,30.0,
1000,"[-8, -11, -14]",-8,3,3,5,0,168.3333,1683.33,53,100.0,0.0,31.76,25.92,16.67,50.0,
1000,"[-6, -10, -14]",-6,4,3,3,0,168.0,1680.0,109,100.0,0.0,15.41,12.15,10.0,30.0,
1000,"[-7, -10, -13, -16, -19]",-7,3,5,7,0,168.0,1680.0,44,100.0,0.0,38.18,34.55,14.0,70.0,
1000,"[-8, -12, -16]",-8,4,3,6,0,168.0,1680.0,41,100.0,0.0,40.98,35.17,20.0,60.0,
1000,"[-8, -13, -18]",-8,5,3,6,0,168.0,1680.0,45,100.0,0.0,37.33,31.15,20.0,60.0,
1000,"[-5, -9, -13, -17, -21, -25]",-5,4,6,5,0,167.5,1675.0,92,100.0,0.0,18.21,16.36,8.33,50.0,
1000,"[-5, -10, -15, -20, -25]",-5,5,5,5,0,167.0,1670.0,87,100.0,0.0,19.2,17.43,10.0,50.0,
1000,"[-7, -10, -13, -16]",-7,3,4,4,0,167.0,1670.0,82,100.0,0.0,20.37,16.09,10.0,40.0,
1000,"[-5, -10, -15, -20]",-5,5,4,3,0,166.5,1665.0,141,100.0,0.0,11.81,9.76,7.5,30.0,
1000,"[-7, -10, -13, -16, -19]",-7,3,5,4,0,166.4,1664.0,97,100.0,0.0,17.15,13.07,8.0,40.0,
1000,"[-8, -12, -16, -20]",-8,4,4,7,0,166.25,1662.5,41,100.0,0.0,40.55,34.98,17.5,70.0,
1000,"[-6, -9, -12, -15, -18, -21]",-6,3,6,4,0,166.0,1660.0,107,100.0,0.0,15.51,12.42,6.67,40.0,
1000,"[-8, -11, -14]",-8,3,3,4,0,165.3333,1653.33,67,100.0,0.0,24.68,19.37,13.33,40.0,
1000,"[-6, -11, -16, -21, -26]",-6,5,5,7,0,165.2,1652.0,55,100.0,0.0,30.04,27.91,14.0,70.0,
1000,"[-7, -10, -13, -16, -19, -22]",-7,3,6,6,0,165.0,1650.0,56,100.0,0.0,29.46,25.67,10.0,60.0,
1000,"[-7, -11, -15, -19]",-7,4,4,4,0,165.0,1650.0,92,100.0,0.0,17.93,14.44,10.0,40.0,
1000,"[-8, -11, -14, -17]",-8,3,4,4,0,165.0,1650.0,83,100.0,0.0,19.88,14.71,10.0,40.0,
1000,"[-8, -11, -14, -17]",-8,3,4,5,0,165.0,1650.0,60,100.0,0.0,27.5,21.57,12.5,50.0,
1000,"[-7, -10, -13, -16, -19, -22]",-7,3,6,7,0,164.5,1645.0,47,100.0,0.0,35.0,31.6,11.67,70.0,
1000,"[-8, -11, -14]",-8,3,3,6,0,164.0,1640.0,40,100.0,0.0,41.0,36.52,20.0,60.0,
1000,"[-7, -12, -17, -22, -27]",-7,5,5,7,0,163.8,1638.0,54,100.0,0.0,30.33,27.47,14.0,70.0,
1000,"[-8, -11, -14, -17]",-8,3,4,6,0,163.5,1635.0,44,100.0,0.0,37.16,32.22,15.0,60.0,
1000,"[-7, -10, -13, -16, -19]",-7,3,5,6,0,163.2,1632.0,50,100.0,0.0,32.64,29.4,12.0,60.0,
1000,"[-7, -11, -15, -19]",-7,4,4,7,0,162.75,1627.5,43,100.0,0.0,37.85,35.61,17.5,70.0,
1000,"[-7, -11, -15, -19]",-7,4,4,5,0,162.5,1625.0,62,100.0,0.0,26.21,22.72,12.5,50.0,
1000,"[-6, -10, -14, -18, -22]",-6,4,5,4,0,162.4,1624.0,103,100.0,0.0,15.77,13.03,8.0,40.0,
1000,"[-6, -10, -14, -18]",-6,4,4,3,0,162.0,1620.0,128,100.0,0.0,12.66,9.91,7.5,30.0,
1000,"[-7, -11, -15, -19, -23]",-7,4,5,6,0,162.0,1620.0,59,100.0,0.0,27.46,24.62,12.0,60.0,
1000,"[-6, -11, -16]",-6,5,3,4,0,161.3333,1613.33,75,100.0,0.0,21.51,19.16,13.33,40.0,
1000,"[-7, -12, -17]",-7,5,3,4,0,161.3333,1613.33,78,100.0,0.0,20.68,17.39,13.33,40.0,
1000,"[-7, -10, -13, -16]",-7,3,4,3,0,161.25,1612.5,122,100.0,0.0,13.22,9.57,7.5,30.0,
1000,"[-8, -13, -18, -23]",-8,5,4,7,0,161.0,1610.0,44,100.0,0.0,36.59,32.08,17.5,70.0,
1000,"[-6, -11, -16, -21, -26]",-6,5,5,6,0,160.8,1608.0,65,100.0,0.0,24.74,23.04,12.0,60.0,
1000,"[-8, -11, -14, -17, -20]",-8,3,5,6,0,160.8,1608.0,50,100.0,0.0,32.16,27.58,12.0,60.0,
1000,"[-5, -9, -13, -17, -21, -25]",-5,4,6,4,0,160.6667,1606.67,120,100.0,0.0,13.39,11.95,6.67,40.0,
1000,"[-5, -8, -11, -14, -17, -20]",-5,3,6,3,0,160.5,1605.0,159,100.0,0.0,10.09,8.35,5.0,30.0,
1000,"[-6, -10, -14, -18, -22, -26]",-6,4,6,6,0,160.0,1600.0,67,100.0,0.0,23.88,22.22,10.0,60.0,
1000,"[-7, -10, -13, -16, -19, -22]",-7,3,6,5,0,159.1667,1591.67,74,100.0,0.0,21.51,18.4,8.33,50.0,
1000,"[-8, -12, -16, -20]",-8,4,4,6,0,159.0,1590.0,47,100.0,0.0,33.83,29.42,15.0,60.0,
1000,"[-6, -11, -16, -21]",-6,5,4,5,0,158.75,1587.5,68,100.0,0.0,23.35,21.73,12.5,50.0,
1000,"[-8, -11, -14, -17, -20]",-8,3,5,7,0,158.2,1582.0,41,100.0,0.0,38.59,35.08,14.0,70.0,
1000,"[-8, -11, -14, -17, -20]",-8,3,5,5,0,158.0,1580.0,69,100.0,0.0,22.9,18.22,10.0,50.0,
1000,"[-7, -12, -17, -22]",-7,5,4,6,0,157.5,1575.0,52,100.0,0.0,30.29,28.09,15.0,60.0,
1000,"[-8, -12, -16]",-8,4,3,4,0,157.3333,1573.33,66,100.0,0.0,23.84,19.18,13.33,40.0,
1000,"[-8, -13, -18]",-8,5,3,4,0,157.3333,1573.33,73,100.0,0.0,21.55,16.9,13.33,40.0,
1000,"[-7, -11, -15, -19, -23]",-7,4,5,7,0,156.8,1568.0,47,100.0,0.0,33.36,31.88,14.0,70.0,
1000,"[-6, -10, -14, -18, -22, -26]",-6,4,6,5,0,156.6667,1566.67,84,100.0,0.0,18.65,17.01,8.33,50.0,
1000,"[-7, -12, -17]",-7,5,3,5,0,156.6667,1566.67,53,100.0,0.0,29.56,27.21,16.67,50.0,
1000,"[-8, -12, -16, -20, -24]",-8,4,5,7,0,155.4,1554.0,46,100.0,0.0,33.78,30.55,14.0,70.0,
1000,"[-7, -11, -15, -19, -23]",-7,4,5,5,0,153.0,1530.0,71,100.0,0.0,21.55,19.35,10.0,50.0,
1000,"[-5, -10, -15, -20, -25]",-5,5,5,4,0,152.8,1528.0,105,100.0,0.0,14.55,13.9,8.0,40.0,
1000,"[-6, -9, -12, -15]",-6,3,4,3,0,152.25,1522.5,107,100.0,0.0,14.23,12.36,7.5,30.0,
1000,"[-6, -9, -12, -15, -18]",-6,3,5,3,0,151.2,1512.0,124,100.0,0.0,12.19,10.22,6.0,30.0,
1000,"[-8, -11, -14, -17, -20, -23]",-8,3,6,7,0,150.5,1505.0,44,100.0,0.0,34.2,32.15,11.67,70.0,
1000,"[-5, -10, -15, -20, -25, -30]",-5,5,6,6,0,150.0,1500.0,72,100.0,0.0,20.83,21.51,10.0,60.0,
1000,"[-7, -11, -15, -19, -23]",-7,4,5,3,0,150.0,1500.0,153,100.0,0.0,9.8,7.24,6.0,30.0,
1000,"[-7, -11, -15, -19, -23, -27]",-7,4,6,6,0,150.0,1500.0,63,100.0,0.0,23.81,22.8,10.0,60.0,
1000,"[-8, -13, -18, -23]",-8,5,4,5,0,150.0,1500.0,65,100.0,0.0,23.08,19.42,12.5,50.0,
1000,"[-7, -11, -15, -19, -23, -27]",-7,4,6,7,0,148.1667,1481.67,50,100.0,0.0,29.63,29.71,11.67,70.0,
1000,"[-7, -12, -17]",-7,5,3,3,0,148.0,1480.0,103,100.0,0.0,14.37,11.95,10.0,30.0,
1000,"[-6, -11, -16, -21]",-6,5,4,3,0,147.0,1470.0,129,100.0,0.0,11.4,9.81,7.5,30.0,
1000,"[-8, -12, -16]",-8,4,3,3,0,147.0,1470.0,93,100.0,0.0,15.81,12.02,10.0,30.0,
1000,"[-8, -13, -18, -23]",-8,5,4,6,0,147.0,1470.0,49,100.0,0.0,30.0,27.94,15.0,60.0,
1000,"[-6, -11, -16, -21, -26, -31]",-6,5,6,7,0,145.8333,1458.33,56,100.0,0.0,26.04,27.33,11.67,70.0,
1000,"[-7, -10, -13, -16, -19, -22]",-7,3,6,4,0,144.6667,1446.67,100,100.0,0.0,14.47,12.51,6.67,40.0,
1000,"[-8, -13, -18, -23, -28]",-8,5,5,7,0,144.2,1442.0,47,100.0,0.0,30.68,29.7,14.0,70.0,
1000,"[-5, -9, -13, -17, -21, -25]",-5,4,6,3,0,144.0,1440.0,165,100.0,0.0,8.73,7.92,5.0,30.0,
1000,"[-8, -11, -14, -17, -20, -23]",-8,3,6,6,0,144.0,1440.0,53,100.0,0.0,27.17,25.75,10.0,60.0,
1000,"[-8, -12, -16, -20, -24]",-8,4,5,6,0,144.0,1440.0,50,100.0,0.0,28.8,27.3,12.0,60.0,
1000,"[-5, -10, -15, -20, -25, -30]",-5,5,6,5,0,143.3333,1433.33,88,100.0,0.0,16.29,17.15,8.33,50.0,
1000,"[-6, -11, -16, -21]",-6,5,4,4,0,143.0,1430.0,83,100.0,0.0,17.23,16.76,10.0,40.0,
1000,"[-8, -12, -16, -20]",-8,4,4,4,0,143.0,1430.0,79,100.0,0.0,18.1,15.29,10.0,40.0,
1000,"[-7, -12, -17, -22]",-7,5,4,4,0,142.0,1420.0,88,100.0,0.0,16.14,14.91,10.0,40.0,
1000,"[-8, -12, -16, -20, -24]",-8,4,5,5,0,142.0,1420.0,70,100.0,0.0,20.29,18.22,10.0,50.0,
1000,"[-8, -12, -16, -20, -24, -28]",-8,4,6,7,0,141.1667,1411.67,47,100.0,0.0,30.04,29.75,11.67,70.0,
1000,"[-6, -11, -16, -21, -26]",-6,5,5,5,0,141.0,1410.0,72,100.0,0.0,19.58,20.34,10.0,50.0,
1000,"[-6, -10, -14, -18, -22, -26]",-6,4,6,4,0,140.6667,1406.67,106,100.0,0.0,13.27,12.56,6.67,40.0,
1000,"[-7, -12, -17, -22, -27]",-7,5,5,6,0,140.4,1404.0,55,100.0,0.0,25.53,26.31,12.0,60.0,
1000,"[-7, -12, -17, -22, -27, -32]",-7,5,6,7,0,140.0,1400.0,54,100.0,0.0,25.93,27.39,11.67,70.0,
1000,"[-8, -11, -14]",-8,3,3,3,0,140.0,1400.0,81,100.0,0.0,17.28,14.48,10.0,30.0,
1000,"[-8, -11, -14, -17, -20, -23]",-8,3,6,5,0,140.0,1400.0,72,100.0,0.0,19.44,17.21,8.33,50.0,
1000,"[-5, -10, -15, -20, -25]",-5,5,5,3,0,139.8,1398.0,146,100.0,0.0,9.58,9.3,6.0,30.0,
1000,"[-7, -11, -15, -19, -23]",-7,4,5,4,0,139.2,1392.0,95,100.0,0.0,14.65,13.8,8.0,40.0,
1000,"[-8, -11, -14, -17, -20]",-8,3,5,4,0,138.4,1384.0,85,100.0,0.0,16.28,14.17,8.0,40.0,
1000,"[-5, -9, -13]",-5,4,3,3,30,138.0,1380.0,317,96.53,3.47,4.35,3.11,-300.0,30.0,
1000,"[-5, -8, -11]",-5,3,3,7,30,137.3333,1373.33,128,89.84,10.16,10.73,11.57,-300.0,70.0,
1000,"[-6, -11, -16, -21, -26, -31]",-6,5,6,6,0,137.0,1370.0,65,100.0,0.0,21.08,22.99,10.0,60.0,
1000,"[-8, -13, -18, -23, -28]",-8,5,5,6,0,136.8,1368.0,55,100.0,0.0,24.87,24.57,12.0,60.0,
1000,"[-7, -12, -17, -22]",-7,5,4,5,0,136.25,1362.5,58,100.0,0.0,23.49,24.33,12.5,50.0,
1000,"[-6, -10, -14, -18, -22]",-6,4,5,3,0,136.2,1362.0,133,100.0,0.0,10.24,9.41,6.0,30.0,
1000,"[-8, -11, -14, -17, -20]",-8,3,5,3,0,136.2,1362.0,122,100.0,0.0,11.16,8.49,6.0,30.0,
1000,"[-7, -10, -13, -16, -19]",-7,3,5,3,0,135.0,1350.0,124,100.0,0.0,10.89,9.27,6.0,30.0,
1000,"[-6, -11, -16, -21, -26]",-6,5,5,4,0,134.4,1344.0,94,100.0,0.0,14.3,14.53,8.0,40.0,
1000,"[-5, -8, -11]",-5,3,3,5,30,133.3333,1333.33,181,92.82,7.18,7.37,7.55,-300.0,50.0,
1000,"[-7, -11, -15, -19, -23, -27]",-7,4,6,5,0,132.5,1325.0,72,100.0,0.0,18.4,19.04,8.33,50.0,
1000,"[-6, -9, -12, -15, -18, -21]",-6,3,6,3,0,132.0,1320.0,129,100.0,0.0,10.23,9.7,5.0,30.0,
1000,"[-8, -13, -18]",-8,5,3,3,0,132.0,1320.0,92,100.0,0.0,14.35,12.41,10.0,30.0,
1000,"[-5, -10, -15, -20, -25, -30]",-5,5,6,4,0,130.6667,1306.67,106,100.0,0.0,12.33,13.72,6.67,40.0,
1000,"[-8, -11, -14, -17]",-8,3,4,3,0,129.75,1297.5,94,100.0,0.0,13.8,11.94,7.5,30.0,
1000,"[-7, -11, -15, -19, -23, -27]",-7,4,6,3,0,129.5,1295.0,154,100.0,0.0,8.41,7.18,5.0,30.0,
1000,"[-8, -12, -16, -20, -24, -28]",-8,4,6,6,0,128.0,1280.0,51,100.0,0.0,25.1,26.71,10.0,60.0,
1000,"[-8, -13, -18, -23]",-8,5,4,4,0,128.0,1280.0,76,100.0,0.0,16.84,15.96,10.0,40.0,
1000,"[-7, -12, -17, -22, -27]",-7,5,5,5,0,127.0,1270.0,65,100.0,0.0,19.54,21.44,10.0,50.0,
1000,"[-8, -13, -18, -23, -28]",-8,5,5,5,0,125.0,1250.0,66,100.0,0.0,18.94,18.91,10.0,50.0,
1000,"[-8, -13, -18, -23, -28, -33]",-8,5,6,7,0,124.8333,1248.33,48,100.0,0.0,26.01,28.92,11.67,70.0,
1000,"[-8, -12, -16, -20, -24, -28]",-8,4,6,5,0,122.5,1225.0,71,100.0,0.0,17.25,17.8,8.33,50.0,
1000,"[-6, -11, -16, -21, -26]",-6,5,5,3,0,121.2,1212.0,131,100.0,0.0,9.25,9.61,6.0,30.0,
1000,"[-7, -12, -17, -22, -27, -32]",-7,5,6,6,0,121.0,1210.0,56,100.0,0.0,21.61,25.69,10.0,60.0,
1000,"[-6, -11, -16, -21, -26, -31]",-6,5,6,5,0,120.8333,1208.33,73,100.0,0.0,16.55,19.97,8.33,50.0,
1000,"[-7, -11, -15, -19, -23, -27]",-7,4,6,4,0,119.3333,1193.33,96,100.0,0.0,12.43,13.52,6.67,40.0,
1000,"[-7, -12, -17, -22, -27]",-7,5,5,4,0,119.2,1192.0,90,100.0,0.0,13.24,14.4,8.0,40.0,
1000,"[-8, -11, -14, -17, -20, -23]",-8,3,6,4,0,118.6667,1186.67,85,100.0,0.0,13.96,14.14,6.67,40.0,
1000,"[-5, -10, -15, -20, -25, -30]",-5,5,6,3,0,118.5,1185.0,146,100.0,0.0,8.12,9.28,5.0,30.0,
1000,"[-8, -12, -16, -20, -24]",-8,4,5,4,0,118.4,1184.0,80,100.0,0.0,14.8,14.95,8.0,40.0,
1000,"[-8, -13, -18, -23, -28, -33]",-8,5,6,6,0,118.0,1180.0,56,100.0,0.0,21.07,23.87,10.0,60.0,
1000,"[-8, -11, -14, -17, -20, -23]",-8,3,6,3,0,117.5,1175.0,124,100.0,0.0,9.48,8.33,5.0,30.0,
1000,"[-6, -10, -14, -18, -22, -26]",-6,4,6,3,0,117.0,1170.0,136,100.0,0.0,8.6,9.12,5.0,30.0,
1000,"[-7, -12, -17, -22]",-7,5,4,3,0,117.0,1170.0,106,100.0,0.0,11.04,11.43,7.5,30.0,
1000,"[-5, -8, -11]",-5,3,3,4,30,116.6667,1166.67,230,94.35,5.65,5.07,5.36,-300.0,40.0,
1000,"[-5, -9, -13]",-5,4,3,7,30,116.3333,1163.33,130,90.0,10.0,8.95,11.3,-300.0,70.0,
1000,"[-5, -9, -13]",-5,4,3,6,30,116.0,1160.0,153,91.5,8.5,7.58,9.24,-300.0,60.0,
1000,"[-8, -12, -16, -20]",-8,4,4,3,0,115.5,1155.0,95,100.0,0.0,12.16,11.61,7.5,30.0,
1000,"[-6, -11, -16, -21, -26, -31]",-6,5,6,4,0,115.3333,1153.33,96,100.0,0.0,12.01,14.12,6.67,40.0,
1000,"[-7, -10, -13, -16, -19, -22]",-7,3,6,3,0,114.5,1145.0,124,100.0,0.0,9.23,9.27,5.0,30.0,
1000,"[-5, -8, -11, -14]",-5,3,4,5,30,112.5,1125.0,189,93.65,6.35,5.95,7.05,-300.0,50.0,
1000,"[-5, -8, -11]",-5,3,3,3,30,111.0,1110.0,281,96.09,3.91,3.95,3.8,-300.0,30.0,
1000,"[-5, -8, -11]",-5,3,3,6,30,110.0,1100.0,145,91.03,8.97,7.59,9.92,-300.0,60.0,
1000,"[-5, -10, -15]",-5,5,3,7,30,109.3333,1093.33,137,90.51,9.49,7.98,10.64,-300.0,70.0,
1000,"[-7, -12, -17, -22, -27, -32]",-7,5,6,5,0,109.1667,1091.67,66,100.0,0.0,16.54,20.92,8.33,50.0,
1000,"[-8, -13, -18, -23, -28, -33]",-8,5,6,5,0,107.5,1075.0,67,100.0,0.0,16.04,18.52,8.33,50.0,
1000,"[-5, -9, -13]",-5,4,3,5,30,106.6667,1066.67,172,93.02,6.98,6.2,7.85,-300.0,50.0,
1000,"[-8, -13, -18, -23, -28]",-8,5,5,4,0,106.4,1064.0,77,100.0,0.0,13.82,15.57,8.0,40.0,
1000,"[-6, -11, -16, -21, -26, -31]",-6,5,6,3,0,103.0,1030.0,132,100.0,0.0,7.8,9.5,5.0,30.0,
1000,"[-8, -13, -18, -23]",-8,5,4,3,0,102.75,1027.5,93,100.0,0.0,11.05,12.14,7.5,30.0,
1000,"[-5, -8, -11, -14, -17]",-5,3,5,7,30,102.0,1020.0,141,91.49,8.51,7.23,10.24,-300.0,70.0,
1000,"[-7, -12, -17, -22, -27, -32]",-7,5,6,4,0,102.0,1020.0,91,100.0,0.0,11.21,14.17,6.67,40.0,
1000,"[-8, -12, -16, -20, -24, -28]",-8,4,6,4,0,101.3333,1013.33,80,100.0,0.0,12.67,14.9,6.67,40.0,
1000,"[-5, -9, -13, -17]",-5,4,4,7,30,100.25,1002.5,136,91.18,8.82,7.37,10.68,-300.0,70.0,
1000,"[-5, -8, -11, -14]",-5,3,4,7,30,100.0,1000.0,136,90.44,9.56,7.35,10.71,-300.0,70.0,
1000,"[-5, -10, -15]",-5,5,3,6,30,100.0,1000.0,148,91.89,8.11,6.76,9.59,-300.0,60.0,
1000,"[-8, -12, -16, -20, -24, -28]",-8,4,6,3,0,97.5,975.0,113,100.0,0.0,8.63,9.27,5.0,30.0,
1000,"[-5, -10, -15]",-5,5,3,3,30,97.0,970.0,311,96.46,3.54,3.12,3.2,-300.0,30.0,
1000,"[-7, -12, -17, -22, -27]",-7,5,5,3,0,96.6,966.0,107,100.0,0.0,9.03,11.19,6.0,30.0,
1000,"[-6, -9, -12]",-6,3,3,7,30,95.3333,953.33,118,88.98,11.02,8.08,11.59,-300.0,70.0,
1000,"[-5, -8, -11, -14]",-5,3,4,4,30,95.0,950.0,242,95.04,4.96,3.93,4.89,-300.0,40.0,
1000,"[-8, -12, -16, -20, -24]",-8,4,5,3,0,94.8,948.0,95,100.0,0.0,9.98,11.59,6.0,30.0,
1000,"[-8, -13, -18, -23, -28, -33]",-8,5,6,4,0,91.3333,913.33,78,100.0,0.0,11.71,15.3,6.67,40.0,
1000,"[-5, -9, -13]",-5,4,3,4,30,90.6667,906.67,214,94.39,5.61,4.24,5.79,-300.0,40.0,
1000,"[-5, -9, -13, -17]",-5,4,4,6,30,90.0,900.0,161,92.55,7.45,5.59,8.66,-300.0,60.0,
1000,"[-5, -8, -11, -14]",-5,3,4,3,30,89.25,892.5,326,96.63,3.37,2.74,3.0,-300.0,30.0,
1000,"[-6, -9, -12]",-6,3,3,6,30,88.0,880.0,135,90.37,9.63,6.52,9.58,-300.0,60.0,
1000,"[-7, -10, -13]",-7,3,3,5,30,86.6667,866.67,161,92.55,7.45,5.38,6.1,-300.0,50.0,
1000,"[-6, -10, -14]",-6,4,3,7,30,86.0,860.0,122,89.34,10.66,7.05,11.08,-300.0,70.0,
1000,"[-8, -13, -18, -23, -28]",-8,5,5,3,0,84.6,846.0,93,100.0,0.0,9.1,12.1,6.0,30.0,
1000,"[-7, -12, -17, -22, -27, -32]",-7,5,6,3,0,82.5,825.0,108,100.0,0.0,7.64,11.04,5.0,30.0,
1000,"[-7, -10, -13]",-7,3,3,7,30,81.3333,813.33,110,88.18,11.82,7.39,11.09,-300.0,70.0,
1000,"[-6, -11, -16]",-6,5,3,7,30,81.0,810.0,119,89.92,10.08,6.81,11.36,-300.0,70.0,
1000,"[-6, -9, -12]",-6,3,3,4,30,80.0,800.0,204,94.12,5.88,3.92,5.0,-300.0,40.0,
1000,"[-6, -10, -14]",-6,4,3,4,30,78.6667,786.67,217,94.47,5.53,3.63,4.64,-300.0,40.0,
1000,"[-6, -9, -12]",-6,3,3,5,30,75.0,750.0,151,92.05,7.95,4.97,8.0,-300.0,50.0,
1000,"[-5, -8, -11, -14, -17]",-5,3,5,5,30,74.0,740.0,203,94.09,5.91,3.65,6.41,-300.0,50.0,
1000,"[-5, -9, -13, -17, -21]",-5,4,5,4,30,73.6,736.0,259,96.14,3.86,2.84,4.48,-300.0,40.0,
1000,"[-5, -9, -13, -17]",-5,4,4,3,30,72.75,727.5,345,96.81,3.19,2.11,2.71,-300.0,30.0,
1000,"[-8, -13, -18, -23, -28, -33]",-8,5,6,3,0,72.5,725.0,94,100.0,0.0,7.71,11.9,5.0,30.0,
1000,"[-6, -10, -14]",-6,4,3,6,30,72.0,720.0,129,90.7,9.3,5.58,10.0,-300.0,60.0,
1000,"[-5, -10, -15, -20, -25]",-5,5,5,7,30,71.0,710.0,141,92.91,7.09,5.04,10.16,-300.0,70.0,
1000,"[-5, -8, -11, -14, -17]",-5,3,5,6,30,70.8,708.0,161,92.55,7.45,4.4,8.68,-300.0,60.0,
1000,"[-5, -10, -15]",-5,5,3,5,30,70.0,700.0,172,93.02,6.98,4.07,7.92,-300.0,50.0,
1000,"[-7, -10, -13]",-7,3,3,6,30,70.0,700.0,119,89.92,10.08,5.88,9.66,-300.0,60.0,
1000,"[-7, -11, -15]",-7,4,3,3,30,70.0,700.0,241,96.27,3.73,2.9,2.79,-300.0,30.0,
1000,"[-6, -10, -14, -18]",-6,4,4,7,30,68.75,687.5,128,90.62,9.38,5.37,10.34,-300.0,70.0,
1000,"[-5, -9, -13, -17, -21, -25]",-5,4,6,6,30,67.0,670.0,173,94.22,5.78,3.87,7.86,-300.0,60.0,
1000,"[-8, -12, -16]",-8,4,3,7,30,67.0,670.0,107,88.79,11.21,6.26,9.98,-300.0,70.0,
1000,"[-5, -10, -15]",-5,5,3,4,30,66.6667,666.67,216,94.44,5.56,3.09,5.72,-300.0,40.0,
1000,"[-5, -8, -11, -14]",-5,3,4,6,30,64.5,645.0,152,91.45,8.55,4.24,9.33,-300.0,60.0,
1000,"[-7, -11, -15]",-7,4,3,5,30,61.6667,616.67,162,92.59,7.41,3.81,6.19,-300.0,50.0,
1000,"[-6, -11, -16]",-6,5,3,3,30,61.0,610.0,266,96.24,3.76,2.29,3.3,-300.0,30.0,
1000,"[-6, -11, -16]",-6,5,3,6,30,60.0,600.0,134,91.04,8.96,4.48,9.66,-300.0,60.0,
1000,"[-7, -11, -15]",-7,4,3,7,30,60.0,600.0,108,88.89,11.11,5.56,11.47,-300.0,70.0,
1000,"[-7, -12, -17]",-7,5,3,7,30,60.0,600.0,114,89.47,10.53,5.26,10.7,-300.0,70.0,
1000,"[-5, -8, -11, -14, -17, -20]",-5,3,6,5,30,58.3333,583.33,208,94.71,5.29,2.8,6.18,-300.0,50.0,
1000,"[-7, -10, -13, -16]",-7,3,4,7,30,58.25,582.5,113,89.38,10.62,5.15,10.66,-300.0,70.0,
1000,"[-7, -11, -15]",-7,4,3,6,30,58.0,580.0,127,90.55,9.45,4.57,9.17,-300.0,60.0,
1000,"[-6, -10, -14, -18, -22]",-6,4,5,7,30,57.8,578.0,134,91.79,8.21,4.31,9.72,-300.0,70.0,
1000,"[-5, -9, -13, -17]",-5,4,4,5,30,57.5,575.0,188,93.62,6.38,3.06,7.0,-300.0,50.0,
1000,"[-5, -9, -13, -17, -21]",-5,4,5,5,30,57.0,570.0,204,94.61,5.39,2.79,6.31,-300.0,50.0,
1000,"[-6, -9, -12, -15]",-6,3,4,6,30,57.0,570.0,138,91.3,8.7,4.13,9.26,-300.0,60.0,
1000,"[-5, -8, -11, -14, -17]",-5,3,5,4,30,56.0,560.0,260,95.38,4.62,2.15,4.39,-300.0,40.0,
1000,"[-6, -10, -14, -18, -22]",-6,4,5,5,30,56.0,560.0,183,94.54,5.46,3.06,6.14,-300.0,50.0,
1000,"[-5, -10, -15, -20]",-5,5,4,5,30,55.0,550.0,187,94.12,5.88,2.94,7.09,-300.0,50.0,
1000,"[-5, -9, -13, -17]",-5,4,4,4,30,54.0,540.0,244,95.08,4.92,2.21,4.82,-300.0,40.0,
1000,"[-8, -11, -14]",-8,3,3,6,30,54.0,540.0,121,90.08,9.92,4.46,8.15,-300.0,60.0,
1000,"[-6, -9, -12, -15, -18]",-6,3,5,7,30,53.0,530.0,129,90.7,9.3,4.11,10.24,-300.0,70.0,
1000,"[-8, -11, -14]",-8,3,3,7,30,53.0,530.0,98,87.76,12.24,5.41,11.15,-300.0,70.0,
1000,"[-6, -9, -12, -15]",-6,3,4,7,30,51.0,510.0,124,89.52,10.48,4.11,10.86,-300.0,70.0,
1000,"[-6, -10, -14, -18]",-6,4,4,4,30,51.0,510.0,229,95.2,4.8,2.23,4.19,-300.0,40.0,
1000,"[-5, -10, -15, -20, -25]",-5,5,5,6,30,49.2,492.0,161,93.79,6.21,3.06,8.5,-300.0,60.0,
1000,"[-6, -10, -14]",-6,4,3,5,30,48.3333,483.33,151,92.05,7.95,3.2,7.96,-300.0,50.0,
1000,"[-7, -10, -13]",-7,3,3,4,30,48.0,480.0,190,93.68,6.32,2.53,4.46,-300.0,40.0,
1000,"[-7, -10, -13, -16, -19, -22]",-7,3,6,6,30,48.0,480.0,141,92.91,7.09,3.4,7.5,-300.0,60.0,
1000,"[-5, -10, -15, -20]",-5,5,4,7,30,47.75,477.5,135,91.11,8.89,3.54,10.69,-300.0,70.0,
1000,"[-6, -9, -12, -15]",-6,3,4,4,30,47.0,470.0,226,94.69,5.31,2.08,4.3,-300.0,40.0,
1000,"[-6, -9, -12, -15, -18]",-6,3,5,6,30,46.8,468.0,155,92.26,7.74,3.02,8.01,-300.0,60.0,
1000,"[-6, -11, -16]",-6,5,3,5,30,46.6667,466.67,162,92.59,7.41,2.88,7.42,-300.0,50.0,
1000,"[-5, -8, -11, -14, -17, -20]",-5,3,6,7,30,46.0,460.0,141,91.49,8.51,3.26,10.15,-300.0,70.0,
1000,"[-5, -8, -11, -14, -17, -20]",-5,3,6,4,30,45.3333,453.33,270,95.93,4.07,1.68,4.17,-300.0,40.0,
1000,"[-6, -11, -16, -21]",-6,5,4,6,30,45.0,450.0,144,92.36,7.64,3.13,8.72,-300.0,60.0,
1000,"[-5, -9, -13, -17, -21]",-5,4,5,7,30,44.6,446.0,140,91.43,8.57,3.19,10.26,-300.0,70.0,
1000,"[-5, -9, -13, -17, -21]",-5,4,5,6,30,44.4,444.0,170,92.94,7.06,2.61,8.04,-300.0,60.0,
1000,"[-6, -10, -14, -18, -22, -26]",-6,4,6,7,30,44.1667,441.67,136,92.65,7.35,3.25,9.53,-300.0,70.0,
1000,"[-6, -10, -14]",-6,4,3,3,30,44.0,440.0,265,95.85,4.15,1.66,3.12,-300.0,30.0,
1000,"[-5, -10, -15, -20]",-5,5,4,3,30,43.5,435.0,318,96.86,3.14,1.37,3.1,-300.0,30.0,
1000,"[-7, -12, -17, -22]",-7,5,4,6,30,43.5,435.0,132,92.42,7.58,3.3,8.48,-300.0,60.0,
1000,"[-8, -13, -18, -23]",-8,5,4,7,30,43.0,430.0,111,90.99,9.01,3.87,9.26,-300.0,70.0,
1000,"[-5, -8, -11, -14, -17]",-5,3,5,3,30,42.0,420.0,344,96.8,3.2,1.22,2.73,-300.0,30.0,
1000,"[-6, -10, -14, -18]",-6,4,4,6,30,42.0,420.0,144,91.67,8.33,2.92,8.67,-300.0,60.0,
1000,"[-7, -10, -13]",-7,3,3,3,30,42.0,420.0,225,95.56,4.44,1.87,2.85,-300.0,30.0,
1000,"[-7, -11, -15, -19, -23]",-7,4,5,6,30,42.0,420.0,141,92.91,7.09,2.98,7.76,-300.0,60.0,
1000,"[-8, -13, -18]",-8,5,3,7,30,41.3333,413.33,110,89.09,10.91,3.76,9.41,-300.0,70.0,
1000,"[-7, -10, -13, -16]",-7,3,4,5,30,41.25,412.5,172,93.02,6.98,2.4,5.43,-300.0,50.0,
1000,"[-7, -10, -13, -16, -19]",-7,3,5,7,30,40.4,404.0,123,90.24,9.76,3.28,9.52,-300.0,70.0,
1000,"[-6, -9, -12, -15, -18, -21]",-6,3,6,6,30,40.0,400.0,158,93.04,6.96,2.53,7.73,-300.0,60.0,
1000,"[-6, -10, -14, -18]",-6,4,4,5,30,40.0,400.0,177,93.22,6.78,2.26,6.41,-300.0,50.0,
1000,"[-6, -11, -16]",-6,5,3,4,30,40.0,400.0,214,94.39,5.61,1.87,4.77,-300.0,40.0,
1000,"[-6, -9, -12, -15, -18]",-6,3,5,4,30,38.0,380.0,237,95.36,4.64,1.6,3.91,-300.0,40.0,
1000,"[-7, -12, -17]",-7,5,3,6,30,38.0,380.0,128,90.62,9.38,2.97,8.9,-300.0,60.0,
1000,"[-5, -9, -13, -17, -21, -25]",-5,4,6,5,30,37.5,375.0,205,95.12,4.88,1.83,6.28,-300.0,50.0,
1000,"[-5, -9, -13, -17, -21, -25]",-5,4,6,7,30,35.1667,351.67,144,92.36,7.64,2.44,9.9,-300.0,70.0,
1000,"[-5, -9, -13, -17, -21]",-5,4,5,3,30,34.8,348.0,350,97.14,2.86,0.99,2.66,-300.0,30.0,
1000,"[-7, -11, -15, -19]",-7,4,4,3,30,33.75,337.5,243,96.71,3.29,1.39,2.66,-300.0,30.0,
1000,"[-5, -10, -15, -20]",-5,5,4,4,30,33.0,330.0,229,95.2,4.8,1.44,5.27,-300.0,40.0,
1000,"[-7, -10, -13, -16, -19, -22]",-7,3,6,7,30,32.8333,328.33,125,91.2,8.8,2.63,9.26,-300.0,70.0,
1000,"[-6, -9, -12, -15]",-6,3,4,5,30,32.5,325.0,161,92.55,7.45,2.02,7.32,-300.0,50.0,
1000,"[-7, -11, -15, -19]",-7,4,4,5,30,32.5,325.0,166,93.37,6.63,1.96,5.88,-300.0,50.0,
1000,"[-7, -12, -17, -22]",-7,5,4,7,30,32.25,322.5,119,90.76,9.24,2.71,10.05,-300.0,70.0,
1000,"[-6, -9, -12]",-6,3,3,3,30,32.0,320.0,256,95.31,4.69,1.25,3.38,-300.0,30.0,
1000,"[-7, -10, -13, -16, -19]",-7,3,5,5,30,32.0,320.0,176,93.75,6.25,1.82,5.2,-300.0,50.0,
1000,"[-6, -11, -16, -21]",-6,5,4,4,30,31.0,310.0,217,95.39,4.61,1.43,4.49,-300.0,40.0,
1000,"[-5, -8, -11, -14, -17, -20]",-5,3,6,6,30,30.0,300.0,166,92.77,7.23,1.81,8.29,-300.0,60.0,
1000,"[-5, -10, -15, -20]",-5,5,4,6,30,30.0,300.0,156,92.31,7.69,1.92,8.93,-300.0,60.0,
1000,"[-8, -11, -14, -17]",-8,3,4,5,30,30.0,300.0,149,92.62,7.38,2.01,5.32,-300.0,50.0,
1000,"[-8, -12, -16, -20]",-8,4,4,5,30,30.0,300.0,152,93.42,6.58,1.97,5.32,-300.0,50.0,
1000,"[-6, -9, -12, -15, -18, -21]",-6,3,6,4,30,29.3333,293.33,244,95.9,4.1,1.2,3.71,-300.0,40.0,
1000,"[-6, -9, -12, -15, -18, -21]",-6,3,6,5,30,29.1667,291.67,194,94.33,5.67,1.5,5.64,-300.0,50.0,
1000,"[-7, -10, -13, -16]",-7,3,4,6,30,28.5,285.0,126,90.48,9.52,2.26,8.83,-300.0,60.0,
1000,"[-8, -13, -18]",-8,5,3,5,30,28.3333,283.33,144,92.36,7.64,1.97,5.47,-300.0,50.0,
1000,"[-5, -10, -15, -20, -25]",-5,5,5,5,30,28.0,280.0,189,94.71,5.29,1.48,6.91,-300.0,50.0,
1000,"[-6, -9, -12, -15, -18]",-6,3,5,5,30,28.0,280.0,184,93.48,6.52,1.52,6.07,-300.0,50.0,
1000,"[-8, -11, -14]",-8,3,3,3,30,28.0,280.0,188,95.21,4.79,1.49,2.84,-300.0,30.0,
1000,"[-6, -10, -14, -18]",-6,4,4,3,30,27.0,270.0,283,96.47,3.53,0.95,2.71,-300.0,30.0,
1000,"[-7, -11, -15, -19]",-7,4,4,6,30,27.0,270.0,140,91.43,8.57,1.93,7.97,-300.0,60.0,
1000,"[-8, -11, -14, -17, -20, -23]",-8,3,6,7,30,26.6667,266.67,112,91.07,8.93,2.38,9.04,-300.0,70.0,
1000,"[-7, -11, -15, -19]",-7,4,4,4,30,26.0,260.0,199,94.97,5.03,1.31,4.34,-300.0,40.0,
1000,"[-7, -12, -17]",-7,5,3,4,30,26.0,260.0,193,94.3,5.7,1.35,4.42,-300.0,40.0,
1000,"[-6, -10, -14, -18, -22]",-6,4,5,6,30,25.2,252.0,149,92.62,7.38,1.69,8.25,-300.0,60.0,
1000,"[-8, -11, -14, -17]",-8,3,4,7,30,25.0,250.0,105,88.57,11.43,2.38,9.99,-300.0,70.0,
1000,"[-5, -8, -11, -14, -17, -20]",-5,3,6,3,30,24.0,240.0,350,97.14,2.86,0.69,2.63,-300.0,30.0,
1000,"[-8, -12, -16]",-8,4,3,6,30,24.0,240.0,118,89.83,10.17,2.03,8.34,-300.0,60.0,
1000,"[-6, -10, -14, -18, -22]",-6,4,5,4,30,22.4,224.0,232,95.69,4.31,0.97,4.11,-300.0,40.0,
1000,"[-8, -11, -14]",-8,3,3,5,30,21.6667,216.67,136,91.18,8.82,1.59,6.38,-300.0,50.0,
1000,"[-7, -10, -13, -16, -19]",-7,3,5,4,30,21.6,216.0,207,95.17,4.83,1.04,3.83,-300.0,40.0,
1000,"[-8, -13, -18, -23]",-8,5,4,6,30,21.0,210.0,129,92.25,7.75,1.63,7.12,-300.0,60.0,
1000,"[-8, -12, -16, -20, -24]",-8,4,5,7,30,20.6,206.0,111,90.99,9.01,1.86,9.19,-300.0,70.0,
1000,"[-7, -10, -13, -16, -19, -22]",-7,3,6,5,30,20.0,200.0,177,94.35,5.65,1.13,5.21,-300.0,50.0,
1000,"[-8, -13, -18]",-8,5,3,6,30,20.0,200.0,127,90.55,9.45,1.57,7.32,-300.0,60.0,
1000,"[-6, -11, -16, -21]",-6,5,4,7,30,19.75,197.5,126,90.48,9.52,1.57,10.52,-300.0,70.0,
1000,"[-8, -11, -14, -17]",-8,3,4,3,30,19.5,195.0,199,95.98,4.02,0.98,2.42,-300.0,30.0,
1000,"[-7, -12, -17]",-7,5,3,5,30,18.3333,183.33,157,92.36,7.64,1.17,6.37,-300.0,50.0,
1000,"[-8, -12, -16]",-8,4,3,5,30,18.3333,183.33,146,91.78,8.22,1.26,5.57,-300.0,50.0,
1000,"[-6, -9, -12, -15, -18, -21]",-6,3,6,7,30,18.0,180.0,134,91.04,8.96,1.34,9.74,-300.0,70.0,
1000,"[-7, -11, -15, -19]",-7,4,4,7,30,18.0,180.0,114,89.47,10.53,1.58,10.57,-300.0,70.0,
1000,"[-6, -11, -16, -21]",-6,5,4,5,30,16.25,162.5,168,93.45,6.55,0.97,6.97,-300.0,50.0,
1000,"[-8, -11, -14, -17, -20]",-8,3,5,5,30,16.0,160.0,152,93.42,6.58,1.05,5.14,-300.0,50.0,
1000,"[-5, -9, -13, -17, -21, -25]",-5,4,6,4,30,14.6667,146.67,259,96.14,3.86,0.57,4.45,-300.0,40.0,
1000,"[-6, -10, -14, -18, -22, -26]",-6,4,6,6,30,14.0,140.0,151,93.38,6.62,0.93,8.14,-300.0,60.0,
1000,"[-7, -12, -17, -22]",-7,5,4,5,30,13.75,137.5,157,93.63,6.37,0.88,6.32,-300.0,50.0,
1000,"[-8, -13, -18]",-8,5,3,4,30,13.3333,133.33,163,93.87,6.13,0.82,4.35,-300.0,40.0,
1000,"[-7, -10, -13, -16, -19]",-7,3,5,6,30,13.2,132.0,137,91.24,8.76,0.96,7.82,-300.0,60.0,
1000,"[-6, -11, -16, -21, -26]",-6,5,5,6,30,12.0,120.0,144,93.06,6.94,0.83,8.7,-300.0,60.0,
1000,"[-8, -11, -14, -17, -20]",-8,3,5,6,30,12.0,120.0,131,91.6,8.4,0.92,7.02,-300.0,60.0,
1000,"[-8, -11, -14, -17]",-8,3,4,6,30,10.5,105.0,127,90.55,9.45,0.83,7.46,-300.0,60.0,
1000,"[-8, -12, -16, -20]",-8,4,4,6,30,10.5,105.0,126,91.27,8.73,0.83,7.42,-300.0,60.0,
1000,"[-6, -10, -14, -18]",-6,4,4,3,25,10.25,102.5,293,95.56,4.44,0.35,2.52,-250.0,30.0,
1000,"[-6, -9, -12, -15]",-6,3,4,3,30,9.75,97.5,271,95.94,4.06,0.36,3.06,-300.0,30.0,
1000,"[-5, -10, -15, -20, -25, -30]",-5,5,6,7,30,9.1667,91.67,141,92.91,7.09,0.65,10.16,-300.0,58.33,
1000,"[-7, -11, -15, -19, -23]",-7,4,5,5,30,8.0,80.0,168,94.05,5.95,0.48,5.73,-300.0,50.0,
1000,"[-7, -11, -15]",-7,4,3,4,30,6.6667,66.67,186,93.55,6.45,0.36,4.82,-300.0,40.0,
1000,"[-5, -8, -11]",-5,3,3,7,25,5.0,50.0,169,85.21,14.79,0.3,8.4,-250.0,70.0,
1000,"[-8, -11, -14, -17, -20, -23]",-8,3,6,6,30,5.0,50.0,132,92.42,7.58,0.38,6.97,-300.0,60.0,
1000,"[-5, -10, -15, -20, -25]",-5,5,5,4,30,4.8,48.0,231,95.67,4.33,0.21,5.16,-300.0,40.0,
1000,"[-5, -8, -11, -14]",-5,3,4,3,25,4.75,47.5,344,95.06,4.94,0.14,2.75,-250.0,30.0,
1000,"[-7, -11, -15, -19, -23]",-7,4,5,7,30,3.2,32.0,117,90.6,9.4,0.27,10.21,-300.0,70.0,
1000,"[-6, -9, -12, -15, -18]",-6,3,5,3,30,2.4,24.0,279,96.42,3.58,0.09,2.86,-300.0,30.0,
1000,"[-8, -12, -16]",-8,4,3,4,30,2.0,20.0,166,93.37,6.63,0.12,4.2,-300.0,40.0,
1000,"[-6, -10, -14, -18, -22, -26]",-6,4,6,5,30,0.0,0.0,183,94.54,5.46,0.0,6.12,-300.0,50.0,
1000,"[-7, -10, -13, -16]",-7,3,4,3,30,-0.75,-7.5,247,95.95,4.05,-0.03,2.33,-300.0,30.0,
1000,"[-6, -11, -16, -21, -26]",-6,5,5,7,30,-1.0,-10.0,130,91.54,8.46,-0.08,10.12,-300.0,70.0,
1000,"[-8, -12, -16, -20]",-8,4,4,7,30,-1.25,-12.5,110,89.09,10.91,-0.11,9.45,-300.0,70.0,
1000,"[-5, -9, -13]",-5,4,3,3,25,-3.0,-30.0,336,94.35,5.65,-0.09,2.83,-250.0,30.0,
1000,"[-6, -11, -16]",-6,5,3,3,25,-6.0,-60.0,277,94.58,5.42,-0.22,2.99,-250.0,30.0,
1000,"[-7, -10, -13, -16]",-7,3,4,4,30,-6.0,-60.0,201,94.03,5.97,-0.3,3.94,-300.0,40.0,
1000,"[-7, -12, -17]",-7,5,3,3,30,-8.0,-80.0,222,95.5,4.5,-0.36,3.13,-300.0,30.0,
1000,"[-5, -8, -11]",-5,3,3,4,25,-8.6667,-86.67,261,91.57,8.43,-0.33,4.58,-250.0,40.0,
1000,"[-5, -10, -15, -20, -25, -30]",-5,5,6,6,30,-9.0,-90.0,161,93.79,6.21,-0.56,8.5,-300.0,50.0,
1000,"[-6, -11, -16, -21, -26, -31]",-6,5,6,6,30,-10.0,-100.0,144,93.06,6.94,-0.69,8.7,-300.0,50.0,
1000,"[-8, -13, -18, -23]",-8,5,4,5,30,-10.0,-100.0,145,93.1,6.9,-0.69,5.47,-300.0,50.0,
1000,"[-7, -11, -15, -19, -23]",-7,4,5,3,30,-10.8,-108.0,250,96.8,3.2,-0.43,2.4,-300.0,30.0,
1000,"[-5, -10, -15]",-5,5,3,3,25,-11.0,-110.0,331,94.56,5.44,-0.33,2.88,-250.0,30.0,
1000,"[-7, -11, -15]",-7,4,3,3,25,-12.0,-120.0,240,94.17,5.83,-0.5,2.73,-250.0,30.0,
1000,"[-8, -12, -16, -20, -24]",-8,4,5,6,30,-12.0,-120.0,125,92.0,8.0,-0.96,7.46,-300.0,60.0,
1000,"[-6, -11, -16, -21]",-6,5,4,3,30,-12.75,-127.5,275,96.36,3.64,-0.46,2.99,-300.0,30.0,
1000,"[-6, -9, -12, -15, -18]",-6,3,5,3,25,-13.0,-130.0,291,95.53,4.47,-0.45,2.64,-250.0,30.0,
1000,"[-6, -10, -14]",-6,4,3,3,25,-13.0,-130.0,278,94.24,5.76,-0.47,2.77,-250.0,30.0,
1000,"[-7, -11, -15, -19, -23, -27]",-7,4,6,6,30,-13.0,-130.0,141,92.91,7.09,-0.92,7.76,-300.0,60.0,
1000,"[-7, -11, -15, -19, -23, -27]",-7,4,6,3,30,-13.5,-135.0,250,97.2,2.8,-0.54,2.4,-300.0,30.0,
1000,"[-5, -8, -11, -14, -17]",-5,3,5,4,25,-14.8,-148.0,284,93.66,6.34,-0.52,3.89,-250.0,40.0,
1000,"[-6, -11, -16, -21, -26]",-6,5,5,5,30,-15.0,-150.0,167,94.01,5.99,-0.9,7.01,-300.0,50.0,
1000,"[-8, -11, -14, -17, -20]",-8,3,5,7,30,-15.6,-156.0,109,88.99,11.01,-1.43,9.4,-300.0,70.0,
1000,"[-7, -12, -17, -22]",-7,5,4,4,30,-16.0,-160.0,194,94.85,5.15,-0.82,4.42,-300.0,40.0,
1000,"[-7, -10, -13, -16, -19]",-7,3,5,3,30,-16.2,-162.0,247,96.36,3.64,-0.66,2.27,-300.0,30.0,
1000,"[-5, -9, -13, -17, -21, -25]",-5,4,6,3,30,-17.5,-175.0,352,97.16,2.84,-0.5,2.63,-300.0,30.0,
1000,"[-5, -10, -15, -20, -25]",-5,5,5,3,30,-18.0,-180.0,323,96.9,3.1,-0.56,3.02,-300.0,30.0,
1000,"[-8, -11, -14, -17]",-8,3,4,4,30,-18.0,-180.0,178,93.82,6.18,-1.01,3.76,-300.0,40.0,
1000,"[-7, -10, -13]",-7,3,3,3,25,-20.0,-200.0,235,93.62,6.38,-0.85,2.59,-250.0,30.0,
1000,"[-8, -11, -14]",-8,3,3,4,30,-20.0,-200.0,161,92.55,7.45,-1.24,4.59,-300.0,40.0,
1000,"[-5, -9, -13, -17]",-5,4,4,3,25,-21.5,-215.0,357,95.24,4.76,-0.6,2.54,-250.0,30.0,
1000,"[-7, -12, -17, -22, -27]",-7,5,5,6,30,-21.6,-216.0,132,92.42,7.58,-1.64,8.45,-300.0,60.0,
1000,"[-7, -10, -13, -16, -19, -22]",-7,3,6,4,30,-22.6667,-226.67,210,95.24,4.76,-1.08,3.73,-300.0,40.0,
1000,"[-8, -11, -14, -17, -20]",-8,3,5,3,30,-22.8,-228.0,205,96.1,3.9,-1.11,2.13,-300.0,30.0,
1000,"[-5, -8, -11, -14, -17]",-5,3,5,3,25,-23.8,-238.0,356,95.51,4.49,-0.67,2.56,-250.0,30.0,
1000,"[-8, -12, -16, -20]",-8,4,4,4,30,-24.0,-240.0,173,94.22,5.78,-1.39,3.72,-300.0,40.0,
1000,"[-8, -13, -18, -23, -28]",-8,5,5,7,30,-24.2,-242.0,111,90.99,9.01,-2.18,9.26,-300.0,70.0,
1000,"[-6, -9, -12, -15]",-6,3,4,3,25,-24.75,-247.5,282,94.68,5.32,-0.88,2.79,-250.0,30.0,
1000,"[-6, -11, -16, -21, -26, -31]",-6,5,6,7,30,-25.8333,-258.33,130,91.54,8.46,-1.99,10.12,-300.0,58.33,
1000,"[-6, -11, -16, -21, -26]",-6,5,5,4,30,-26.4,-264.0,221,95.48,4.52,-1.19,4.39,-300.0,40.0,
1000,"[-5, -10, -15, -20, -25, -30]",-5,5,6,5,30,-26.6667,-266.67,189,94.71,5.29,-1.41,6.91,-300.0,41.67,
1000,"[-5, -8, -11, -14]",-5,3,4,4,25,-27.0,-270.0,269,92.57,7.43,-1.0,4.27,-250.0,40.0,
1000,"[-8, -11, -14, -17, -20, -23]",-8,3,6,5,30,-27.5,-275.0,153,93.46,6.54,-1.8,5.06,-300.0,50.0,
1000,"[-7, -12, -17, -22, -27]",-7,5,5,7,30,-29.0,-290.0,122,90.98,9.02,-2.38,9.75,-300.0,70.0,
1000,"[-6, -10, -14, -18, -22, -26]",-6,4,6,4,30,-29.3333,-293.33,233,95.71,4.29,-1.26,4.08,-300.0,40.0,
1000,"[-5, -9, -13, -17]",-5,4,4,4,25,-30.0,-300.0,277,93.14,6.86,-1.08,4.06,-250.0,40.0,
1000,"[-7, -11, -15, -19, -23]",-7,4,5,4,30,-30.4,-304.0,201,95.02,4.98,-1.51,4.26,-300.0,40.0,
1000,"[-6, -10, -14, -18, -22]",-6,4,5,3,30,-30.6,-306.0,287,96.52,3.48,-1.07,2.64,-300.0,30.0,
1000,"[-8, -12, -16, -20, -24, -28]",-8,4,6,7,30,-31.6667,-316.67,111,90.99,9.01,-2.85,9.19,-300.0,70.0,
1000,"[-8, -11, -14, -17, -20]",-8,3,5,4,30,-32.0,-320.0,180,94.44,5.56,-1.78,3.53,-300.0,40.0,
1000,"[-6, -11, -16, -21, -26, -31]",-6,5,6,5,30,-32.5,-325.0,167,94.01,5.99,-1.95,7.01,-300.0,41.67,
1000,"[-7, -10, -13]",-7,3,3,4,25,-32.6667,-326.67,200,91.0,9.0,-1.63,4.07,-250.0,40.0,
1000,"[-7, -10, -13, -16]",-7,3,4,4,25,-33.0,-330.0,209,92.34,7.66,-1.58,3.65,-250.0,40.0,
1000,"[-7, -12, -17, -22]",-7,5,4,3,30,-33.0,-330.0,229,96.07,3.93,-1.44,2.92,-300.0,30.0,
1000,"[-7, -12, -17, -22, -27, -32]",-7,5,6,6,30,-33.0,-330.0,132,92.42,7.58,-2.5,8.45,-300.0,50.0,
1000,"[-8, -12, -16, -20, -24]",-8,4,5,5,30,-33.0,-330.0,152,93.42,6.58,-2.17,5.3,-300.0,50.0,
1000,"[-8, -13, -18, -23, -28, -33]",-8,5,6,7,30,-35.1667,-351.67,111,90.99,9.01,-3.17,9.26,-300.0,58.33,
1000,"[-7, -12, -17]",-7,5,3,3,25,-39.0,-390.0,236,94.07,5.93,-1.65,2.82,-250.0,30.0,
1000,"[-7, -12, -17, -22, -27, -32]",-7,5,6,7,30,-39.1667,-391.67,122,90.98,9.02,-3.21,9.75,-300.0,58.33,
1000,"[-6, -9, -12, -15, -18, -21]",-6,3,6,3,30,-39.5,-395.0,284,96.48,3.52,-1.39,2.71,-300.0,30.0,
1000,"[-8, -13, -18, -23, -28]",-8,5,5,6,30,-39.6,-396.0,130,92.31,7.69,-3.05,7.05,-300.0,60.0,
1000,"[-7, -11, -15]",-7,4,3,5,25,-40.0,-400.0,176,89.2,10.8,-2.27,5.39,-250.0,50.0,
1000,"[-7, -11, -15, -19, -23, -27]",-7,4,6,5,30,-40.8333,-408.33,169,94.08,5.92,-2.42,5.69,-300.0,50.0,
1000,"[-6, -11, -16, -21, -26, -31]",-6,5,6,4,30,-42.0,-420.0,221,95.48,4.52,-1.9,4.39,-300.0,33.33,
1000,"[-5, -8, -11, -14, -17, -20]",-5,3,6,4,25,-42.3333,-423.33,287,94.08,5.92,-1.48,3.84,-250.0,40.0,
1000,"[-7, -12, -17, -22, -27]",-7,5,5,5,30,-43.0,-430.0,159,93.71,6.29,-2.7,6.22,-300.0,50.0,
1000,"[-6, -9, -12]",-6,3,3,3,25,-44.0,-440.0,275,93.45,6.55,-1.6,2.91,-250.0,30.0,
1000,"[-7, -11, -15, -19, -23, -27]",-7,4,6,7,30,-44.1667,-441.67,119,90.76,9.24,-3.71,9.99,-300.0,70.0,
1000,"[-8, -12, -16]",-8,4,3,3,25,-45.0,-450.0,197,93.4,6.6,-2.28,2.53,-250.0,30.0,
1000,"[-8, -13, -18]",-8,5,3,3,30,-45.0,-450.0,194,94.85,5.15,-2.32,2.6,-300.0,30.0,
1000,"[-7, -10, -13, -16]",-7,3,4,3,25,-45.5,-455.0,249,94.38,5.62,-1.83,2.25,-250.0,30.0,
1000,"[-5, -10, -15, -20, -25, -30]",-5,5,6,4,30,-46.0,-460.0,231,95.67,4.33,-1.99,5.16,-300.0,33.33,
1000,"[-5, -9, -13]",-5,4,3,5,25,-50.0,-500.0,229,89.52,10.48,-2.18,5.62,-250.0,50.0,
1000,"[-8, -13, -18, -23]",-8,5,4,4,30,-50.0,-500.0,168,94.05,5.95,-2.98,3.98,-300.0,40.0,
1000,"[-7, -10, -13, -16, -19, -22]",-7,3,6,3,30,-50.5,-505.0,253,96.44,3.56,-2.0,2.05,-300.0,30.0,
1000,"[-6, -10, -14]",-6,4,3,4,25,-50.6667,-506.67,235,91.49,8.51,-2.16,4.02,-250.0,40.0,
1000,"[-6, -10, -14, -18, -22]",-6,4,5,3,25,-50.8,-508.0,296,95.61,4.39,-1.72,2.47,-250.0,30.0,
1000,"[-7, -12, -17, -22, -27, -32]",-7,5,6,5,30,-50.8333,-508.33,159,93.71,6.29,-3.2,6.22,-300.0,41.67,
1000,"[-8, -13, -18, -23, -28, -33]",-8,5,6,6,30,-53.0,-530.0,130,92.31,7.69,-4.08,7.05,-300.0,50.0,
1000,"[-5, -9, -13]",-5,4,3,4,25,-54.0,-540.0,256,91.41,8.59,-2.11,4.6,-250.0,40.0,
1000,"[-8, -11, -14, -17, -20, -23]",-8,3,6,3,30,-55.5,-555.0,206,96.12,3.88,-2.69,2.07,-300.0,30.0,
1000,"[-5, -8, -11]",-5,3,3,6,25,-56.0,-560.0,195,86.67,13.33,-2.87,7.05,-250.0,60.0,
1000,"[-8, -12, -16, -20, -24, -28]",-8,4,6,6,30,-56.0,-560.0,126,92.06,7.94,-4.44,7.4,-300.0,60.0,
1000,"[-7, -10, -13, -16, -19]",-7,3,5,4,25,-56.6,-566.0,213,92.96,7.04,-2.66,3.55,-250.0,40.0,
1000,"[-6, -9, -12, -15]",-6,3,4,4,25,-57.0,-570.0,242,92.15,7.85,-2.36,3.76,-250.0,40.0,
1000,"[-6, -11, -16, -21]",-6,5,4,3,25,-57.5,-575.0,282,95.04,4.96,-2.04,2.78,-250.0,30.0,
1000,"[-5, -8, -11]",-5,3,3,3,25,-58.0,-580.0,317,93.38,6.62,-1.83,3.26,-250.0,30.0,
1000,"[-6, -9, -12, -15, -18, -21]",-6,3,6,3,25,-58.5,-585.0,295,95.59,4.41,-1.98,2.52,-250.0,30.0,
1000,"[-8, -13, -18]",-8,5,3,4,25,-59.0,-590.0,173,91.33,8.67,-3.41,3.88,-250.0,40.0,
1000,"[-7, -12, -17]",-7,5,3,4,25,-61.0,-610.0,204,91.67,8.33,-2.99,3.99,-250.0,40.0,
1000,"[-8, -12, -16]",-8,4,3,3,30,-61.0,-610.0,191,94.24,5.76,-3.19,2.68,-300.0,30.0,
1000,"[-5, -9, -13]",-5,4,3,7,25,-62.6667,-626.67,166,84.94,15.06,-3.78,8.52,-250.0,70.0,
1000,"[-6, -9, -12, -15, -18]",-6,3,5,5,25,-63.0,-630.0,210,90.95,9.05,-3.0,5.05,-250.0,50.0,
1000,"[-8, -12, -16]",-8,4,3,5,25,-63.3333,-633.33,154,88.31,11.69,-4.11,5.01,-250.0,50.0,
1000,"[-5, -10, -15, -20, -25, -30]",-5,5,6,3,30,-65.0,-650.0,323,96.9,3.1,-2.01,3.02,-300.0,25.0,
1000,"[-8, -11, -14, -17]",-8,3,4,4,25,-65.0,-650.0,178,91.57,8.43,-3.65,3.68,-250.0,40.0,
1000,"[-6, -9, -12]",-6,3,3,5,25,-66.6667,-666.67,195,88.21,11.79,-3.42,5.79,-250.0,50.0,
1000,"[-6, -10, -14, -18, -22, -26]",-6,4,6,3,25,-67.3333,-673.33,296,95.61,4.39,-2.27,2.47,-250.0,25.0,
1000,"[-6, -10, -14, -18]",-6,4,4,4,25,-68.0,-680.0,244,92.62,7.38,-2.79,3.69,-250.0,40.0,
1000,"[-8, -13, -18, -23, -28]",-8,5,5,5,30,-68.0,-680.0,145,93.1,6.9,-4.69,5.47,-300.0,40.0,
1000,"[-8, -11, -14, -17]",-8,3,4,3,25,-68.5,-685.0,204,93.63,6.37,-3.36,2.24,-250.0,30.0,
1000,"[-8, -11, -14, -17, -20, -23]",-8,3,6,4,30,-68.6667,-686.67,183,94.54,5.46,-3.75,3.27,-300.0,40.0,
1000,"[-6, -11, -16, -21, -26]",-6,5,5,3,30,-69.6,-696.0,275,96.36,3.64,-2.53,2.99,-300.0,30.0,
1000,"[-7, -12, -17, -22, -27]",-7,5,5,4,30,-70.4,-704.0,195,94.87,5.13,-3.61,4.38,-300.0,40.0,
1000,"[-8, -12, -16]",-8,4,3,4,25,-70.6667,-706.67,169,90.53,9.47,-4.18,3.95,-250.0,40.0,
1000,"[-5, -9, -13, -17]",-5,4,4,7,25,-71.0,-710.0,173,86.71,13.29,-4.1,8.15,-250.0,70.0,
1000,"[-7, -11, -15]",-7,4,3,4,25,-71.3333,-713.33,198,90.91,9.09,-3.6,4.3,-250.0,40.0,
1000,"[-6, -11, -16, -21, -26, -31]",-6,5,6,3,25,-71.6667,-716.67,282,95.04,4.96,-2.54,2.78,-208.33,20.0,
1000,"[-5, -8, -11, -14, -17]",-5,3,5,7,25,-72.4,-724.0,178,87.08,12.92,-4.07,7.87,-250.0,70.0,
1000,"[-5, -9, -13, -17]",-5,4,4,5,25,-72.5,-725.0,236,90.68,9.32,-3.07,5.33,-250.0,50.0,
1000,"[-8, -12, -16, -20]",-8,4,4,5,25,-72.5,-725.0,158,89.87,10.13,-4.59,4.83,-250.0,50.0,
1000,"[-5, -9, -13, -17, -21]",-5,4,5,4,25,-73.2,-732.0,282,93.62,6.38,-2.6,3.97,-250.0,40.0,
1000,"[-8, -12, -16, -20, -24]",-8,4,5,4,30,-73.6,-736.0,176,94.32,5.68,-4.18,3.47,-300.0,40.0,
1000,"[-7, -11, -15, -19]",-7,4,4,6,25,-74.5,-745.0,155,87.74,12.26,-4.81,6.82,-250.0,60.0,
1000,"[-7, -11, -15, -19, -23, -27]",-7,4,6,4,30,-74.6667,-746.67,201,95.02,4.98,-3.71,4.26,-300.0,40.0,
1000,"[-6, -10, -14, -18, -22, -26]",-6,4,6,3,30,-75.5,-755.0,287,96.52,3.48,-2.63,2.64,-300.0,25.0,
1000,"[-7, -11, -15, -19]",-7,4,4,4,25,-76.0,-760.0,206,92.23,7.77,-3.69,4.04,-250.0,40.0,
1000,"[-6, -9, -12, -15]",-6,3,4,5,25,-76.25,-762.5,201,89.55,10.45,-3.79,5.47,-250.0,50.0,
1000,"[-5, -8, -11, -14, -17, -20]",-5,3,6,3,25,-76.5,-765.0,362,95.58,4.42,-2.11,2.45,-250.0,30.0,
1000,"[-8, -13, -18, -23, -28, -33]",-8,5,6,5,30,-76.6667,-766.67,145,93.1,6.9,-5.29,5.47,-300.0,33.33,
1000,"[-8, -12, -16, -20, -24, -28]",-8,4,6,5,30,-77.5,-775.0,152,93.42,6.58,-5.1,5.3,-300.0,41.67,
1000,"[-8, -13, -18, -23, -28, -33]",-8,5,6,4,25,-78.5,-785.0,177,92.09,7.91,-4.44,3.71,-208.33,26.67,
1000,"[-7, -12, -17, -22, -27, -32]",-7,5,6,4,30,-78.6667,-786.67,195,94.87,5.13,-4.03,4.38,-300.0,33.33,
1000,"[-6, -10, -14, -18]",-6,4,4,5,25,-78.75,-787.5,203,90.15,9.85,-3.88,5.3,-250.0,50.0,
1000,"[-5, -10, -15]",-5,5,3,7,25,-79.0,-790.0,173,85.55,14.45,-4.57,8.14,-250.0,70.0,
1000,"[-7, -12, -17, -22, -27]",-7,5,5,3,30,-79.8,-798.0,229,96.07,3.93,-3.48,2.92,-300.0,30.0,
1000,"[-5, -8, -11]",-5,3,3,5,25,-80.0,-800.0,225,88.44,11.56,-3.56,5.8,-250.0,50.0,
1000,"[-5, -9, -13]",-5,4,3,6,25,-80.0,-800.0,201,87.06,12.94,-3.98,6.75,-250.0,60.0,
1000,"[-8, -11, -14]",-8,3,3,3,25,-80.0,-800.0,194,92.27,7.73,-4.12,2.51,-250.0,30.0,
1000,"[-6, -9, -12, -15, -18]",-6,3,5,4,25,-80.4,-804.0,251,92.83,7.17,-3.2,3.46,-250.0,40.0,
1000,"[-7, -11, -15, -19]",-7,4,4,3,25,-80.75,-807.5,245,94.29,5.71,-3.3,2.45,-250.0,30.0,
1000,"[-8, -11, -14, -17, -20]",-8,3,5,3,25,-81.6,-816.0,210,94.29,5.71,-3.89,1.97,-250.0,30.0,
1000,"[-6, -11, -16, -21, -26, -31]",-6,5,6,3,30,-83.0,-830.0,275,96.36,3.64,-3.02,2.99,-300.0,25.0,
1000,"[-6, -9, -12, -15, -18, -21]",-6,3,6,5,25,-85.0,-850.0,213,91.55,8.45,-3.99,4.95,-250.0,50.0,
1000,"[-7, -11, -15, -19]",-7,4,4,5,25,-85.0,-850.0,179,89.94,10.06,-4.75,5.16,-250.0,50.0,
1000,"[-5, -10, -15]",-5,5,3,4,25,-86.0,-860.0,254,91.34,8.66,-3.39,4.57,-250.0,40.0,
1000,"[-6, -11, -16, -21, -26]",-6,5,5,3,25,-86.0,-860.0,282,95.04,4.96,-3.05,2.78,-250.0,24.0,
1000,"[-8, -12, -16, -20]",-8,4,4,3,30,-86.25,-862.5,194,94.85,5.15,-4.45,2.51,-300.0,30.0,
1000,"[-7, -12, -17, -22, -27, -32]",-7,5,6,3,30,-86.5,-865.0,229,96.07,3.93,-3.78,2.92,-300.0,25.0,
1000,"[-5, -10, -15]",-5,5,3,6,25,-87.0,-870.0,201,87.56,12.44,-4.33,6.76,-250.0,60.0,
1000,"[-7, -10, -13, -16]",-7,3,4,5,25,-90.0,-900.0,187,89.3,10.7,-4.81,4.72,-250.0,50.0,
1000,"[-8, -11, -14, -17]",-8,3,4,5,25,-90.0,-900.0,159,88.68,11.32,-5.66,4.72,-250.0,50.0,
1000,"[-7, -12, -17, -22, -27, -32]",-7,5,6,3,25,-91.0,-910.0,238,94.12,5.88,-3.82,2.77,-208.33,20.0,
1000,"[-8, -13, -18]",-8,5,3,5,25,-91.6667,-916.67,153,88.24,11.76,-5.99,4.88,-250.0,50.0,
1000,"[-6, -9, -12]",-6,3,3,4,25,-92.6667,-926.67,227,90.31,9.69,-4.08,4.22,-250.0,40.0,
1000,"[-5, -8, -11, -14]",-5,3,4,7,25,-93.0,-930.0,171,85.38,14.62,-5.44,8.21,-250.0,70.0,
1000,"[-8, -13, -18]",-8,5,3,3,25,-93.0,-930.0,200,93.0,7.0,-4.65,2.33,-250.0,30.0,
1000,"[-5, -9, -13, -17, -21]",-5,4,5,3,25,-93.8,-938.0,364,95.33,4.67,-2.58,2.43,-250.0,30.0,
1000,"[-8, -13, -18, -23, -28]",-8,5,5,4,25,-94.2,-942.0,177,92.09,7.91,-5.32,3.71,-250.0,32.0,
1000,"[-8, -13, -18, -23, -28, -33]",-8,5,6,3,25,-95.6667,-956.67,202,93.56,6.44,-4.74,2.26,-208.33,20.0,
1000,"[-7, -10, -13, -16, -19]",-7,3,5,3,25,-96.2,-962.0,252,94.44,5.56,-3.82,2.07,-250.0,30.0,
1000,"[-7, -10, -13]",-7,3,3,5,25,-96.6667,-966.67,178,87.64,12.36,-5.43,5.18,-250.0,50.0,
1000,"[-7, -12, -17]",-7,5,3,5,25,-96.6667,-966.67,178,88.76,11.24,-5.43,5.27,-250.0,50.0,
1000,"[-8, -13, -18, -23]",-8,5,4,4,25,-99.0,-990.0,177,92.09,7.91,-5.59,3.71,-250.0,40.0,
1000,"[-8, -13, -18, -23, -28]",-8,5,5,4,30,-100.0,-1000.0,168,94.05,5.95,-5.95,3.98,-300.0,32.0,
1000,"[-5, -9, -13, -17]",-5,4,4,6,25,-100.5,-1005.0,208,88.46,11.54,-4.83,6.46,-250.0,60.0,
1000,"[-8, -13, -18, -23]",-8,5,4,3,30,-101.25,-1012.5,197,94.92,5.08,-5.14,2.37,-300.0,30.0,
1000,"[-7, -11, -15, -19, -23, -27]",-7,4,6,3,25,-102.5,-1025.0,248,94.76,5.24,-4.13,2.38,-250.0,25.0,
1000,"[-6, -9, -12, -15, -18, -21]",-6,3,6,4,25,-103.0,-1030.0,254,93.31,6.69,-4.06,3.37,-250.0,40.0,
1000,"[-7, -11, -15, -19, -23]",-7,4,5,3,25,-103.0,-1030.0,248,94.76,5.24,-4.15,2.38,-250.0,30.0,
1000,"[-8, -13, -18, -23, -28, -33]",-8,5,6,4,30,-103.3333,-1033.33,168,94.05,5.95,-6.15,3.98,-300.0,26.67,
1000,"[-7, -10, -13, -16, -19, -22]",-7,3,6,4,25,-103.6667,-1036.67,215,93.02,6.98,-4.82,3.49,-250.0,40.0,
1000,"[-6, -9, -12]",-6,3,3,7,25,-104.0,-1040.0,156,83.33,16.67,-6.67,8.28,-250.0,70.0,
1000,"[-8, -12, -16, -20]",-8,4,4,4,25,-105.0,-1050.0,175,91.43,8.57,-6.0,3.47,-250.0,40.0,
1000,"[-5, -10, -15, -20]",-5,5,4,3,25,-105.75,-1057.5,338,94.67,5.33,-3.13,2.75,-250.0,30.0,
1000,"[-5, -10, -15]",-5,5,3,5,25,-106.6667,-1066.67,222,89.19,10.81,-4.8,5.86,-250.0,50.0,
1000,"[-8, -12, -16, -20]",-8,4,4,3,25,-106.75,-1067.5,200,93.5,6.5,-5.34,2.28,-250.0,30.0,
1000,"[-7, -10, -13, -16, -19, -22]",-7,3,6,3,25,-107.5,-1075.0,255,94.9,5.1,-4.22,2.0,-250.0,30.0,
1000,"[-6, -11, -16]",-6,5,3,4,25,-107.6667,-1076.67,237,91.14,8.86,-4.54,4.04,-250.0,40.0,
1000,"[-7, -11, -15]",-7,4,3,6,25,-108.0,-1080.0,150,85.33,14.67,-7.2,7.26,-250.0,60.0,
1000,"[-8, -12, -16, -20, -24, -28]",-8,4,6,3,25,-108.3333,-1083.33,202,94.06,5.94,-5.36,2.22,-250.0,25.0,
1000,"[-5, -9, -13]",-5,4,3,3,20,-109.0,-1090.0,386,91.97,8.03,-2.82,2.18,-200.0,30.0,
1000,"[-7, -12, -17, -22, -27]",-7,5,5,3,25,-109.2,-1092.0,238,94.12,5.88,-4.59,2.77,-250.0,24.0,
1000,"[-5, -8, -11, -14]",-5,3,4,6,25,-110.5,-1105.0,199,87.44,12.56,-5.55,6.85,-250.0,60.0,
1000,"[-8, -12, -16, -20, -24, -28]",-8,4,6,4,30,-111.3333,-1113.33,176,94.32,5.68,-6.33,3.47,-300.0,33.33,
1000,"[-7, -12, -17, -22]",-7,5,4,3,25,-111.5,-1115.0,238,94.12,5.88,-4.68,2.77,-250.0,30.0,
1000,"[-8, -11, -14]",-8,3,3,4,25,-112.6667,-1126.67,166,89.16,10.84,-6.79,4.25,-250.0,40.0,
1000,"[-8, -11, -14, -17, -20]",-8,3,5,5,25,-114.0,-1140.0,161,89.44,10.56,-7.08,4.63,-250.0,50.0,
1000,"[-8, -11, -14, -17, -20]",-8,3,5,4,25,-114.2,-1142.0,181,91.71,8.29,-6.31,3.31,-250.0,40.0,
1000,"[-8, -13, -18, -23, -28]",-8,5,5,3,25,-114.8,-1148.0,202,93.56,6.44,-5.68,2.26,-250.0,24.0,
1000,"[-8, -11, -14]",-8,3,3,5,25,-115.0,-1150.0,148,86.49,13.51,-7.77,5.57,-250.0,50.0,
1000,"[-6, -9, -12]",-6,3,3,6,25,-116.0,-1160.0,175,85.14,14.86,-6.63,6.93,-250.0,60.0,
1000,"[-8, -11, -14, -17, -20, -23]",-8,3,6,3,25,-116.5,-1165.0,210,94.29,5.71,-5.55,1.97,-250.0,30.0,
1000,"[-7, -10, -13, -16, -19]",-7,3,5,5,25,-117.0,-1170.0,189,89.95,10.05,-6.19,4.6,-250.0,50.0,
1000,"[-5, -8, -11]",-5,3,3,5,20,-118.3333,-1183.33,257,85.21,14.79,-4.6,4.67,-200.0,50.0,
1000,"[-8, -12, -16, -20, -24, -28]",-8,4,6,4,25,-118.8333,-1188.33,177,92.09,7.91,-6.71,3.39,-250.0,33.33,
1000,"[-8, -12, -16, -20, -24]",-8,4,5,3,25,-120.0,-1200.0,202,94.06,5.94,-5.94,2.22,-250.0,30.0,
1000,"[-7, -12, -17, -22, -27, -32]",-7,5,6,4,25,-120.3333,-1203.33,206,91.75,8.25,-5.84,3.92,-208.33,26.67,
1000,"[-8, -11, -14, -17, -20, -23]",-8,3,6,4,25,-124.0,-1240.0,183,92.35,7.65,-6.78,3.23,-250.0,40.0,
1000,"[-6, -9, -12, -15]",-6,3,4,6,25,-124.5,-1245.0,180,86.67,13.33,-6.92,6.69,-250.0,60.0,
1000,"[-8, -13, -18, -23]",-8,5,4,3,25,-124.75,-1247.5,202,93.56,6.44,-6.18,2.26,-250.0,30.0,
1000,"[-8, -12, -16, -20, -24]",-8,4,5,3,30,-125.4,-1254.0,196,94.9,5.1,-6.4,2.32,-300.0,30.0,
1000,"[-5, -8, -11, -14, -17]",-5,3,5,6,25,-126.0,-1260.0,207,88.41,11.59,-6.09,6.49,-250.0,60.0,
1000,"[-8, -12, -16, -20, -24]",-8,4,5,4,25,-127.6,-1276.0,177,92.09,7.91,-7.21,3.39,-250.0,40.0,
1000,"[-6, -10, -14]",-6,4,3,6,25,-131.0,-1310.0,173,85.55,14.45,-7.57,6.98,-250.0,60.0,
1000,"[-8, -12, -16, -20, -24, -28]",-8,4,6,5,25,-131.6667,-1316.67,158,89.87,10.13,-8.33,4.83,-250.0,33.33,
1000,"[-8, -13, -18, -23, -28, -33]",-8,5,6,5,25,-131.6667,-1316.67,155,88.39,11.61,-8.49,4.78,-208.33,33.33,
1000,"[-5, -8, -11, -14]",-5,3,4,5,25,-132.5,-1325.0,231,89.18,10.82,-5.74,5.54,-250.0,50.0,
1000,"[-5, -8, -11]",-5,3,3,4,20,-133.3333,-1333.33,314,88.22,11.78,-4.25,3.31,-200.0,40.0,
1000,"[-6, -10, -14]",-6,4,3,7,25,-134.3333,-1343.33,157,83.44,16.56,-8.56,8.14,-250.0,70.0,
1000,"[-6, -9, -12, -15]",-6,3,4,7,25,-135.0,-1350.0,162,84.57,15.43,-8.33,7.88,-250.0,70.0,
1000,"[-7, -11, -15, -19, -23]",-7,4,5,4,25,-135.2,-1352.0,208,92.31,7.69,-6.5,3.97,-250.0,40.0,
1000,"[-5, -9, -13, -17, -21, -25]",-5,4,6,4,25,-136.0,-1360.0,282,93.62,6.38,-4.82,3.97,-250.0,33.33,
1000,"[-5, -8, -11, -14, -17, -20]",-5,3,6,7,25,-137.5,-1375.0,178,87.08,12.92,-7.72,7.79,-250.0,70.0,
1000,"[-8, -13, -18, -23, -28, -33]",-8,5,6,3,30,-137.5,-1375.0,197,94.92,5.08,-6.98,2.37,-300.0,20.0,
1000,"[-7, -11, -15, -19, -23, -27]",-7,4,6,4,25,-137.6667,-1376.67,208,92.31,7.69,-6.62,3.97,-250.0,33.33,
1000,"[-6, -10, -14, -18, -22]",-6,4,5,4,25,-138.0,-1380.0,246,92.68,7.32,-5.61,3.65,-250.0,40.0,
1000,"[-6, -11, -16]",-6,5,3,6,25,-138.0,-1380.0,171,85.96,14.04,-8.07,7.17,-250.0,60.0,
1000,"[-8, -12, -16, -20, -24]",-8,4,5,5,25,-138.0,-1380.0,158,89.87,10.13,-8.73,4.83,-250.0,40.0,
1000,"[-7, -10, -13, -16, -19]",-7,3,5,6,25,-138.6,-1386.0,162,87.04,12.96,-8.56,6.19,-250.0,60.0,
1000,"[-8, -11, -14, -17, -20]",-8,3,5,6,25,-139.0,-1390.0,142,86.62,13.38,-9.79,6.14,-250.0,60.0,
1000,"[-8, -13, -18]",-8,5,3,6,25,-139.0,-1390.0,143,85.31,14.69,-9.72,6.04,-250.0,60.0,
1000,"[-6, -11, -16]",-6,5,3,7,25,-139.6667,-1396.67,157,84.08,15.92,-8.9,8.18,-250.0,70.0,
1000,"[-6, -10, -14, -18]",-6,4,4,7,25,-139.75,-1397.5,163,85.28,14.72,-8.57,7.71,-250.0,70.0,
1000,"[-8, -13, -18, -23, -28]",-8,5,5,3,30,-141.0,-1410.0,197,94.92,5.08,-7.16,2.37,-300.0,24.0,
1000,"[-7, -10, -13]",-7,3,3,7,25,-141.3333,-1413.33,143,81.82,18.18,-9.88,7.89,-250.0,70.0,
1000,"[-8, -11, -14]",-8,3,3,6,25,-142.0,-1420.0,134,83.58,16.42,-10.6,6.88,-250.0,60.0,
1000,"[-8, -13, -18, -23, -28, -33]",-8,5,6,3,20,-142.6667,-1426.67,215,88.37,11.63,-6.64,1.91,-166.67,20.0,
1000,"[-7, -12, -17, -22]",-7,5,4,4,25,-143.0,-1430.0,206,91.75,8.25,-6.94,3.92,-250.0,40.0,
1000,"[-6, -10, -14]",-6,4,3,5,25,-143.3333,-1433.33,191,87.43,12.57,-7.5,5.85,-250.0,50.0,
1000,"[-6, -10, -14, -18, -22, -26]",-6,4,6,4,25,-144.1667,-1441.67,246,92.68,7.32,-5.86,3.65,-250.0,33.33,
1000,"[-7, -12, -17, -22, -27]",-7,5,5,4,25,-144.4,-1444.0,206,91.75,8.25,-7.01,3.92,-250.0,32.0,
1000,"[-6, -11, -16]",-6,5,3,5,25,-145.0,-1450.0,191,87.96,12.04,-7.59,5.97,-250.0,50.0,
1000,"[-5, -8, -11]",-5,3,3,7,20,-145.6667,-1456.67,196,79.08,20.92,-7.43,6.7,-200.0,70.0,
1000,"[-7, -10, -13]",-7,3,3,6,25,-147.0,-1470.0,156,83.97,16.03,-9.42,6.74,-250.0,60.0,
1000,"[-7, -12, -17]",-7,5,3,7,25,-147.3333,-1473.33,145,83.45,16.55,-10.16,7.89,-250.0,70.0,
1000,"[-6, -9, -12, -15, -18]",-6,3,5,6,25,-147.8,-1478.0,188,87.77,12.23,-7.86,6.28,-250.0,60.0,
1000,"[-5, -9, -13, -17, -21, -25]",-5,4,6,3,25,-149.0,-1490.0,364,95.33,4.67,-4.09,2.43,-250.0,25.0,
1000,"[-5, -10, -15, -20, -25, -30]",-5,5,6,3,25,-149.6667,-1496.67,338,94.67,5.33,-4.43,2.75,-250.0,20.0,
1000,"[-7, -12, -17, -22, -27, -32]",-7,5,6,3,20,-150.0,-1500.0,254,89.76,10.24,-5.91,2.14,-166.67,20.0,
1000,"[-7, -11, -15, -19, -23, -27]",-7,4,6,6,25,-150.8333,-1508.33,155,87.74,12.26,-9.73,6.81,-250.0,50.0,
1000,"[-7, -11, -15, -19, -23]",-7,4,5,6,25,-151.0,-1510.0,155,87.74,12.26,-9.74,6.81,-250.0,60.0,
1000,"[-7, -11, -15, -19, -23, -27]",-7,4,6,5,25,-151.6667,-1516.67,181,90.06,9.94,-8.38,5.08,-250.0,41.67,
1000,"[-5, -10, -15, -20]",-5,5,4,7,25,-152.0,-1520.0,175,86.29,13.71,-8.69,7.98,-250.0,70.0,
1000,"[-7, -11, -15, -19, -23]",-7,4,5,5,25,-152.0,-1520.0,181,90.06,9.94,-8.4,5.08,-250.0,50.0,
1000,"[-8, -12, -16]",-8,4,3,6,25,-152.0,-1520.0,139,84.17,15.83,-10.94,6.48,-250.0,60.0,
1000,"[-5, -10, -15, -20]",-5,5,4,4,25,-153.0,-1530.0,258,91.86,8.14,-5.93,4.43,-250.0,40.0,
1000,"[-6, -10, -14, -18, -22]",-6,4,5,5,25,-154.0,-1540.0,205,90.24,9.76,-7.51,5.24,-250.0,50.0,
1000,"[-8, -12, -16, -20, -24, -28]",-8,4,6,3,30,-154.5,-1545.0,196,94.9,5.1,-7.88,2.32,-300.0,25.0,
1000,"[-7, -12, -17, -22, -27, -32]",-7,5,6,5,25,-155.8333,-1558.33,179,88.83,11.17,-8.71,5.22,-250.0,33.33,
1000,"[-5, -9, -13, -17, -21]",-5,4,5,5,25,-156.0,-1560.0,238,90.76,9.24,-6.55,5.24,-250.0,50.0,
1000,"[-8, -11, -14, -17]",-8,3,4,6,25,-156.0,-1560.0,139,84.89,15.11,-11.22,6.38,-250.0,60.0,
1000,"[-6, -11, -16, -21, -26, -31]",-6,5,6,4,25,-156.3333,-1563.33,238,91.6,8.4,-6.57,3.88,-250.0,26.67,
1000,"[-5, -8, -11, -14, -17]",-5,3,5,5,25,-157.0,-1570.0,240,90.0,10.0,-6.54,5.23,-250.0,50.0,
1000,"[-5, -10, -15]",-5,5,3,3,20,-157.0,-1570.0,379,91.82,8.18,-4.14,2.24,-200.0,30.0,
1000,"[-6, -9, -12, -15, -18]",-6,3,5,7,25,-157.6,-1576.0,166,85.54,14.46,-9.49,7.56,-250.0,70.0,
1000,"[-5, -9, -13, -17, -21]",-5,4,5,7,25,-157.8,-1578.0,174,86.78,13.22,-9.07,8.04,-250.0,70.0,
1000,"[-8, -13, -18, -23, -28]",-8,5,5,5,25,-158.0,-1580.0,155,88.39,11.61,-10.19,4.78,-250.0,40.0,
1000,"[-7, -11, -15]",-7,4,3,3,20,-159.0,-1590.0,266,90.6,9.4,-5.98,1.94,-200.0,30.0,
1000,"[-8, -11, -14, -17, -20, -23]",-8,3,6,5,25,-160.8333,-1608.33,162,89.51,10.49,-9.93,4.58,-250.0,50.0,
1000,"[-5, -9, -13, -17]",-5,4,4,3,20,-161.5,-1615.0,402,92.79,7.21,-4.02,2.02,-200.0,30.0,
1000,"[-8, -12, -16, -20]",-8,4,4,6,25,-162.5,-1625.0,141,85.82,14.18,-11.52,6.26,-250.0,60.0,
1000,"[-7, -10, -13]",-7,3,3,3,20,-163.0,-1630.0,260,90.0,10.0,-6.27,1.89,-200.0,30.0,
1000,"[-5, -9, -13, -17, -21, -25]",-5,4,6,3,20,-163.8333,-1638.33,402,92.79,7.21,-4.08,2.02,-200.0,25.0,
1000,"[-6, -10, -14, -18, -22, -26]",-6,4,6,5,25,-165.8333,-1658.33,205,90.24,9.76,-8.09,5.24,-250.0,41.67,
1000,"[-7, -10, -13, -16, -19, -22]",-7,3,6,5,25,-170.8333,-1708.33,190,90.0,10.0,-8.99,4.56,-250.0,50.0,
1000,"[-8, -13, -18, -23, -28]",-8,5,5,3,20,-171.2,-1712.0,215,88.37,11.63,-7.96,1.91,-200.0,24.0,
1000,"[-5, -8, -11]",-5,3,3,6,20,-172.0,-1720.0,222,81.53,18.47,-7.75,5.71,-200.0,60.0,
1000,"[-6, -11, -16, -21]",-6,5,4,4,25,-172.0,-1720.0,238,91.6,8.4,-7.23,3.88,-250.0,40.0,
1000,"[-5, -8, -11, -14]",-5,3,4,3,20,-172.25,-1722.5,394,92.13,7.87,-4.37,2.1,-200.0,30.0,
1000,"[-6, -10, -14, -18]",-6,4,4,6,25,-172.5,-1725.0,181,86.74,13.26,-9.53,6.52,-250.0,60.0,
1000,"[-8, -13, -18, -23]",-8,5,4,5,25,-172.5,-1725.0,155,88.39,11.61,-11.13,4.78,-250.0,50.0,
1000,"[-5, -10, -15, -20, -25]",-5,5,5,3,25,-174.6,-1746.0,338,94.67,5.33,-5.17,2.75,-250.0,24.0,
1000,"[-7, -11, -15]",-7,4,3,7,25,-174.6667,-1746.67,139,82.01,17.99,-12.57,8.35,-250.0,70.0,
1000,"[-8, -13, -18, -23, -28, -33]",-8,5,6,6,25,-178.0,-1780.0,144,85.42,14.58,-12.36,5.98,-250.0,40.0,
1000,"[-7, -10, -13, -16]",-7,3,4,6,25,-178.5,-1785.0,161,85.09,14.91,-11.09,6.35,-250.0,60.0,
1000,"[-6, -11, -16, -21, -26, -31]",-6,5,6,3,20,-179.3333,-1793.33,309,90.29,9.71,-5.8,2.11,-166.67,15.0,
1000,"[-7, -10, -13, -16]",-7,3,4,3,20,-180.0,-1800.0,270,91.11,8.89,-6.67,1.71,-200.0,30.0,
1000,"[-7, -12, -17, -22, -27]",-7,5,5,3,20,-180.0,-1800.0,254,89.76,10.24,-7.09,2.14,-200.0,24.0,
1000,"[-8, -13, -18, -23, -28, -33]",-8,5,6,4,20,-180.0,-1800.0,194,84.02,15.98,-9.28,2.67,-166.67,26.67,
1000,"[-5, -9, -13, -17, -21]",-5,4,5,3,20,-180.6,-1806.0,402,92.79,7.21,-4.49,2.02,-200.0,30.0,
1000,"[-6, -11, -16, -21, -26, -31]",-6,5,6,5,25,-180.8333,-1808.33,191,88.48,11.52,-9.47,5.93,-250.0,33.33,
1000,"[-7, -12, -17, -22, -27]",-7,5,5,5,25,-182.0,-1820.0,179,88.83,11.17,-10.17,5.22,-250.0,40.0,
1000,"[-7, -12, -17, -22, -27, -32]",-7,5,6,4,20,-182.0,-1820.0,233,86.27,13.73,-7.81,2.77,-166.67,26.67,
1000,"[-7, -11, -15, -19, -23, -27]",-7,4,6,3,20,-182.1667,-1821.67,267,90.64,9.36,-6.82,1.91,-200.0,20.0,
1000,"[-7, -10, -13, -16]",-7,3,4,7,25,-182.25,-1822.5,146,82.88,17.12,-12.48,7.67,-250.0,70.0,
1000,"[-6, -11, -16, -21, -26]",-6,5,5,4,25,-182.6,-1826.0,238,91.6,8.4,-7.67,3.88,-250.0,32.0,
1000,"[-5, -9, -13]",-5,4,3,6,20,-186.0,-1860.0,227,82.38,17.62,-8.19,5.56,-200.0,60.0,
1000,"[-8, -13, -18, -23, -28, -33]",-8,5,6,6,20,-188.6667,-1886.67,161,78.88,21.12,-11.72,4.43,-200.0,40.0,
1000,"[-8, -11, -14, -17, -20, -23]",-8,3,6,6,25,-189.0,-1890.0,144,86.81,13.19,-13.12,6.02,-250.0,60.0,
1000,"[-8, -12, -16]",-8,4,3,7,25,-189.3333,-1893.33,123,80.49,19.51,-15.39,8.08,-250.0,70.0,
1000,"[-5, -9, -13, -17, -21]",-5,4,5,6,25,-189.6,-1896.0,209,88.52,11.48,-9.07,6.37,-250.0,60.0,
1000,"[-7, -12, -17, -22]",-7,5,4,5,25,-190.0,-1900.0,179,88.83,11.17,-10.61,5.22,-250.0,50.0,
1000,"[-8, -13, -18, -23, -28, -33]",-8,5,6,5,20,-190.0,-1900.0,173,80.92,19.08,-10.98,3.39,-166.67,33.33,
1000,"[-5, -8, -11, -14, -17, -20]",-5,3,6,6,25,-191.0,-1910.0,208,88.46,11.54,-9.18,6.36,-250.0,60.0,
1000,"[-6, -9, -12]",-6,3,3,3,20,-192.0,-1920.0,310,90.0,10.0,-6.19,2.18,-200.0,30.0,
1000,"[-6, -9, -12]",-6,3,3,6,20,-194.0,-1940.0,202,80.69,19.31,-9.6,5.44,-200.0,60.0,
1000,"[-7, -12, -17]",-7,5,3,6,25,-196.0,-1960.0,154,84.42,15.58,-12.73,6.97,-250.0,60.0,
1000,"[-6, -10, -14, -18, -22, -26]",-6,4,6,3,20,-196.5,-1965.0,319,91.22,8.78,-6.16,1.99,-200.0,20.0,
1000,"[-6, -10, -14, -18, -22, -26]",-6,4,6,5,20,-196.6667,-1966.67,228,85.53,14.47,-8.63,4.28,-200.0,41.67,
1000,"[-6, -11, -16, -21, -26, -31]",-6,5,6,4,20,-196.6667,-1966.67,263,87.07,12.93,-7.48,3.14,-200.0,26.67,
1000,"[-5, -8, -11]",-5,3,3,3,20,-197.0,-1970.0,384,90.62,9.38,-5.13,2.27,-200.0,30.0,
1000,"[-7, -12, -17, -22, -27, -32]",-7,5,6,7,25,-197.0,-1970.0,146,83.56,16.44,-13.49,7.8,-250.0,46.67,
1000,"[-5, -10, -15, -20, -25, -30]",-5,5,6,4,25,-197.8333,-1978.33,258,91.86,8.14,-7.67,4.43,-250.0,26.67,
1000,"[-7, -10, -13, -16, -19, -22]",-7,3,6,6,25,-198.0,-1980.0,162,87.04,12.96,-12.22,6.17,-250.0,60.0,
1000,"[-7, -12, -17, -22, -27, -32]",-7,5,6,3,10,-198.0,-1980.0,352,60.23,39.77,-5.63,0.7,-66.67,10.0,
1000,"[-6, -11, -16, -21, -26, -31]",-6,5,6,7,25,-199.8333,-1998.33,159,84.28,15.72,-12.57,7.99,-250.0,46.67,
1000,"[-5, -9, -13]",-5,4,3,5,20,-200.0,-2000.0,259,84.94,15.06,-7.72,4.55,-200.0,50.0,
1000,"[-5, -10, -15, -20]",-5,5,4,6,25,-200.5,-2005.0,203,87.68,12.32,-9.88,6.57,-250.0,60.0,
1000,"[-5, -10, -15, -20, -25, -30]",-5,5,6,3,20,-201.3333,-2013.33,379,91.82,8.18,-5.31,2.24,-200.0,20.0,
1000,"[-6, -11, -16, -21, -26, -31]",-6,5,6,6,25,-201.6667,-2016.67,172,86.05,13.95,-11.72,7.04,-250.0,40.0,
1000,"[-8, -12, -16, -20, -24, -28]",-8,4,6,3,20,-202.1667,-2021.67,212,88.68,11.32,-9.54,1.91,-200.0,20.0,
1000,"[-8, -11, -14]",-8,3,3,7,25,-202.6667,-2026.67,122,79.51,20.49,-16.61,8.13,-250.0,70.0,
1000,"[-6, -10, -14]",-6,4,3,3,20,-203.0,-2030.0,312,90.38,9.62,-6.51,2.08,-200.0,30.0,
1000,"[-7, -12, -17, -22, -27, -32]",-7,5,6,5,20,-203.3333,-2033.33,200,82.5,17.5,-10.17,4.0,-200.0,33.33,
1000,"[-8, -11, -14]",-8,3,3,3,20,-204.0,-2040.0,218,88.53,11.47,-9.36,1.81,-200.0,30.0,
1000,"[-8, -13, -18, -23, -28, -33]",-8,5,6,3,15,-205.0,-2050.0,239,76.99,23.01,-8.58,1.28,-125.0,20.0,
1000,"[-7, -10, -13, -16, -19]",-7,3,5,7,25,-205.2,-2052.0,150,84.0,16.0,-13.68,7.34,-250.0,70.0,
1000,"[-6, -10, -14, -18, -22, -26]",-6,4,6,4,20,-206.6667,-2066.67,275,88.36,11.64,-7.52,2.92,-200.0,33.33,
1000,"[-6, -11, -16, -21, -26]",-6,5,5,5,25,-207.0,-2070.0,191,88.48,11.52,-10.84,5.93,-250.0,40.0,
1000,"[-6, -9, -12, -15]",-6,3,4,4,20,-208.0,-2080.0,275,88.36,11.64,-7.56,2.91,-200.0,40.0,
1000,"[-8, -13, -18, -23, -28]",-8,5,5,6,25,-208.6,-2086.0,144,85.42,14.58,-14.49,5.98,-250.0,48.0,
1000,"[-5, -10, -15, -20]",-5,5,4,5,25,-208.75,-2087.5,225,89.33,10.67,-9.28,5.66,-250.0,50.0,
1000,"[-6, -11, -16, -21]",-6,5,4,5,25,-208.75,-2087.5,191,88.48,11.52,-10.93,5.93,-250.0,50.0,
1000,"[-8, -13, -18, -23]",-8,5,4,3,20,-209.0,-2090.0,215,88.37,11.63,-9.72,1.91,-200.0,30.0,
1000,"[-5, -10, -15, -20, -25, -30]",-5,5,6,7,25,-209.6667,-2096.67,175,86.29,13.71,-11.98,7.98,-250.0,46.67,
1000,"[-5, -9, -13, -17, -21, -25]",-5,4,6,4,20,-210.0,-2100.0,319,89.34,10.66,-6.58,3.19,-200.0,33.33,
1000,"[-6, -9, -12, -15, -18, -21]",-6,3,6,6,25,-210.0,-2100.0,188,87.77,12.23,-11.17,6.23,-250.0,60.0,
1000,"[-7, -12, -17, -22]",-7,5,4,3,20,-210.0,-2100.0,254,89.76,10.24,-8.27,2.14,-200.0,30.0,
1000,"[-7, -11, -15, -19, -23]",-7,4,5,3,20,-210.6,-2106.0,267,90.64,9.36,-7.89,1.91,-200.0,24.0,
1000,"[-5, -9, -13]",-5,4,3,4,20,-212.0,-2120.0,310,87.74,12.26,-6.84,3.35,-200.0,40.0,
1000,"[-6, -10, -14]",-6,4,3,4,20,-212.0,-2120.0,270,87.41,12.59,-7.85,3.07,-200.0,40.0,
1000,"[-8, -12, -16]",-8,4,3,3,20,-212.0,-2120.0,212,88.68,11.32,-10.0,1.91,-200.0,30.0,
1000,"[-8, -12, -16, -20, -24, -28]",-8,4,6,6,25,-212.5,-2125.0,141,85.82,14.18,-15.07,6.26,-250.0,40.0,
1000,"[-5, -8, -11, -14, -17]",-5,3,5,4,20,-212.8,-2128.0,330,90.0,10.0,-6.45,3.02,-200.0,40.0,
1000,"[-7, -11, -15, -19]",-7,4,4,7,25,-213.25,-2132.5,143,83.22,16.78,-14.91,7.94,-250.0,70.0,
1000,"[-5, -8, -11, -14]",-5,3,4,4,20,-215.0,-2150.0,320,88.75,11.25,-6.72,3.16,-200.0,40.0,
1000,"[-6, -9, -12]",-6,3,3,5,20,-215.0,-2150.0,230,83.48,16.52,-9.35,4.18,-200.0,50.0,
1000,"[-8, -11, -14, -17]",-8,3,4,7,25,-215.0,-2150.0,127,81.1,18.9,-16.93,7.56,-250.0,70.0,
1000,"[-6, -11, -16, -21, -26]",-6,5,5,3,20,-215.2,-2152.0,309,90.29,9.71,-6.96,2.11,-200.0,18.0,
1000,"[-8, -13, -18, -23, -28]",-8,5,5,4,20,-216.0,-2160.0,194,84.02,15.98,-11.13,2.67,-200.0,32.0,
1000,"[-8, -11, -14, -17]",-8,3,4,3,20,-216.25,-2162.5,222,89.64,10.36,-9.74,1.74,-200.0,30.0,
1000,"[-7, -10, -13]",-7,3,3,7,20,-217.6667,-2176.67,171,77.19,22.81,-12.73,5.92,-200.0,70.0,
1000,"[-7, -12, -17, -22, -27, -32]",-7,5,6,4,15,-218.1667,-2181.67,268,76.12,23.88,-8.14,2.14,-125.0,26.67,
1000,"[-7, -12, -17, -22, -27, -32]",-7,5,6,7,20,-218.3333,-2183.33,168,76.79,23.21,-13.0,6.18,-200.0,46.67,
1000,"[-7, -12, -17, -22, -27]",-7,5,5,4,20,-218.4,-2184.0,233,86.27,13.73,-9.37,2.77,-200.0,32.0,
1000,"[-5, -8, -11, -14, -17, -20]",-5,3,6,5,25,-220.0,-2200.0,242,90.08,9.92,-9.09,5.11,-250.0,50.0,
1000,"[-6, -9, -12]",-6,3,3,4,20,-220.0,-2200.0,270,86.67,13.33,-8.15,3.04,-200.0,40.0,
1000,"[-6, -10, -14, -18, -22]",-6,4,5,5,20,-220.0,-2200.0,228,85.53,14.47,-9.65,4.28,-200.0,50.0,
1000,"[-5, -8, -11, -14, -17]",-5,3,5,3,20,-220.2,-2202.0,402,92.54,7.46,-5.48,1.99,-200.0,30.0,
1000,"[-6, -10, -14, -18, -22, -26]",-6,4,6,7,25,-220.6667,-2206.67,164,85.37,14.63,-13.46,7.64,-250.0,58.33,
1000,"[-7, -12, -17, -22, -27, -32]",-7,5,6,4,10,-220.6667,-2206.67,336,52.68,47.32,-6.57,0.98,-66.67,13.33,
1000,"[-6, -9, -12, -15, -18, -21]",-6,3,6,7,25,-220.8333,-2208.33,167,85.63,14.37,-13.22,7.49,-250.0,70.0,
1000,"[-5, -9, -13, -17]",-5,4,4,4,20,-221.0,-2210.0,319,89.34,10.66,-6.93,3.19,-200.0,40.0,
1000,"[-7, -12, -17]",-7,5,3,3,20,-221.0,-2210.0,254,89.76,10.24,-8.7,2.14,-200.0,30.0,
1000,"[-5, -9, -13, -17, -21, -25]",-5,4,6,5,25,-221.6667,-2216.67,238,90.76,9.24,-9.31,5.24,-250.0,41.67,
1000,"[-8, -13, -18]",-8,5,3,7,25,-222.0,-2220.0,125,80.8,19.2,-17.76,7.74,-250.0,70.0,
1000,"[-8, -13, -18, -23, -28, -33]",-8,5,6,3,10,-222.0,-2220.0,277,48.74,51.26,-8.01,0.48,-66.67,10.0,
1000,"[-8, -13, -18, -23, -28]",-8,5,5,6,20,-222.4,-2224.0,161,78.88,21.12,-13.81,4.43,-200.0,48.0,
1000,"[-5, -9, -13]",-5,4,3,7,20,-222.6667,-2226.67,194,78.87,21.13,-11.48,6.74,-200.0,70.0,
1000,"[-7, -12, -17, -22, -27, -32]",-7,5,6,3,15,-223.0,-2230.0,291,79.73,20.27,-7.66,1.56,-125.0,20.0,
1000,"[-7, -12, -17, -22, -27, -32]",-7,5,6,6,25,-223.1667,-2231.67,154,84.42,15.58,-14.49,6.94,-250.0,40.0,
1000,"[-5, -8, -11, -14]",-5,3,4,5,20,-223.75,-2237.5,264,85.61,14.39,-8.48,4.45,-200.0,50.0,
1000,"[-6, -10, -14, -18, -22]",-6,4,5,3,20,-223.8,-2238.0,319,91.22,8.78,-7.02,1.99,-200.0,24.0,
1000,"[-6, -10, -14, -18, -22]",-6,4,5,7,25,-224.8,-2248.0,164,85.37,14.63,-13.71,7.64,-250.0,70.0,
1000,"[-6, -9, -12]",-6,3,3,7,20,-225.0,-2250.0,184,77.72,22.28,-12.23,6.35,-200.0,70.0,
1000,"[-5, -10, -15]",-5,5,3,4,20,-225.3333,-2253.33,296,87.84,12.16,-7.61,3.64,-200.0,40.0,
1000,"[-6, -9, -12, -15]",-6,3,4,3,20,-226.0,-2260.0,318,90.88,9.12,-7.11,2.01,-200.0,30.0,
1000,"[-7, -10, -13, -16, -19, -22]",-7,3,6,3,20,-226.0,-2260.0,270,91.11,8.89,-8.37,1.7,-200.0,30.0,
1000,"[-5, -9, -13, -17, -21, -25]",-5,4,6,7,25,-227.3333,-2273.33,174,86.78,13.22,-13.07,8.04,-250.0,58.33,
1000,"[-5, -10, -15, -20, -25]",-5,5,5,4,25,-227.4,-2274.0,258,91.86,8.14,-8.81,4.43,-250.0,32.0,
1000,"[-8, -13, -18, -23, -28]",-8,5,5,5,20,-228.0,-2280.0,173,80.92,19.08,-13.18,3.39,-200.0,40.0,
1000,"[-8, -13, -18, -23]",-8,5,4,6,25,-229.5,-2295.0,144,85.42,14.58,-15.94,5.98,-250.0,60.0,
1000,"[-6, -11, -16, -21, -26]",-6,5,5,7,25,-229.8,-2298.0,159,84.28,15.72,-14.45,7.99,-250.0,56.0,
1000,"[-8, -12, -16, -20, -24]",-8,4,5,6,25,-230.0,-2300.0,141,85.82,14.18,-16.31,6.26,-250.0,48.0,
1000,"[-7, -10, -13]",-7,3,3,4,20,-230.6667,-2306.67,234,85.9,14.1,-9.86,2.76,-200.0,40.0,
1000,"[-7, -12, -17, -22, -27]",-7,5,5,7,25,-231.4,-2314.0,146,83.56,16.44,-15.85,7.8,-250.0,56.0,
1000,"[-7, -10, -13]",-7,3,3,5,20,-231.6667,-2316.67,214,83.18,16.82,-10.83,3.6,-200.0,50.0,
1000,"[-5, -9, -13, -17, -21]",-5,4,5,4,20,-232.0,-2320.0,319,89.34,10.66,-7.27,3.19,-200.0,40.0,
1000,"[-6, -11, -16]",-6,5,3,3,20,-232.0,-2320.0,309,90.29,9.71,-7.51,2.11,-200.0,30.0,
1000,"[-6, -11, -16, -21, -26]",-6,5,5,4,20,-232.0,-2320.0,263,87.07,12.93,-8.82,3.14,-200.0,32.0,
1000,"[-6, -11, -16, -21, -26]",-6,5,5,6,25,-232.0,-2320.0,172,86.05,13.95,-13.49,7.04,-250.0,48.0,
1000,"[-7, -10, -13]",-7,3,3,6,20,-232.0,-2320.0,187,79.68,20.32,-12.41,4.79,-200.0,60.0,
1000,"[-8, -13, -18, -23, -28, -33]",-8,5,6,4,10,-233.0,-2330.0,271,43.17,56.83,-8.6,0.69,-66.67,13.33,
1000,"[-7, -12, -17, -22, -27, -32]",-7,5,6,5,10,-233.3333,-2333.33,319,47.02,52.98,-7.31,1.3,-83.33,16.67,
1000,"[-8, -13, -18, -23, -28, -33]",-8,5,6,7,20,-233.3333,-2333.33,146,73.97,26.03,-15.98,5.62,-200.0,46.67,
1000,"[-8, -12, -16, -20]",-8,4,4,7,25,-233.75,-2337.5,125,81.6,18.4,-18.7,7.75,-250.0,70.0,
1000,"[-8, -13, -18, -23, -28, -33]",-8,5,6,7,25,-234.8333,-2348.33,125,80.8,19.2,-18.79,7.74,-250.0,46.67,
1000,"[-7, -10, -13, -16, -19]",-7,3,5,3,20,-235.8,-2358.0,270,91.11,8.89,-8.73,1.7,-200.0,30.0,
1000,"[-6, -10, -14, -18, -22]",-6,4,5,4,20,-236.0,-2360.0,275,88.36,11.64,-8.58,2.92,-200.0,40.0,
1000,"[-6, -11, -16, -21, -26, -31]",-6,5,6,3,15,-236.0,-2360.0,354,82.77,17.23,-6.67,1.63,-125.0,20.0,
1000,"[-6, -10, -14, -18]",-6,4,4,5,20,-236.25,-2362.5,228,85.53,14.47,-10.36,4.28,-200.0,50.0,
1000,"[-6, -11, -16, -21, -26, -31]",-6,5,6,7,20,-237.1667,-2371.67,181,77.35,22.65,-13.1,6.46,-200.0,46.67,
1000,"[-8, -11, -14, -17, -20, -23]",-8,3,6,3,20,-237.5,-2375.0,222,89.64,10.36,-10.7,1.74,-200.0,20.0,
1000,"[-5, -10, -15, -20, -25]",-5,5,5,3,20,-237.6,-2376.0,379,91.82,8.18,-6.27,2.24,-200.0,24.0,
1000,"[-7, -12, -17, -22, -27]",-7,5,5,3,10,-237.6,-2376.0,352,60.23,39.77,-6.75,0.7,-80.0,12.0,
1000,"[-8, -11, -14, -17, -20]",-8,3,5,7,25,-237.6,-2376.0,129,82.17,17.83,-18.42,7.31,-250.0,70.0,
1000,"[-7, -11, -15, -19]",-7,4,4,3,20,-238.25,-2382.5,267,90.64,9.36,-8.92,1.91,-200.0,30.0,
1000,"[-8, -12, -16, -20, -24]",-8,4,5,3,20,-238.6,-2386.0,212,88.68,11.32,-11.25,1.91,-200.0,24.0,
1000,"[-7, -12, -17, -22, -27, -32]",-7,5,6,6,20,-238.6667,-2386.67,177,77.97,22.03,-13.48,5.4,-200.0,40.0,
1000,"[-6, -10, -14, -18]",-6,4,4,3,20,-239.75,-2397.5,319,91.22,8.78,-7.52,1.99,-200.0,30.0,
1000,"[-6, -10, -14]",-6,4,3,5,20,-240.0,-2400.0,225,83.56,16.44,-10.67,4.42,-200.0,50.0,
1000,"[-6, -11, -16, -21]",-6,5,4,6,25,-240.0,-2400.0,172,86.05,13.95,-13.95,7.04,-250.0,60.0,
1000,"[-7, -12, -17, -22, -27]",-7,5,5,5,20,-240.0,-2400.0,200,82.5,17.5,-12.0,4.0,-200.0,40.0,
1000,"[-5, -10, -15, -20, -25]",-5,5,5,7,25,-241.6,-2416.0,175,86.29,13.71,-13.81,7.98,-250.0,56.0,
1000,"[-6, -11, -16, -21, -26, -31]",-6,5,6,6,20,-243.3333,-2433.33,193,79.27,20.73,-12.61,5.66,-200.0,40.0,
1000,"[-7, -12, -17, -22, -27, -32]",-7,5,6,5,15,-243.3333,-2433.33,242,71.07,28.93,-10.06,2.93,-125.0,33.33,
1000,"[-6, -11, -16, -21]",-6,5,4,7,25,-243.5,-2435.0,159,84.28,15.72,-15.31,7.99,-250.0,70.0,
1000,"[-7, -10, -13, -16]",-7,3,4,5,20,-243.75,-2437.5,215,84.65,15.35,-11.34,3.47,-200.0,50.0,
1000,"[-8, -13, -18, -23, -28]",-8,5,5,3,15,-246.0,-2460.0,239,76.99,23.01,-10.29,1.28,-150.0,24.0,
1000,"[-5, -10, -15, -20, -25, -30]",-5,5,6,6,25,-246.1667,-2461.67,203,87.68,12.32,-12.13,6.57,-250.0,40.0,
1000,"[-5, -10, -15, -20, -25, -30]",-5,5,6,5,25,-247.5,-2475.0,225,89.33,10.67,-11.0,5.66,-250.0,33.33,
1000,"[-5, -8, -11, -14]",-5,3,4,7,20,-247.75,-2477.5,202,79.7,20.3,-12.26,6.42,-200.0,70.0,
1000,"[-5, -10, -15]",-5,5,3,6,20,-248.0,-2480.0,224,82.14,17.86,-11.07,5.67,-200.0,60.0,
1000,"[-6, -10, -14, -18, -22, -26]",-6,4,6,6,25,-248.5,-2485.0,181,86.74,13.26,-13.73,6.49,-250.0,50.0,
1000,"[-6, -11, -16, -21]",-6,5,4,3,20,-249.0,-2490.0,309,90.29,9.71,-8.06,2.11,-200.0,22.5,
1000,"[-6, -11, -16, -21, -26, -31]",-6,5,6,5,20,-249.1667,-2491.67,216,81.94,18.06,-11.54,4.66,-200.0,33.33,
1000,"[-8, -13, -18, -23, -28, -33]",-8,5,6,5,10,-250.0,-2500.0,262,37.02,62.98,-9.54,0.84,-66.67,16.67,
1000,"[-6, -11, -16, -21, -26, -31]",-6,5,6,3,10,-250.5,-2505.0,426,64.08,35.92,-5.88,0.87,-83.33,10.0,
1000,"[-5, -10, -15, -20, -25, -30]",-5,5,6,4,20,-251.3333,-2513.33,296,87.84,12.16,-8.49,3.64,-200.0,26.67,
1000,"[-5, -10, -15]",-5,5,3,5,20,-251.6667,-2516.67,257,84.82,15.18,-9.79,4.65,-200.0,50.0,
1000,"[-7, -12, -17, -22]",-7,5,4,7,25,-251.75,-2517.5,146,83.56,16.44,-17.24,7.8,-250.0,70.0,
1000,"[-6, -9, -12, -15, -18]",-6,3,5,4,20,-252.0,-2520.0,281,88.97,11.03,-8.97,2.75,-200.0,40.0,
1000,"[-7, -12, -17, -22]",-7,5,4,4,20,-253.0,-2530.0,233,86.27,13.73,-10.86,2.77,-200.0,40.0,
1000,"[-8, -13, -18]",-8,5,3,3,20,-253.0,-2530.0,215,88.37,11.63,-11.77,1.91,-200.0,30.0,
1000,"[-6, -10, -14, -18, -22]",-6,4,5,6,25,-253.2,-2532.0,181,86.74,13.26,-13.99,6.49,-250.0,60.0,
1000,"[-7, -11, -15, -19, -23, -27]",-7,4,6,4,20,-253.3333,-2533.33,232,86.21,13.79,-10.92,2.85,-200.0,33.33,
1000,"[-8, -13, -18, -23, -28, -33]",-8,5,6,6,10,-253.6667,-2536.67,258,34.11,65.89,-9.83,1.12,-83.33,10.0,
1000,"[-8, -13, -18, -23, -28, -33]",-8,5,6,4,15,-253.8333,-2538.33,221,70.14,29.86,-11.49,1.89,-125.0,26.67,
1000,"[-6, -10, -14]",-6,4,3,6,20,-254.0,-2540.0,200,80.5,19.5,-12.7,5.41,-200.0,60.0,
1000,"[-7, -12, -17, -22, -27, -32]",-7,5,6,7,10,-254.0,-2540.0,288,36.81,63.19,-8.82,1.99,-66.67,23.33,
1000,"[-6, -11, -16]",-6,5,3,4,20,-254.6667,-2546.67,263,87.07,12.93,-9.68,3.14,-200.0,40.0,
1000,"[-7, -12, -17, -22, -27, -32]",-7,5,6,6,10,-255.3333,-2553.33,301,40.2,59.8,-8.48,1.75,-83.33,20.0,
1000,"[-6, -9, -12, -15, -18, -21]",-6,3,6,4,20,-256.0,-2560.0,281,88.97,11.03,-9.11,2.75,-200.0,40.0,
1000,"[-8, -12, -16, -20, -24, -28]",-8,4,6,3,10,-257.1667,-2571.67,277,48.74,51.26,-9.28,0.48,-83.33,10.0,
1000,"[-7, -11, -15, -19, -23, -27]",-7,4,6,5,20,-257.5,-2575.0,204,83.33,16.67,-12.62,3.83,-200.0,41.67,
1000,"[-5, -9, -13, -17, -21, -25]",-5,4,6,6,25,-258.0,-2580.0,209,88.52,11.48,-12.34,6.37,-250.0,50.0,
1000,"[-7, -12, -17, -22, -27]",-7,5,5,7,20,-258.0,-2580.0,168,76.79,23.21,-15.36,6.18,-200.0,56.0,
1000,"[-8, -13, -18, -23]",-8,5,4,6,20,-258.0,-2580.0,161,78.88,21.12,-16.02,4.43,-200.0,60.0,
1000,"[-7, -12, -17, -22, -27, -32]",-7,5,6,7,15,-258.3333,-2583.33,205,63.41,36.59,-12.6,4.66,-125.0,46.67,
1000,"[-5, -10, -15]",-5,5,3,7,20,-260.0,-2600.0,197,79.19,20.81,-13.2,6.64,-200.0,70.0,
1000,"[-7, -12, -17, -22, -27, -32]",-7,5,6,6,15,-260.0,-2600.0,217,65.9,34.1,-11.98,3.97,-125.0,40.0,
1000,"[-8, -12, -16]",-8,4,3,5,20,-260.0,-2600.0,176,81.82,18.18,-14.77,3.45,-200.0,50.0,
1000,"[-6, -10, -14, -18]",-6,4,4,4,20,-261.0,-2610.0,275,88.36,11.64,-9.49,2.92,-200.0,40.0,
1000,"[-7, -12, -17, -22, -27]",-7,5,5,4,15,-261.8,-2618.0,268,76.12,23.88,-9.77,2.14,-150.0,32.0,
1000,"[-5, -9, -13, -17, -21, -25]",-5,4,6,6,20,-262.3333,-2623.33,229,82.97,17.03,-11.46,5.49,-200.0,50.0,
1000,"[-6, -9, -12, -15, -18]",-6,3,5,3,20,-262.4,-2624.0,321,91.28,8.72,-8.17,1.97,-200.0,30.0,
1000,"[-8, -13, -18, -23, -28, -33]",-8,5,6,5,15,-262.5,-2625.0,208,66.35,33.65,-12.62,2.3,-125.0,33.33,
1000,"[-8, -13, -18, -23, -28, -33]",-8,5,6,6,15,-262.5,-2625.0,197,63.45,36.55,-13.32,3.07,-125.0,40.0,
1000,"[-7, -12, -17, -22, -27]",-7,5,5,6,25,-262.8,-2628.0,154,84.42,15.58,-17.06,6.94,-250.0,48.0,
1000,"[-7, -10, -13, -16]",-7,3,4,4,20,-263.0,-2630.0,239,87.03,12.97,-11.0,2.55,-200.0,40.0,
1000,"[-6, -11, -16, -21, -26, -31]",-6,5,6,4,10,-264.0,-2640.0,397,57.43,42.57,-6.65,1.24,-83.33,13.33,
1000,"[-5, -9, -13, -17, -21, -25]",-5,4,6,5,20,-264.1667,-2641.67,265,85.66,14.34,-9.97,4.4,-200.0,41.67,
1000,"[-7, -12, -17, -22, -27]",-7,5,5,4,10,-264.8,-2648.0,336,52.68,47.32,-7.88,0.98,-80.0,16.0,
1000,"[-6, -9, -12, -15, -18, -21]",-6,3,6,3,20,-264.8333,-2648.33,321,91.28,8.72,-8.25,1.97,-200.0,30.0,
1000,"[-8, -11, -14, -17, -20]",-8,3,5,3,20,-265.0,-2650.0,222,89.64,10.36,-11.94,1.74,-200.0,24.0,
1000,"[-8, -12, -16, -20, -24, -28]",-8,4,6,5,20,-265.0,-2650.0,176,81.82,18.18,-15.06,3.45,-200.0,33.33,
1000,"[-8, -13, -18, -23]",-8,5,4,4,20,-265.0,-2650.0,194,84.02,15.98,-13.66,2.67,-200.0,40.0,
1000,"[-8, -13, -18, -23]",-8,5,4,5,20,-265.0,-2650.0,173,80.92,19.08,-15.32,3.39,-200.0,50.0,
1000,"[-8, -13, -18, -23, -28, -33]",-8,5,6,7,15,-265.0,-2650.0,184,59.78,40.22,-14.4,3.88,-125.0,46.67,
1000,"[-7, -11, -15, -19, -23, -27]",-7,4,6,7,25,-266.0,-2660.0,143,83.22,16.78,-18.6,7.94,-250.0,58.33,
1000,"[-8, -13, -18, -23, -28, -33]",-8,5,6,7,10,-266.0,-2660.0,246,29.27,70.73,-10.81,1.5,-83.33,11.67,
1000,"[-7, -10, -13, -16, -19, -22]",-7,3,6,7,25,-266.3333,-2663.33,150,84.0,16.0,-17.76,7.31,-250.0,70.0,
1000,"[-8, -13, -18, -23, -28]",-8,5,5,3,10,-266.4,-2664.0,277,48.74,51.26,-9.62,0.48,-80.0,12.0,
1000,"[-6, -11, -16, -21, -26, -31]",-6,5,6,4,15,-266.6667,-2666.67,309,77.67,22.33,-8.63,2.43,-125.0,26.67,
1000,"[-6, -10, -14, -18, -22, -26]",-6,4,6,6,20,-267.0,-2670.0,201,81.09,18.91,-13.28,5.31,-200.0,50.0,
1000,"[-7, -12, -17, -22, -27]",-7,5,5,3,15,-267.6,-2676.0,291,79.73,20.27,-9.2,1.56,-150.0,24.0,
1000,"[-7, -10, -13, -16, -19, -22]",-7,3,6,5,20,-268.3333,-2683.33,215,85.12,14.88,-12.48,3.46,-200.0,50.0,
1000,"[-7, -11, -15]",-7,4,3,5,20,-268.3333,-2683.33,204,82.84,17.16,-13.15,3.86,-200.0,50.0,
1000,"[-8, -12, -16, -20, -24, -28]",-8,4,6,4,10,-268.3333,-2683.33,271,43.17,56.83,-9.9,0.67,-83.33,13.33,
1000,"[-7, -11, -15, -19, -23, -27]",-7,4,6,3,10,-269.8333,-2698.33,352,60.23,39.77,-7.67,0.69,-83.33,10.0,
1000,"[-6, -11, -16, -21]",-6,5,4,4,20,-270.0,-2700.0,263,87.07,12.93,-10.27,3.14,-200.0,40.0,
1000,"[-6, -10, -14]",-6,4,3,7,20,-271.6667,-2716.67,183,77.6,22.4,-14.85,6.35,-200.0,70.0,
1000,"[-5, -10, -15, -20]",-5,5,4,3,20,-272.0,-2720.0,379,91.82,8.18,-7.18,2.24,-200.0,30.0,
1000,"[-8, -12, -16, -20, -24, -28]",-8,4,6,4,20,-272.0,-2720.0,195,84.1,15.9,-13.95,2.58,-200.0,26.67,
1000,"[-8, -12, -16, -20, -24, -28]",-8,4,6,7,25,-272.5,-2725.0,125,81.6,18.4,-21.8,7.75,-250.0,46.67,
1000,"[-6, -11, -16, -21, -26, -31]",-6,5,6,7,15,-273.6667,-2736.67,227,66.96,33.04,-12.06,4.81,-150.0,46.67,
1000,"[-5, -10, -15, -20, -25, -30]",-5,5,6,5,20,-274.1667,-2741.67,257,84.82,15.18,-10.67,4.65,-200.0,33.33,
1000,"[-5, -10, -15, -20, -25, -30]",-5,5,6,6,20,-275.3333,-2753.33,224,82.14,17.86,-12.29,5.67,-200.0,40.0,
1000,"[-8, -13, -18, -23, -28]",-8,5,5,7,20,-276.0,-2760.0,146,73.97,26.03,-18.9,5.62,-200.0,56.0,
1000,"[-8, -13, -18, -23, -28]",-8,5,5,7,25,-276.8,-2768.0,125,80.8,19.2,-22.14,7.74,-250.0,56.0,
1000,"[-7, -11, -15]",-7,4,3,4,20,-277.3333,-2773.33,228,85.53,14.47,-12.16,2.94,-200.0,40.0,
1000,"[-8, -12, -16, -20]",-8,4,4,3,20,-278.25,-2782.5,212,88.68,11.32,-13.12,1.91,-200.0,30.0,
1000,"[-6, -9, -12, -15, -18]",-6,3,5,5,20,-279.0,-2790.0,235,85.53,14.47,-11.87,3.98,-200.0,50.0,
1000,"[-8, -13, -18, -23, -28]",-8,5,5,4,10,-279.6,-2796.0,271,43.17,56.83,-10.32,0.69,-80.0,16.0,
1000,"[-5, -8, -11, -14]",-5,3,4,6,20,-280.0,-2800.0,226,81.86,18.14,-12.39,5.53,-200.0,60.0,
1000,"[-5, -9, -13, -17, -21, -25]",-5,4,6,3,15,-280.0,-2800.0,451,86.03,13.97,-6.21,1.63,-150.0,25.0,
1000,"[-7, -12, -17, -22]",-7,5,4,5,20,-280.0,-2800.0,200,82.5,17.5,-14.0,4.0,-200.0,50.0,
1000,"[-7, -12, -17, -22, -27]",-7,5,5,5,10,-280.0,-2800.0,319,47.02,52.98,-8.78,1.3,-100.0,20.0,
1000,"[-6, -11, -16, -21, -26]",-6,5,5,7,20,-280.6,-2806.0,181,77.35,22.65,-15.5,6.46,-200.0,56.0,
1000,"[-7, -11, -15, -19, -23, -27]",-7,4,6,6,20,-280.6667,-2806.67,181,79.56,20.44,-15.51,5.11,-200.0,50.0,
1000,"[-5, -8, -11, -14, -17]",-5,3,5,5,20,-281.0,-2810.0,269,86.25,13.75,-10.45,4.32,-200.0,50.0,
1000,"[-6, -9, -12, -15, -18, -21]",-6,3,6,5,20,-281.6667,-2816.67,235,85.53,14.47,-11.99,3.98,-200.0,50.0,
1000,"[-7, -12, -17, -22, -27]",-7,5,5,6,20,-282.4,-2824.0,177,77.97,22.03,-15.95,5.4,-200.0,48.0,
1000,"[-5, -8, -11, -14, -17, -20]",-5,3,6,3,20,-282.5,-2825.0,402,92.54,7.46,-7.03,1.99,-200.0,30.0,
1000,"[-6, -11, -16, -21, -26]",-6,5,5,3,15,-283.2,-2832.0,354,82.77,17.23,-8.0,1.63,-150.0,24.0,
1000,"[-5, -10, -15, -20, -25, -30]",-5,5,6,7,20,-284.3333,-2843.33,197,79.19,20.81,-14.43,6.63,-200.0,46.67,
1000,"[-5, -9, -13, -17]",-5,4,4,6,20,-285.0,-2850.0,229,82.97,17.03,-12.45,5.49,-200.0,60.0,
1000,"[-8, -12, -16, -20, -24, -28]",-8,4,6,5,10,-285.0,-2850.0,262,37.02,62.98,-10.88,0.83,-83.33,16.67,
1000,"[-7, -12, -17]",-7,5,3,4,20,-285.3333,-2853.33,233,86.27,13.73,-12.25,2.77,-200.0,40.0,
1000,"[-5, -10, -15, -20, -25]",-5,5,5,6,25,-285.4,-2854.0,203,87.68,12.32,-14.06,6.57,-250.0,48.0,
1000,"[-6, -11, -16, -21, -26, -31]",-6,5,6,6,15,-285.5,-2855.0,242,69.01,30.99,-11.8,4.18,-150.0,40.0,
1000,"[-5, -8, -11, -14, -17, -20]",-5,3,6,4,20,-286.0,-2860.0,330,90.0,10.0,-8.67,3.02,-200.0,40.0,
1000,"[-6, -10, -14, -18, -22, -26]",-6,4,6,7,20,-286.0,-2860.0,183,78.14,21.86,-15.63,6.31,-200.0,58.33,
1000,"[-8, -12, -16, -20, -24, -28]",-8,4,6,6,10,-286.6667,-2866.67,258,34.11,65.89,-11.11,1.11,-100.0,20.0,
1000,"[-5, -10, -15, -20, -25]",-5,5,5,5,25,-287.0,-2870.0,225,89.33,10.67,-12.76,5.66,-250.0,40.0,
1000,"[-5, -9, -13, -17]",-5,4,4,5,20,-287.5,-2875.0,265,85.66,14.34,-10.85,4.4,-200.0,50.0,
1000,"[-6, -11, -16, -21, -26]",-6,5,5,6,20,-288.0,-2880.0,193,79.27,20.73,-14.92,5.66,-200.0,48.0,
1000,"[-7, -11, -15, -19, -23]",-7,4,5,4,20,-288.0,-2880.0,232,86.21,13.79,-12.41,2.85,-200.0,40.0,
1000,"[-7, -11, -15, -19, -23]",-7,4,5,7,25,-289.2,-2892.0,143,83.22,16.78,-20.22,7.94,-250.0,70.0,
1000,"[-6, -10, -14, -18, -22, -26]",-6,4,6,3,15,-289.5,-2895.0,365,83.56,16.44,-7.93,1.47,-150.0,25.0,
1000,"[-6, -9, -12, -15]",-6,3,4,5,20,-290.0,-2900.0,229,83.84,16.16,-12.66,4.16,-200.0,50.0,
1000,"[-6, -11, -16, -21, -26, -31]",-6,5,6,5,15,-290.0,-2900.0,267,72.28,27.72,-10.86,3.44,-150.0,33.33,
1000,"[-7, -10, -13, -16, -19]",-7,3,5,5,20,-291.0,-2910.0,215,85.12,14.88,-13.53,3.46,-200.0,50.0,
1000,"[-7, -12, -17, -22]",-7,5,4,6,25,-291.0,-2910.0,154,84.42,15.58,-18.9,6.94,-250.0,60.0,
1000,"[-7, -12, -17, -22, -27]",-7,5,5,5,15,-292.0,-2920.0,242,71.07,28.93,-12.07,2.93,-150.0,40.0,
1000,"[-8, -11, -14, -17, -20, -23]",-8,3,6,7,25,-292.6667,-2926.67,129,82.17,17.83,-22.69,7.31,-250.0,70.0,
1000,"[-7, -11, -15, -19, -23]",-7,4,5,5,20,-293.0,-2930.0,204,83.33,16.67,-14.36,3.83,-200.0,50.0,
1000,"[-7, -10, -13, -16, -19, -22]",-7,3,6,6,20,-294.6667,-2946.67,185,81.08,18.92,-15.93,4.73,-200.0,60.0,
1000,"[-5, -9, -13, -17, -21]",-5,4,5,6,20,-294.8,-2948.0,229,82.97,17.03,-12.87,5.49,-200.0,60.0,
1000,"[-6, -11, -16, -21, -26]",-6,5,5,5,20,-295.0,-2950.0,216,81.94,18.06,-13.66,4.66,-200.0,40.0,
1000,"[-6, -9, -12, -15]",-6,3,4,6,20,-295.5,-2955.0,206,81.07,18.93,-14.34,5.29,-200.0,60.0,
1000,"[-5, -9, -13, -17, -21, -25]",-5,4,6,7,20,-296.8333,-2968.33,197,79.19,20.81,-15.07,6.61,-200.0,58.33,
1000,"[-5, -9, -13, -17, -21]",-5,4,5,5,20,-297.0,-2970.0,265,85.66,14.34,-11.21,4.4,-200.0,50.0,
1000,"[-6, -11, -16, -21, -26, -31]",-6,5,6,7,10,-297.0,-2970.0,325,42.77,57.23,-9.14,2.38,-83.33,23.33,
1000,"[-7, -12, -17, -22]",-7,5,4,3,10,-297.0,-2970.0,352,60.23,39.77,-8.44,0.7,-100.0,15.0,
1000,"[-5, -10, -15, -20, -25]",-5,5,5,4,20,-297.6,-2976.0,296,87.84,12.16,-10.05,3.64,-200.0,32.0,
1000,"[-7, -10, -13, -16, -19, -22]",-7,3,6,4,20,-298.0,-2980.0,241,87.14,12.86,-12.37,2.52,-200.0,40.0,
1000,"[-7, -11, -15, -19, -23, -27]",-7,4,6,4,10,-298.6667,-2986.67,336,52.68,47.32,-8.89,0.98,-83.33,13.33,
1000,"[-8, -12, -16, -20, -24, -28]",-8,4,6,7,10,-298.6667,-2986.67,246,29.27,70.73,-12.14,1.5,-100.0,23.33,
1000,"[-8, -13, -18, -23, -28]",-8,5,5,5,10,-300.0,-3000.0,262,37.02,62.98,-11.45,0.84,-80.0,20.0,
1000,"[-6, -11, -16, -21, -26]",-6,5,5,3,10,-300.6,-3006.0,426,64.08,35.92,-7.06,0.87,-100.0,12.0,
1000,"[-8, -12, -16, -20, -24]",-8,4,5,5,20,-302.0,-3020.0,176,81.82,18.18,-17.16,3.45,-200.0,40.0,
1000,"[-8, -12, -16, -20, -24]",-8,4,5,7,25,-302.0,-3020.0,125,81.6,18.4,-24.16,7.75,-250.0,56.0,
1000,"[-7, -12, -17, -22]",-7,5,4,7,20,-302.5,-3025.0,168,76.79,23.21,-18.01,6.18,-200.0,70.0,
1000,"[-8, -11, -14]",-8,3,3,4,20,-302.6667,-3026.67,193,83.42,16.58,-15.68,2.67,-200.0,40.0,
1000,"[-7, -10, -13, -16]",-7,3,4,6,20,-303.5,-3035.0,186,80.11,19.89,-16.32,4.74,-200.0,60.0,
1000,"[-8, -13, -18, -23]",-8,5,4,3,15,-303.75,-3037.5,239,76.99,23.01,-12.71,1.28,-150.0,30.0,
1000,"[-6, -10, -14, -18, -22]",-6,4,5,6,20,-304.4,-3044.0,201,81.09,18.91,-15.14,5.31,-200.0,60.0,
1000,"[-8, -13, -18, -23, -28]",-8,5,5,6,10,-304.4,-3044.0,258,34.11,65.89,-11.8,1.12,-100.0,12.0,
1000,"[-8, -13, -18, -23, -28]",-8,5,5,4,15,-304.6,-3046.0,221,70.14,29.86,-13.78,1.89,-150.0,32.0,
1000,"[-7, -12, -17, -22, -27]",-7,5,5,7,10,-304.8,-3048.0,288,36.81,63.19,-10.58,1.99,-80.0,28.0,
1000,"[-8, -12, -16]",-8,4,3,4,20,-305.3333,-3053.33,195,84.1,15.9,-15.66,2.58,-200.0,40.0,
1000,"[-8, -13, -18]",-8,5,3,6,20,-306.0,-3060.0,161,78.88,21.12,-19.01,4.43,-200.0,60.0,
1000,"[-7, -12, -17, -22, -27]",-7,5,5,6,10,-306.4,-3064.0,301,40.2,59.8,-10.18,1.75,-100.0,24.0,
1000,"[-5, -10, -15, -20, -25, -30]",-5,5,6,3,15,-307.5,-3075.0,432,84.49,15.51,-7.12,1.79,-150.0,20.0,
1000,"[-8, -12, -16, -20, -24]",-8,4,5,3,10,-308.6,-3086.0,277,48.74,51.26,-11.14,0.48,-100.0,12.0,
1000,"[-6, -11, -16, -21, -26, -31]",-6,5,6,6,10,-309.0,-3090.0,337,44.81,55.19,-9.17,2.15,-83.33,20.0,
1000,"[-5, -9, -13, -17, -21, -25]",-5,4,6,6,15,-309.5,-3095.0,284,73.94,26.06,-10.9,4.14,-150.0,50.0,
1000,"[-7, -12, -17, -22, -27]",-7,5,5,7,15,-310.0,-3100.0,205,63.41,36.59,-15.12,4.66,-150.0,56.0,
1000,"[-7, -11, -15, -19, -23, -27]",-7,4,6,5,10,-310.8333,-3108.33,319,47.02,52.98,-9.74,1.29,-100.0,16.67,
1000,"[-7, -12, -17, -22, -27]",-7,5,5,6,15,-312.0,-3120.0,217,65.9,34.1,-14.38,3.97,-150.0,48.0,
1000,"[-6, -11, -16, -21, -26, -31]",-6,5,6,5,10,-312.5,-3125.0,360,48.89,51.11,-8.68,1.78,-83.33,16.67,
1000,"[-8, -11, -14]",-8,3,3,5,20,-313.3333,-3133.33,172,79.65,20.35,-18.22,3.64,-200.0,50.0,
1000,"[-5, -9, -13, -17, -21, -25]",-5,4,6,4,15,-314.0,-3140.0,378,81.22,18.78,-8.31,2.49,-150.0,33.33,
1000,"[-7, -11, -15, -19, -23, -27]",-7,4,6,3,15,-314.0,-3140.0,299,80.94,19.06,-10.5,1.44,-150.0,25.0,
1000,"[-8, -11, -14, -17]",-8,3,4,4,20,-314.0,-3140.0,200,85.0,15.0,-15.7,2.45,-200.0,40.0,
1000,"[-6, -9, -12, -15]",-6,3,4,7,20,-314.25,-3142.5,189,78.31,21.69,-16.63,6.08,-200.0,70.0,
1000,"[-8, -12, -16, -20, -24, -28]",-8,4,6,3,15,-314.5,-3145.0,233,73.82,26.18,-13.5,1.35,-150.0,20.0,
1000,"[-8, -13, -18, -23]",-8,5,4,7,25,-314.75,-3147.5,125,80.8,19.2,-25.18,7.74,-250.0,70.0,
1000,"[-7, -12, -17]",-7,5,3,5,20,-315.0,-3150.0,200,82.5,17.5,-15.75,4.0,-200.0,50.0,
1000,"[-8, -13, -18, -23, -28]",-8,5,5,5,15,-315.0,-3150.0,208,66.35,33.65,-15.14,2.3,-150.0,40.0,
1000,"[-8, -13, -18, -23, -28]",-8,5,5,6,15,-315.0,-3150.0,197,63.45,36.55,-15.99,3.07,-150.0,48.0,
1000,"[-7, -12, -17, -22]",-7,5,4,4,15,-316.0,-3160.0,268,76.12,23.88,-11.79,2.14,-150.0,40.0,
1000,"[-8, -11, -14]",-8,3,3,6,20,-316.0,-3160.0,162,77.16,22.84,-19.51,4.39,-200.0,60.0,
1000,"[-7, -10, -13, -16]",-7,3,4,7,20,-316.25,-3162.5,173,77.46,22.54,-18.28,5.81,-200.0,70.0,
1000,"[-8, -12, -16, -20, -24, -28]",-8,4,6,6,20,-316.3333,-3163.33,159,77.36,22.64,-19.9,4.55,-200.0,40.0,
1000,"[-6, -11, -16, -21, -26]",-6,5,5,4,10,-316.8,-3168.0,397,57.43,42.57,-7.98,1.24,-100.0,16.0,
1000,"[-5, -10, -15, -20, -25, -30]",-5,5,6,7,15,-318.0,-3180.0,245,69.8,30.2,-12.98,5.1,-150.0,46.67,
1000,"[-8, -13, -18, -23, -28]",-8,5,5,7,15,-318.0,-3180.0,184,59.78,40.22,-17.28,3.88,-150.0,56.0,
1000,"[-8, -13, -18, -23, -28]",-8,5,5,7,10,-319.2,-3192.0,246,29.27,70.73,-12.98,1.5,-100.0,14.0,
1000,"[-6, -11, -16, -21, -26]",-6,5,5,4,15,-320.0,-3200.0,309,77.67,22.33,-10.36,2.43,-150.0,32.0,
1000,"[-7, -11, -15, -19, -23]",-7,4,5,6,20,-320.8,-3208.0,181,79.56,20.44,-17.72,5.11,-200.0,60.0,
1000,"[-8, -11, -14, -17, -20, -23]",-8,3,6,4,20,-321.3333,-3213.33,200,85.0,15.0,-16.07,2.45,-200.0,40.0,
1000,"[-7, -11, -15, -19, -23, -27]",-7,4,6,7,20,-321.5,-3215.0,166,75.9,24.1,-19.37,6.02,-200.0,58.33,
1000,"[-5, -9, -13, -17, -21, -25]",-5,4,6,5,15,-321.6667,-3216.67,323,77.09,22.91,-9.96,3.36,-150.0,41.67,
1000,"[-8, -13, -18]",-8,5,3,5,20,-321.6667,-3216.67,173,80.92,19.08,-18.59,3.39,-200.0,50.0,
1000,"[-8, -12, -16, -20, -24]",-8,4,5,4,10,-322.0,-3220.0,271,43.17,56.83,-11.88,0.67,-100.0,16.0,
1000,"[-8, -12, -16, -20, -24]",-8,4,5,4,20,-322.4,-3224.0,195,84.1,15.9,-16.53,2.58,-200.0,32.0,
1000,"[-7, -12, -17, -22]",-7,5,4,3,15,-323.25,-3232.5,291,79.73,20.27,-11.11,1.56,-150.0,30.0,
1000,"[-8, -11, -14, -17]",-8,3,4,5,20,-323.75,-3237.5,178,81.46,18.54,-18.19,3.29,-200.0,50.0,
1000,"[-7, -11, -15, -19, -23]",-7,4,5,3,10,-323.8,-3238.0,352,60.23,39.77,-9.2,0.69,-100.0,12.0,
1000,"[-5, -10, -15, -20, -25]",-5,5,5,5,20,-325.0,-3250.0,257,84.82,15.18,-12.65,4.65,-200.0,40.0,
1000,"[-8, -13, -18, -23]",-8,5,4,7,20,-325.0,-3250.0,146,73.97,26.03,-22.26,5.62,-200.0,70.0,
1000,"[-6, -11, -16, -21, -26]",-6,5,5,7,15,-325.4,-3254.0,227,66.96,33.04,-14.33,4.81,-150.0,56.0,
1000,"[-5, -10, -15, -20, -25]",-5,5,5,6,20,-326.4,-3264.0,224,82.14,17.86,-14.57,5.67,-200.0,48.0,
1000,"[-7, -10, -13, -16, -19]",-7,3,5,4,20,-326.4,-3264.0,241,87.14,12.86,-13.54,2.52,-200.0,40.0,
1000,"[-7, -10, -13, -16, -19]",-7,3,5,6,20,-326.8,-3268.0,185,81.08,18.92,-17.66,4.73,-200.0,60.0,
1000,"[-5, -9, -13, -17, -21]",-5,4,5,3,15,-327.0,-3270.0,451,86.03,13.97,-7.25,1.63,-150.0,30.0,
1000,"[-6, -10, -14, -18, -22]",-6,4,5,7,20,-327.2,-3272.0,183,78.14,21.86,-17.88,6.31,-200.0,70.0,
1000,"[-8, -11, -14]",-8,3,3,7,20,-327.3333,-3273.33,148,73.65,26.35,-22.12,5.39,-200.0,70.0,
1000,"[-5, -10, -15, -20, -25, -30]",-5,5,6,6,15,-327.5,-3275.0,280,73.21,26.79,-11.7,4.23,-150.0,40.0,
1000,"[-7, -11, -15]",-7,4,3,6,20,-328.0,-3280.0,181,78.45,21.55,-18.12,5.15,-200.0,60.0,
1000,"[-8, -13, -18]",-8,5,3,4,20,-328.0,-3280.0,194,84.02,15.98,-16.91,2.67,-200.0,40.0,
1000,"[-6, -11, -16]",-6,5,3,7,20,-330.0,-3300.0,181,77.35,22.65,-18.23,6.46,-200.0,70.0,
1000,"[-8, -12, -16]",-8,4,3,6,20,-330.0,-3300.0,159,77.36,22.64,-20.75,4.55,-200.0,60.0,
1000,"[-6, -11, -16, -21]",-6,5,4,7,20,-330.75,-3307.5,181,77.35,22.65,-18.27,6.46,-200.0,70.0,
1000,"[-8, -12, -16, -20, -24, -28]",-8,4,6,5,15,-330.8333,-3308.33,207,66.18,33.82,-15.98,2.42,-150.0,33.33,
1000,"[-7, -12, -17, -22]",-7,5,4,4,10,-331.0,-3310.0,336,52.68,47.32,-9.85,0.98,-100.0,20.0,
1000,"[-8, -12, -16, -20, -24, -28]",-8,4,6,7,20,-331.1667,-3311.67,145,73.79,26.21,-22.84,5.77,-200.0,46.67,
1000,"[-5, -9, -13, -17, -21, -25]",-5,4,6,7,15,-331.5,-3315.0,240,69.17,30.83,-13.81,5.23,-150.0,58.33,
1000,"[-8, -12, -16, -20, -24, -28]",-8,4,6,4,15,-332.3333,-3323.33,221,69.68,30.32,-15.04,1.85,-150.0,26.67,
1000,"[-7, -12, -17, -22]",-7,5,4,6,20,-333.0,-3330.0,177,77.97,22.03,-18.81,5.4,-200.0,60.0,
1000,"[-8, -13, -18, -23]",-8,5,4,3,10,-333.0,-3330.0,277,48.74,51.26,-12.02,0.48,-100.0,15.0,
1000,"[-5, -8, -11, -14, -17]",-5,3,5,6,20,-334.4,-3344.0,229,82.53,17.47,-14.6,5.44,-200.0,60.0,
1000,"[-8, -11, -14, -17, -20, -23]",-8,3,6,3,10,-335.6667,-3356.67,277,48.74,51.26,-12.12,0.48,-100.0,10.0,
1000,"[-8, -12, -16, -20, -24, -28]",-8,4,6,7,15,-335.6667,-3356.67,184,59.78,40.22,-18.24,3.95,-150.0,46.67,
1000,"[-7, -11, -15, -19]",-7,4,4,4,20,-336.0,-3360.0,232,86.21,13.79,-14.48,2.85,-200.0,40.0,
1000,"[-6, -10, -14, -18, -22, -26]",-6,4,6,4,15,-336.1667,-3361.67,317,78.23,21.77,-10.6,2.27,-150.0,33.33,
1000,"[-5, -9, -13, -17, -21]",-5,4,5,7,20,-336.2,-3362.0,197,79.19,20.81,-17.07,6.61,-200.0,70.0,
1000,"[-8, -12, -16, -20, -24, -28]",-8,4,6,6,15,-336.5,-3365.0,197,62.94,37.06,-17.08,3.05,-150.0,40.0,
1000,"[-5, -8, -11, -14, -17]",-5,3,5,7,20,-337.0,-3370.0,204,79.9,20.1,-16.52,6.33,-200.0,70.0,
1000,"[-5, -9, -13, -17]",-5,4,4,7,20,-337.0,-3370.0,197,79.19,20.81,-17.11,6.61,-200.0,70.0,
1000,"[-6, -10, -14, -18]",-6,4,4,6,20,-337.0,-3370.0,201,81.09,18.91,-16.77,5.31,-200.0,60.0,
1000,"[-7, -11, -15, -19, -23, -27]",-7,4,6,7,10,-337.0,-3370.0,290,37.24,62.76,-11.62,1.96,-83.33,23.33,
1000,"[-5, -10, -15, -20, -25]",-5,5,5,7,20,-337.2,-3372.0,197,79.19,20.81,-17.12,6.63,-200.0,56.0,
1000,"[-7, -11, -15, -19]",-7,4,4,5,20,-337.5,-3375.0,204,83.33,16.67,-16.54,3.83,-200.0,50.0,
1000,"[-7, -12, -17]",-7,5,3,7,20,-339.0,-3390.0,168,76.79,23.21,-20.18,6.18,-200.0,70.0,
1000,"[-6, -11, -16, -21, -26]",-6,5,5,6,15,-339.6,-3396.0,242,69.01,30.99,-14.03,4.18,-150.0,48.0,
1000,"[-6, -11, -16, -21]",-6,5,4,6,20,-340.0,-3400.0,193,79.27,20.73,-17.62,5.66,-200.0,60.0,
1000,"[-7, -10, -13, -16, -19, -22]",-7,3,6,7,20,-340.0,-3400.0,174,78.16,21.84,-19.54,5.74,-200.0,70.0,
1000,"[-8, -11, -14, -17, -20, -23]",-8,3,6,5,20,-340.0,-3400.0,178,81.46,18.54,-19.1,3.29,-200.0,50.0,
1000,"[-6, -10, -14, -18, -22]",-6,4,5,3,15,-341.4,-3414.0,365,83.56,16.44,-9.35,1.47,-150.0,30.0,
1000,"[-6, -11, -16]",-6,5,3,6,20,-342.0,-3420.0,193,79.27,20.73,-17.72,5.66,-200.0,60.0,
1000,"[-7, -11, -15, -19, -23, -27]",-7,4,6,6,10,-342.0,-3420.0,302,40.4,59.6,-11.32,1.73,-100.0,20.0,
1000,"[-8, -12, -16, -20, -24]",-8,4,5,5,10,-342.0,-3420.0,262,37.02,62.98,-13.05,0.83,-100.0,20.0,
1000,"[-8, -12, -16, -20, -24]",-8,4,5,6,10,-342.0,-3420.0,258,34.11,65.89,-13.26,1.11,-100.0,24.0,
1000,"[-5, -10, -15, -20, -25, -30]",-5,5,6,5,15,-342.5,-3425.0,313,76.04,23.96,-10.94,3.55,-150.0,33.33,
1000,"[-6, -11, -16, -21]",-6,5,4,3,15,-342.75,-3427.5,354,82.77,17.23,-9.68,1.63,-150.0,30.0,
1000,"[-6, -9, -12, -15, -18, -21]",-6,3,6,6,20,-344.6667,-3446.67,207,81.64,18.36,-16.65,5.21,-200.0,60.0,
1000,"[-6, -11, -16, -21, -26]",-6,5,5,5,15,-345.0,-3450.0,267,72.28,27.72,-12.92,3.44,-150.0,40.0,
1000,"[-5, -10, -15, -20, -25, -30]",-5,5,6,4,15,-345.6667,-3456.67,357,79.27,20.73,-9.68,2.75,-150.0,26.67,
1000,"[-5, -10, -15, -20]",-5,5,4,4,20,-347.0,-3470.0,296,87.84,12.16,-11.72,3.64,-200.0,40.0,
1000,"[-8, -12, -16]",-8,4,3,7,20,-347.0,-3470.0,145,73.79,26.21,-23.93,5.77,-200.0,70.0,
1000,"[-7, -12, -17, -22]",-7,5,4,5,10,-347.5,-3475.0,319,47.02,52.98,-10.89,1.3,-100.0,25.0,
1000,"[-6, -11, -16, -21]",-6,5,4,5,20,-348.75,-3487.5,216,81.94,18.06,-16.15,4.66,-200.0,50.0,
1000,"[-7, -10, -13, -16, -19, -22]",-7,3,6,3,15,-349.5,-3495.0,304,81.58,18.42,-11.5,1.23,-150.0,30.0,
1000,"[-8, -13, -18, -23]",-8,5,4,4,10,-349.5,-3495.0,271,43.17,56.83,-12.9,0.69,-100.0,20.0,
1000,"[-6, -9, -12, -15, -18]",-6,3,5,6,20,-350.8,-3508.0,207,81.64,18.36,-16.95,5.21,-200.0,60.0,
1000,"[-8, -12, -16, -20]",-8,4,4,5,20,-352.5,-3525.0,176,81.82,18.18,-20.03,3.45,-200.0,50.0,
1000,"[-8, -11, -14, -17, -20, -23]",-8,3,6,4,10,-353.0,-3530.0,271,43.17,56.83,-13.03,0.67,-100.0,13.33,
1000,"[-6, -11, -16]",-6,5,3,5,20,-353.3333,-3533.33,216,81.94,18.06,-16.36,4.66,-200.0,50.0,
1000,"[-7, -12, -17, -22]",-7,5,4,5,15,-353.75,-3537.5,242,71.07,28.93,-14.62,2.93,-150.0,50.0,
1000,"[-7, -11, -15]",-7,4,3,7,20,-355.6667,-3556.67,165,75.15,24.85,-21.56,6.09,-200.0,70.0,
1000,"[-5, -8, -11, -14, -17, -20]",-5,3,6,5,20,-355.8333,-3558.33,269,86.25,13.75,-13.23,4.32,-200.0,50.0,
1000,"[-6, -11, -16, -21, -26]",-6,5,5,7,10,-356.4,-3564.0,325,42.77,57.23,-10.97,2.38,-100.0,28.0,
1000,"[-8, -12, -16, -20, -24]",-8,4,5,7,10,-356.4,-3564.0,246,29.27,70.73,-14.49,1.5,-100.0,28.0,
1000,"[-6, -10, -14, -18, -22, -26]",-6,4,6,7,15,-357.5,-3575.0,232,67.67,32.33,-15.41,4.64,-150.0,58.33,
1000,"[-7, -11, -15, -19, -23]",-7,4,5,4,10,-358.4,-3584.0,336,52.68,47.32,-10.67,0.98,-100.0,16.0,
1000,"[-8, -11, -14, -17, -20, -23]",-8,3,6,3,15,-360.0,-3600.0,240,76.67,23.33,-15.0,1.23,-150.0,30.0,
1000,"[-6, -10, -14, -18]",-6,4,4,7,20,-360.75,-3607.5,183,78.14,21.86,-19.71,6.31,-200.0,70.0,
1000,"[-5, -9, -13, -17, -21]",-5,4,5,6,15,-362.4,-3624.0,284,73.94,26.06,-12.76,4.14,-150.0,60.0,
1000,"[-8, -12, -16, -20, -24]",-8,4,5,6,20,-363.6,-3636.0,159,77.36,22.64,-22.87,4.55,-200.0,48.0,
1000,"[-5, -10, -15, -20, -25]",-5,5,5,3,15,-366.0,-3660.0,432,84.49,15.51,-8.47,1.79,-150.0,24.0,
1000,"[-8, -11, -14, -17]",-8,3,4,6,20,-366.0,-3660.0,162,77.78,22.22,-22.59,4.3,-200.0,60.0,
1000,"[-6, -9, -12, -15, -18, -21]",-6,3,6,7,20,-366.3333,-3663.33,188,78.72,21.28,-19.49,6.09,-200.0,70.0,
1000,"[-6, -10, -14, -18, -22, -26]",-6,4,6,6,15,-366.5,-3665.0,252,70.24,29.76,-14.54,3.91,-150.0,50.0,
1000,"[-7, -11, -15, -19, -23, -27]",-7,4,6,4,15,-367.5,-3675.0,268,75.37,24.63,-13.71,2.18,-150.0,33.33,
1000,"[-5, -9, -13, -17, -21]",-5,4,5,4,15,-367.8,-3678.0,378,81.22,18.78,-9.73,2.49,-150.0,40.0,
1000,"[-7, -11, -15, -19, -23]",-7,4,5,3,15,-367.8,-3678.0,299,80.94,19.06,-12.3,1.44,-150.0,30.0,
1000,"[-5, -9, -13, -17, -21, -25]",-5,4,6,3,10,-369.1667,-3691.67,531,70.62,29.38,-6.95,1.03,-100.0,10.0,
1000,"[-7, -10, -13, -16, -19]",-7,3,5,7,20,-369.4,-3694.0,174,78.16,21.84,-21.23,5.74,-200.0,70.0,
1000,"[-7, -11, -15, -19, -23]",-7,4,5,7,20,-369.8,-3698.0,166,75.9,24.1,-22.28,6.02,-200.0,70.0,
1000,"[-8, -11, -14, -17, -20]",-8,3,5,4,20,-370.4,-3704.0,200,85.0,15.0,-18.52,2.45,-200.0,40.0,
1000,"[-6, -11, -16, -21]",-6,5,4,3,10,-370.75,-3707.5,426,64.08,35.92,-8.7,0.87,-100.0,15.0,
1000,"[-6, -11, -16, -21, -26]",-6,5,5,6,10,-370.8,-3708.0,337,44.81,55.19,-11.0,2.15,-100.0,24.0,
1000,"[-8, -11, -14, -17, -20, -23]",-8,3,6,5,10,-370.8333,-3708.33,262,37.02,62.98,-14.15,0.83,-100.0,16.67,
1000,"[-7, -11, -15, -19, -23]",-7,4,5,5,10,-371.0,-3710.0,319,47.02,52.98,-11.63,1.29,-100.0,20.0,
1000,"[-7, -11, -15, -19]",-7,4,4,6,20,-372.5,-3725.0,181,79.56,20.44,-20.58,5.11,-200.0,60.0,
1000,"[-6, -9, -12, -15, -18]",-6,3,5,7,20,-373.0,-3730.0,188,78.72,21.28,-19.84,6.09,-200.0,70.0,
1000,"[-6, -10, -14, -18, -22, -26]",-6,4,6,5,15,-374.1667,-3741.67,278,73.38,26.62,-13.46,3.16,-150.0,41.67,
1000,"[-8, -12, -16, -20, -24]",-8,4,5,3,15,-374.4,-3744.0,233,73.82,26.18,-16.07,1.35,-150.0,24.0,
1000,"[-5, -8, -11, -14, -17, -20]",-5,3,6,3,15,-375.0,-3750.0,454,86.56,13.44,-8.26,1.61,-150.0,30.0,
1000,"[-6, -11, -16, -21, -26]",-6,5,5,5,10,-375.0,-3750.0,360,48.89,51.11,-10.42,1.78,-100.0,20.0,
1000,"[-8, -13, -18, -23]",-8,5,4,5,10,-375.0,-3750.0,262,37.02,62.98,-14.31,0.84,-100.0,25.0,
1000,"[-8, -11, -14, -17, -20, -23]",-8,3,6,6,10,-375.3333,-3753.33,258,34.11,65.89,-14.55,1.11,-100.0,20.0,
1000,"[-5, -10, -15, -20, -25]",-5,5,5,7,15,-375.6,-3756.0,245,69.8,30.2,-15.33,5.1,-150.0,56.0,
1000,"[-7, -12, -17, -22]",-7,5,4,7,15,-376.25,-3762.5,205,63.41,36.59,-18.35,4.66,-150.0,70.0,
1000,"[-5, -9, -13, -17, -21]",-5,4,5,5,15,-377.0,-3770.0,323,77.09,22.91,-11.67,3.36,-150.0,50.0,
1000,"[-8, -13, -18, -23]",-8,5,4,4,15,-377.0,-3770.0,221,70.14,29.86,-17.06,1.89,-150.0,40.0,
1000,"[-8, -13, -18, -23]",-8,5,4,6,10,-378.0,-3780.0,258,34.11,65.89,-14.65,1.12,-100.0,15.0,
1000,"[-7, -10, -13, -16, -19, -22]",-7,3,6,4,15,-378.1667,-3781.67,277,77.26,22.74,-13.65,1.91,-150.0,40.0,
1000,"[-8, -12, -16, -20]",-8,4,4,3,10,-378.25,-3782.5,277,48.74,51.26,-13.66,0.48,-100.0,15.0,
1000,"[-8, -11, -14, -17]",-8,3,4,7,20,-378.5,-3785.0,150,74.67,25.33,-25.23,5.24,-200.0,70.0,
1000,"[-7, -12, -17, -22]",-7,5,4,6,15,-378.75,-3787.5,217,65.9,34.1,-17.45,3.97,-150.0,60.0,
1000,"[-7, -12, -17]",-7,5,3,3,10,-379.3333,-3793.33,352,60.23,39.77,-10.78,0.7,-100.0,20.0,
1000,"[-7, -12, -17, -22]",-7,5,4,6,10,-380.5,-3805.0,301,40.2,59.8,-12.64,1.75,-100.0,30.0,
1000,"[-7, -12, -17, -22]",-7,5,4,7,10,-381.0,-3810.0,288,36.81,63.19,-13.23,1.99,-100.0,35.0,
1000,"[-5, -10, -15, -20]",-5,5,4,5,20,-381.25,-3812.5,257,84.82,15.18,-14.83,4.65,-200.0,50.0,
1000,"[-8, -12, -16, -20, -24]",-8,4,5,7,20,-381.4,-3814.0,145,73.79,26.21,-26.3,5.77,-200.0,56.0,
1000,"[-8, -13, -18, -23]",-8,5,4,5,15,-382.5,-3825.0,208,66.35,33.65,-18.39,2.3,-150.0,50.0,
1000,"[-8, -13, -18, -23]",-8,5,4,6,15,-382.5,-3825.0,197,63.45,36.55,-19.42,3.07,-150.0,60.0,
1000,"[-5, -10, -15, -20]",-5,5,4,6,20,-383.0,-3830.0,224,82.14,17.86,-17.1,5.67,-200.0,60.0,
1000,"[-8, -12, -16, -20]",-8,4,4,4,20,-383.0,-3830.0,195,84.1,15.9,-19.64,2.58,-200.0,40.0,
1000,"[-8, -11, -14, -17, -20, -23]",-8,3,6,6,20,-384.3333,-3843.33,162,77.78,22.22,-23.72,4.3,-200.0,60.0,
1000,"[-7, -12, -17]",-7,5,3,6,20,-386.0,-3860.0,177,77.97,22.03,-21.81,5.4,-200.0,60.0,
1000,"[-8, -13, -18, -23]",-8,5,4,7,15,-386.25,-3862.5,184,59.78,40.22,-20.99,3.88,-150.0,70.0,
1000,"[-5, -10, -15, -20, -25]",-5,5,5,6,15,-387.0,-3870.0,280,73.21,26.79,-13.82,4.23,-150.0,48.0,
1000,"[-8, -12, -16, -20, -24]",-8,4,5,5,15,-388.0,-3880.0,207,66.18,33.82,-18.74,2.42,-150.0,40.0,
1000,"[-6, -11, -16, -21]",-6,5,4,4,15,-388.75,-3887.5,309,77.67,22.33,-12.58,2.43,-150.0,40.0,
1000,"[-5, -9, -13, -17, -21]",-5,4,5,7,15,-388.8,-3888.0,240,69.17,30.83,-16.2,5.23,-150.0,70.0,
1000,"[-8, -11, -14, -17, -20]",-8,3,5,5,20,-389.0,-3890.0,178,81.46,18.54,-21.85,3.29,-200.0,50.0,
1000,"[-8, -13, -18]",-8,5,3,7,20,-389.0,-3890.0,146,73.97,26.03,-26.64,5.62,-200.0,70.0,
1000,"[-6, -11, -16, -21]",-6,5,4,4,10,-391.0,-3910.0,397,57.43,42.57,-9.85,1.24,-100.0,20.0,
1000,"[-8, -13, -18]",-8,5,3,3,15,-391.0,-3910.0,239,76.99,23.01,-16.36,1.28,-150.0,30.0,
1000,"[-8, -11, -14, -17, -20, -23]",-8,3,6,7,10,-391.8333,-3918.33,246,29.27,70.73,-15.93,1.48,-100.0,23.33,
1000,"[-8, -11, -14, -17, -20, -23]",-8,3,6,4,15,-393.0,-3930.0,227,72.25,27.75,-17.31,1.74,-150.0,40.0,
1000,"[-7, -11, -15, -19, -23, -27]",-7,4,6,5,15,-393.3333,-3933.33,242,70.66,29.34,-16.25,2.85,-150.0,41.67,
1000,"[-5, -8, -11]",-5,3,3,7,15,-393.6667,-3936.67,248,70.16,29.84,-15.87,5.0,-150.0,70.0,
1000,"[-8, -12, -16, -20, -24]",-8,4,5,7,15,-393.8,-3938.0,184,59.78,40.22,-21.4,3.95,-150.0,56.0,
1000,"[-6, -9, -12, -15, -18, -21]",-6,3,6,3,15,-394.0,-3940.0,363,84.02,15.98,-10.85,1.5,-150.0,30.0,
1000,"[-7, -10, -13, -16, -19, -22]",-7,3,6,5,15,-394.1667,-3941.67,258,73.64,26.36,-15.28,2.47,-150.0,50.0,
1000,"[-5, -9, -13, -17]",-5,4,4,3,15,-394.5,-3945.0,451,86.03,13.97,-8.75,1.63,-150.0,30.0,
1000,"[-7, -11, -15, -19]",-7,4,4,3,10,-394.75,-3947.5,352,60.23,39.77,-11.21,0.69,-100.0,15.0,
1000,"[-8, -11, -14, -17, -20]",-8,3,5,3,10,-394.8,-3948.0,277,48.74,51.26,-14.25,0.48,-100.0,12.0,
1000,"[-8, -12, -16, -20, -24]",-8,4,5,6,15,-394.8,-3948.0,197,62.94,37.06,-20.04,3.05,-150.0,48.0,
1000,"[-8, -12, -16, -20]",-8,4,4,4,10,-395.0,-3950.0,271,43.17,56.83,-14.58,0.67,-100.0,20.0,
1000,"[-6, -11, -16, -21]",-6,5,4,7,15,-395.5,-3955.0,227,66.96,33.04,-17.42,4.81,-150.0,70.0,
1000,"[-8, -12, -16, -20, -24]",-8,4,5,4,15,-395.8,-3958.0,221,69.68,30.32,-17.91,1.85,-150.0,32.0,
1000,"[-5, -10, -15, -20]",-5,5,4,7,20,-396.5,-3965.0,197,79.19,20.81,-20.13,6.63,-200.0,70.0,
1000,"[-8, -13, -18, -23]",-8,5,4,7,10,-396.5,-3965.0,246,29.27,70.73,-16.12,1.5,-100.0,17.5,
1000,"[-6, -10, -14, -18, -22]",-6,4,5,4,15,-397.4,-3974.0,317,78.23,21.77,-12.54,2.27,-150.0,40.0,
1000,"[-5, -8, -11]",-5,3,3,3,15,-398.0,-3980.0,448,85.71,14.29,-8.88,1.68,-150.0,30.0,
1000,"[-8, -11, -14, -17, -20, -23]",-8,3,6,7,20,-398.8333,-3988.33,150,74.67,25.33,-26.59,5.24,-200.0,70.0,
1000,"[-7, -11, -15, -19, -23]",-7,4,5,7,10,-404.4,-4044.0,290,37.24,62.76,-13.94,1.96,-100.0,28.0,
1000,"[-5, -10, -15, -20, -25]",-5,5,5,5,15,-405.0,-4050.0,313,76.04,23.96,-12.94,3.55,-150.0,40.0,
1000,"[-7, -12, -17]",-7,5,3,4,15,-407.6667,-4076.67,268,76.12,23.88,-15.21,2.14,-150.0,40.0,
1000,"[-7, -11, -15, -19, -23]",-7,4,5,6,10,-408.4,-4084.0,302,40.4,59.6,-13.52,1.73,-100.0,24.0,
1000,"[-5, -10, -15, -20, -25]",-5,5,5,4,15,-408.8,-4088.0,357,79.27,20.73,-11.45,2.75,-150.0,32.0,
1000,"[-5, -8, -11, -14, -17, -20]",-5,3,6,6,20,-410.0,-4100.0,229,82.53,17.47,-17.9,5.44,-200.0,60.0,
1000,"[-7, -10, -13, -16, -19]",-7,3,5,3,15,-411.0,-4110.0,304,81.58,18.42,-13.52,1.23,-150.0,30.0,
1000,"[-7, -11, -15, -19, -23, -27]",-7,4,6,7,15,-411.8333,-4118.33,201,62.69,37.31,-20.49,4.46,-150.0,58.33,
1000,"[-6, -11, -16, -21]",-6,5,4,6,15,-413.25,-4132.5,242,69.01,30.99,-17.08,4.18,-150.0,60.0,
1000,"[-5, -10, -15, -20, -25, -30]",-5,5,6,3,10,-414.6667,-4146.67,514,67.51,32.49,-8.07,1.14,-83.33,10.0,
1000,"[-7, -11, -15, -19, -23, -27]",-7,4,6,6,15,-415.0,-4150.0,222,66.22,33.78,-18.69,3.74,-150.0,50.0,
1000,"[-5, -8, -11, -14, -17, -20]",-5,3,6,7,20,-415.1667,-4151.67,204,79.9,20.1,-20.35,6.33,-200.0,70.0,
1000,"[-8, -11, -14, -17, -20]",-8,3,5,4,10,-415.6,-4156.0,271,43.17,56.83,-15.34,0.67,-100.0,16.0,
1000,"[-6, -10, -14, -18]",-6,4,4,3,15,-416.25,-4162.5,365,83.56,16.44,-11.4,1.47,-150.0,30.0,
1000,"[-6, -9, -12, -15, -18, -21]",-6,3,6,3,10,-417.0,-4170.0,434,66.36,33.64,-9.61,0.81,-100.0,15.0,
1000,"[-7, -12, -17]",-7,5,3,3,15,-417.0,-4170.0,291,79.73,20.27,-14.33,1.56,-150.0,30.0,
1000,"[-6, -10, -14, -18, -22]",-6,4,5,7,15,-420.0,-4200.0,232,67.67,32.33,-18.1,4.64,-150.0,70.0,
1000,"[-6, -11, -16, -21]",-6,5,4,5,15,-420.0,-4200.0,267,72.28,27.72,-15.73,3.44,-150.0,50.0,
1000,"[-8, -12, -16, -20]",-8,4,4,5,10,-420.0,-4200.0,262,37.02,62.98,-16.03,0.83,-100.0,25.0,
1000,"[-8, -12, -16, -20]",-8,4,4,6,10,-420.0,-4200.0,258,34.11,65.89,-16.28,1.11,-100.0,30.0,
1000,"[-7, -10, -13, -16, -19, -22]",-7,3,6,7,15,-420.5,-4205.0,212,65.09,34.91,-19.83,4.24,-150.0,70.0,
1000,"[-6, -10, -14, -18, -22, -26]",-6,4,6,3,10,-421.1667,-4211.67,426,64.08,35.92,-9.89,0.87,-100.0,10.0,
1000,"[-7, -10, -13, -16, -19, -22]",-7,3,6,3,10,-422.3333,-4223.33,352,60.23,39.77,-12.0,0.69,-100.0,10.0,
1000,"[-8, -11, -14, -17, -20]",-8,3,5,3,15,-423.6,-4236.0,240,76.67,23.33,-17.65,1.23,-150.0,30.0,
1000,"[-8, -12, -16, -20]",-8,4,4,6,20,-424.5,-4245.0,159,77.36,22.64,-26.7,4.55,-200.0,60.0,
1000,"[-7, -12, -17]",-7,5,3,4,10,-424.6667,-4246.67,336,52.68,47.32,-12.64,0.98,-100.0,26.67,
1000,"[-7, -10, -13, -16, -19, -22]",-7,3,6,6,15,-425.5,-4255.0,230,68.26,31.74,-18.5,3.39,-150.0,60.0,
1000,"[-5, -9, -13]",-5,4,3,3,15,-428.0,-4280.0,451,86.03,13.97,-9.49,1.63,-150.0,30.0,
1000,"[-6, -9, -12]",-6,3,3,3,15,-428.0,-4280.0,363,84.02,15.98,-11.79,1.5,-150.0,30.0,
1000,"[-5, -8, -11]",-5,3,3,6,15,-429.0,-4290.0,283,73.5,26.5,-15.16,4.12,-150.0,60.0,
1000,"[-7, -11, -15, -19]",-7,4,4,7,20,-429.0,-4290.0,166,75.9,24.1,-25.84,6.02,-200.0,70.0,
1000,"[-8, -11, -14, -17, -20, -23]",-8,3,6,6,15,-429.0,-4290.0,198,63.64,36.36,-21.67,2.9,-150.0,60.0,
1000,"[-8, -13, -18]",-8,5,3,3,10,-430.6667,-4306.67,277,48.74,51.26,-15.55,0.48,-100.0,20.0,
1000,"[-6, -10, -14, -18, -22]",-6,4,5,6,15,-430.8,-4308.0,252,70.24,29.76,-17.1,3.91,-150.0,60.0,
1000,"[-8, -11, -14, -17, -20, -23]",-8,3,6,5,15,-430.8333,-4308.33,210,66.67,33.33,-20.52,2.25,-150.0,50.0,
1000,"[-7, -11, -15, -19, -23]",-7,4,5,4,15,-432.0,-4320.0,268,75.37,24.63,-16.12,2.18,-150.0,40.0,
1000,"[-6, -11, -16]",-6,5,3,3,15,-433.0,-4330.0,354,82.77,17.23,-12.23,1.63,-150.0,30.0,
1000,"[-5, -8, -11, -14, -17]",-5,3,5,3,15,-433.8,-4338.0,454,86.56,13.44,-9.56,1.61,-150.0,30.0,
1000,"[-8, -11, -14, -17, -20]",-8,3,5,6,20,-434.4,-4344.0,162,77.78,22.22,-26.81,4.3,-200.0,60.0,
1000,"[-5, -9, -13, -17]",-5,4,4,6,15,-435.75,-4357.5,284,73.94,26.06,-15.34,4.14,-150.0,60.0,
1000,"[-5, -9, -13, -17, -21]",-5,4,5,3,10,-437.0,-4370.0,531,70.62,29.38,-8.23,1.03,-100.0,12.0,
1000,"[-8, -11, -14, -17, -20]",-8,3,5,5,10,-437.0,-4370.0,262,37.02,62.98,-16.68,0.83,-100.0,20.0,
1000,"[-7, -11, -15, -19]",-7,4,4,4,10,-438.0,-4380.0,336,52.68,47.32,-13.04,0.98,-100.0,20.0,
1000,"[-8, -12, -16, -20]",-8,4,4,7,10,-438.0,-4380.0,246,29.27,70.73,-17.8,1.5,-100.0,35.0,
1000,"[-5, -8, -11, -14, -17, -20]",-5,3,6,3,10,-439.8333,-4398.33,536,71.08,28.92,-8.21,0.98,-100.0,15.0,
1000,"[-6, -10, -14, -18, -22]",-6,4,5,5,15,-440.0,-4400.0,278,73.38,26.62,-15.83,3.16,-150.0,50.0,
1000,"[-5, -8, -11, -14, -17, -20]",-5,3,6,7,15,-440.5,-4405.0,248,70.16,29.84,-17.76,4.99,-150.0,70.0,
1000,"[-5, -9, -13, -17]",-5,4,4,4,15,-442.0,-4420.0,378,81.22,18.78,-11.69,2.49,-150.0,40.0,
1000,"[-8, -11, -14, -17, -20]",-8,3,5,6,10,-442.4,-4424.0,258,34.11,65.89,-17.15,1.11,-100.0,24.0,
1000,"[-6, -9, -12, -15, -18, -21]",-6,3,6,4,10,-442.6667,-4426.67,403,59.55,40.45,-10.98,1.14,-100.0,20.0,
1000,"[-6, -11, -16, -21]",-6,5,4,7,10,-443.0,-4430.0,325,42.77,57.23,-13.63,2.38,-100.0,35.0,
1000,"[-5, -9, -13, -17, -21, -25]",-5,4,6,4,10,-443.6667,-4436.67,463,61.34,38.66,-9.58,1.52,-100.0,13.33,
1000,"[-5, -8, -11, -14, -17, -20]",-5,3,6,4,15,-444.1667,-4441.67,382,81.41,18.59,-11.63,2.39,-150.0,40.0,
1000,"[-7, -10, -13, -16, -19]",-7,3,5,4,15,-445.6,-4456.0,277,77.26,22.74,-16.09,1.91,-150.0,40.0,
1000,"[-5, -10, -15, -20]",-5,5,4,3,15,-446.25,-4462.5,432,84.49,15.51,-10.33,1.79,-150.0,30.0,
1000,"[-7, -12, -17]",-7,5,3,5,10,-446.6667,-4466.67,319,47.02,52.98,-14.0,1.3,-100.0,33.33,
1000,"[-8, -12, -16, -20]",-8,4,4,7,20,-446.75,-4467.5,145,73.79,26.21,-30.81,5.77,-200.0,70.0,
1000,"[-7, -11, -15, -19]",-7,4,4,3,15,-449.25,-4492.5,299,80.94,19.06,-15.03,1.44,-150.0,30.0,
1000,"[-5, -8, -11]",-5,3,3,4,15,-449.3333,-4493.33,377,80.9,19.1,-11.92,2.46,-150.0,40.0,
1000,"[-8, -11, -14, -17, -20]",-8,3,5,7,20,-452.0,-4520.0,150,74.67,25.33,-30.13,5.24,-200.0,70.0,
1000,"[-8, -11, -14, -17, -20, -23]",-8,3,6,7,15,-452.5,-4525.0,187,59.89,40.11,-24.2,3.64,-150.0,70.0,
1000,"[-8, -13, -18]",-8,5,3,4,10,-452.6667,-4526.67,271,43.17,56.83,-16.7,0.69,-100.0,26.67,
1000,"[-5, -8, -11]",-5,3,3,5,15,-453.3333,-4533.33,324,76.85,23.15,-13.99,3.39,-150.0,50.0,
1000,"[-6, -10, -14, -18, -22, -26]",-6,4,6,4,10,-453.6667,-4536.67,397,57.43,42.57,-11.43,1.25,-100.0,13.33,
1000,"[-5, -9, -13, -17]",-5,4,4,5,15,-453.75,-4537.5,323,77.09,22.91,-14.05,3.36,-150.0,50.0,
1000,"[-7, -11, -15, -19]",-7,4,4,5,10,-453.75,-4537.5,319,47.02,52.98,-14.22,1.29,-100.0,25.0,
1000,"[-8, -12, -16, -20]",-8,4,4,3,15,-456.75,-4567.5,233,73.82,26.18,-19.6,1.35,-150.0,30.0,
1000,"[-5, -10, -15, -20]",-5,5,4,7,15,-458.25,-4582.5,245,69.8,30.2,-18.7,5.1,-150.0,70.0,
1000,"[-7, -12, -17]",-7,5,3,5,15,-458.3333,-4583.33,242,71.07,28.93,-18.94,2.93,-150.0,50.0,
1000,"[-6, -9, -12, -15, -18]",-6,3,5,3,15,-458.4,-4584.0,363,84.02,15.98,-12.63,1.5,-150.0,30.0,
1000,"[-6, -11, -16, -21]",-6,5,4,6,10,-461.0,-4610.0,337,44.81,55.19,-13.68,2.15,-100.0,30.0,
1000,"[-6, -9, -12, -15, -18, -21]",-6,3,6,4,15,-461.8333,-4618.33,327,79.2,20.8,-14.12,2.1,-150.0,40.0,
1000,"[-8, -11, -14, -17, -20]",-8,3,5,7,10,-462.2,-4622.0,246,29.27,70.73,-18.79,1.48,-100.0,28.0,
1000,"[-7, -11, -15, -19, -23]",-7,4,5,5,15,-463.0,-4630.0,242,70.66,29.34,-19.13,2.85,-150.0,50.0,
1000,"[-8, -11, -14, -17, -20]",-8,3,5,4,15,-463.4,-4634.0,227,72.25,27.75,-20.41,1.74,-150.0,40.0,
1000,"[-6, -11, -16, -21]",-6,5,4,5,10,-463.75,-4637.5,360,48.89,51.11,-12.88,1.78,-100.0,25.0,
1000,"[-7, -10, -13, -16, -19]",-7,3,5,5,15,-465.0,-4650.0,258,73.64,26.36,-18.02,2.47,-150.0,50.0,
1000,"[-5, -9, -13, -17]",-5,4,4,7,15,-465.25,-4652.5,240,69.17,30.83,-19.39,5.23,-150.0,70.0,
1000,"[-5, -8, -11, -14, -17, -20]",-5,3,6,6,15,-469.0,-4690.0,283,73.5,26.5,-16.57,4.11,-150.0,60.0,
1000,"[-5, -8, -11, -14]",-5,3,4,3,15,-469.5,-4695.0,454,86.56,13.44,-10.34,1.61,-150.0,30.0,
1000,"[-5, -10, -15, -20, -25, -30]",-5,5,6,6,10,-470.6667,-4706.67,380,50.0,50.0,-12.39,2.43,-83.33,20.0,
1000,"[-5, -9, -13, -17, -21, -25]",-5,4,6,5,10,-470.8333,-4708.33,417,55.4,44.6,-11.29,2.01,-100.0,16.67,
1000,"[-6, -11, -16]",-6,5,3,3,10,-471.0,-4710.0,426,64.08,35.92,-11.06,0.87,-100.0,20.0,
1000,"[-5, -10, -15, -20, -25, -30]",-5,5,6,7,10,-472.0,-4720.0,348,45.69,54.31,-13.56,2.77,-83.33,23.33,
1000,"[-5, -10, -15, -20]",-5,5,4,6,15,-472.5,-4725.0,280,73.21,26.79,-16.87,4.23,-150.0,60.0,
1000,"[-8, -12, -16, -20]",-8,4,4,5,15,-473.75,-4737.5,207,66.18,33.82,-22.89,2.42,-150.0,50.0,
1000,"[-7, -10, -13, -16, -19, -22]",-7,3,6,4,10,-476.0,-4760.0,336,52.68,47.32,-14.17,0.98,-100.0,13.33,
1000,"[-8, -11, -14, -17]",-8,3,4,3,10,-476.0,-4760.0,277,48.74,51.26,-17.18,0.48,-100.0,15.0,
1000,"[-5, -9, -13, -17, -21, -25]",-5,4,6,6,10,-477.6667,-4776.67,387,51.16,48.84,-12.34,2.34,-100.0,20.0,
1000,"[-5, -8, -11, -14, -17, -20]",-5,3,6,5,15,-479.1667,-4791.67,325,76.92,23.08,-14.74,3.33,-150.0,50.0,
1000,"[-8, -12, -16]",-8,4,3,3,10,-481.0,-4810.0,277,48.74,51.26,-17.36,0.48,-100.0,20.0,
1000,"[-8, -12, -16, -20]",-8,4,4,7,15,-481.0,-4810.0,184,59.78,40.22,-26.14,3.95,-150.0,70.0,
1000,"[-8, -12, -16, -20]",-8,4,4,6,15,-482.25,-4822.5,197,62.94,37.06,-24.48,3.05,-150.0,60.0,
1000,"[-8, -12, -16, -20]",-8,4,4,4,15,-483.5,-4835.0,221,69.68,30.32,-21.88,1.85,-150.0,40.0,
1000,"[-5, -9, -13]",-5,4,3,6,15,-484.0,-4840.0,283,73.85,26.15,-17.1,4.16,-150.0,60.0,
1000,"[-7, -12, -17]",-7,5,3,7,15,-484.0,-4840.0,205,63.41,36.59,-23.61,4.66,-150.0,70.0,
1000,"[-5, -10, -15, -20, -25, -30]",-5,5,6,5,10,-484.1667,-4841.67,403,52.85,47.15,-12.01,2.17,-83.33,16.67,
1000,"[-5, -10, -15, -20, -25, -30]",-5,5,6,4,10,-484.6667,-4846.67,445,57.75,42.25,-10.89,1.71,-83.33,13.33,
1000,"[-7, -11, -15, -19, -23]",-7,4,5,7,15,-485.2,-4852.0,201,62.69,37.31,-24.14,4.46,-150.0,70.0,
1000,"[-7, -10, -13, -16]",-7,3,4,3,15,-485.25,-4852.5,304,81.58,18.42,-15.96,1.23,-150.0,30.0,
1000,"[-5, -9, -13, -17, -21, -25]",-5,4,6,7,10,-486.0,-4860.0,352,46.31,53.69,-13.81,2.71,-100.0,23.33,
1000,"[-6, -9, -12, -15, -18]",-6,3,5,3,10,-486.4,-4864.0,434,66.36,33.64,-11.21,0.81,-100.0,18.0,
1000,"[-6, -10, -14, -18]",-6,4,4,4,15,-486.5,-4865.0,317,78.23,21.77,-15.35,2.27,-150.0,40.0,
1000,"[-8, -13, -18]",-8,5,3,5,10,-486.6667,-4866.67,262,37.02,62.98,-18.58,0.84,-100.0,33.33,
1000,"[-7, -11, -15, -19, -23]",-7,4,5,6,15,-489.0,-4890.0,222,66.22,33.78,-22.03,3.74,-150.0,60.0,
1000,"[-8, -13, -18]",-8,5,3,4,15,-489.0,-4890.0,221,70.14,29.86,-22.13,1.89,-150.0,40.0,
1000,"[-7, -12, -17]",-7,5,3,6,10,-490.6667,-4906.67,301,40.2,59.8,-16.3,1.75,-100.0,40.0,
1000,"[-8, -13, -18]",-8,5,3,6,10,-490.6667,-4906.67,258,34.11,65.89,-19.02,1.12,-100.0,20.0,
1000,"[-7, -12, -17]",-7,5,3,7,10,-491.3333,-4913.33,288,36.81,63.19,-17.06,1.99,-100.0,46.67,
1000,"[-7, -12, -17]",-7,5,3,6,15,-492.0,-4920.0,217,65.9,34.1,-22.67,3.97,-150.0,60.0,
1000,"[-6, -10, -14, -18, -22, -26]",-6,4,6,7,10,-492.8333,-4928.33,327,43.12,56.88,-15.07,2.37,-100.0,23.33,
1000,"[-6, -11, -16]",-6,5,3,4,15,-494.6667,-4946.67,309,77.67,22.33,-16.01,2.43,-150.0,40.0,
1000,"[-5, -10, -15, -20]",-5,5,4,5,15,-495.0,-4950.0,313,76.04,23.96,-15.81,3.55,-150.0,50.0,
1000,"[-7, -11, -15, -19]",-7,4,4,7,10,-495.5,-4955.0,290,37.24,62.76,-17.09,1.96,-100.0,35.0,
1000,"[-6, -9, -12, -15, -18, -21]",-6,3,6,5,15,-496.6667,-4966.67,287,74.56,25.44,-17.31,2.93,-150.0,50.0,
1000,"[-8, -13, -18]",-8,5,3,5,15,-496.6667,-4966.67,208,66.35,33.65,-23.88,2.3,-150.0,50.0,
1000,"[-7, -10, -13, -16, -19]",-7,3,5,3,10,-496.8,-4968.0,352,60.23,39.77,-14.11,0.69,-100.0,12.0,
1000,"[-7, -10, -13, -16, -19]",-7,3,5,7,15,-497.0,-4970.0,212,65.09,34.91,-23.44,4.24,-150.0,70.0,
1000,"[-8, -13, -18]",-8,5,3,6,15,-497.0,-4970.0,197,63.45,36.55,-25.23,3.07,-150.0,60.0,
1000,"[-5, -10, -15, -20, -25]",-5,5,5,3,10,-497.6,-4976.0,514,67.51,32.49,-9.68,1.14,-100.0,12.0,
1000,"[-6, -9, -12, -15, -18, -21]",-6,3,6,5,10,-498.3333,-4983.33,368,51.09,48.91,-13.54,1.6,-100.0,25.0,
1000,"[-6, -9, -12, -15, -18, -21]",-6,3,6,7,15,-499.3333,-4993.33,234,67.95,32.05,-21.34,4.57,-150.0,70.0,
1000,"[-5, -9, -13]",-5,4,3,4,15,-499.6667,-4996.67,377,81.17,18.83,-13.25,2.51,-150.0,40.0,
1000,"[-6, -11, -16]",-6,5,3,7,15,-499.6667,-4996.67,227,66.96,33.04,-22.01,4.81,-150.0,70.0,
1000,"[-5, -10, -15, -20]",-5,5,4,4,15,-499.75,-4997.5,357,79.27,20.73,-14.0,2.75,-150.0,40.0,
1000,"[-7, -11, -15, -19]",-7,4,4,6,10,-500.5,-5005.0,302,40.4,59.6,-16.57,1.73,-100.0,30.0,
1000,"[-7, -10, -13, -16, -19, -22]",-7,3,6,5,10,-500.8333,-5008.33,320,47.19,52.81,-15.65,1.29,-100.0,16.67,
1000,"[-6, -11, -16]",-6,5,3,4,10,-501.3333,-5013.33,397,57.43,42.57,-12.63,1.24,-100.0,26.67,
1000,"[-6, -10, -14, -18, -22]",-6,4,5,3,10,-501.4,-5014.0,426,64.08,35.92,-11.77,0.87,-100.0,12.0,
1000,"[-8, -11, -14, -17]",-8,3,4,4,10,-502.0,-5020.0,271,43.17,56.83,-18.52,0.67,-100.0,20.0,
1000,"[-8, -13, -18]",-8,5,3,7,15,-502.3333,-5023.33,184,59.78,40.22,-27.3,3.88,-150.0,70.0,
1000,"[-7, -10, -13, -16, -19]",-7,3,5,6,15,-502.8,-5028.0,230,68.26,31.74,-21.86,3.39,-150.0,60.0,
1000,"[-7, -11, -15]",-7,4,3,3,10,-503.0,-5030.0,352,60.23,39.77,-14.29,0.69,-100.0,20.0,
1000,"[-8, -12, -16]",-8,4,3,4,10,-503.3333,-5033.33,271,43.17,56.83,-18.57,0.67,-100.0,26.67,
1000,"[-7, -10, -13]",-7,3,3,3,15,-504.0,-5040.0,304,81.58,18.42,-16.58,1.23,-150.0,30.0,
1000,"[-6, -10, -14, -18, -22, -26]",-6,4,6,6,10,-505.6667,-5056.67,339,45.13,54.87,-14.92,2.14,-100.0,20.0,
1000,"[-8, -11, -14, -17, -20]",-8,3,5,6,15,-507.0,-5070.0,198,63.64,36.36,-25.61,2.9,-150.0,60.0,
1000,"[-5, -8, -11, -14, -17]",-5,3,5,7,15,-507.4,-5074.0,248,70.16,29.84,-20.46,4.99,-150.0,70.0,
1000,"[-6, -10, -14, -18, -22, -26]",-6,4,6,5,10,-508.3333,-5083.33,360,48.89,51.11,-14.12,1.78,-100.0,16.67,
1000,"[-8, -11, -14, -17]",-8,3,4,3,15,-508.5,-5085.0,240,76.67,23.33,-21.19,1.23,-150.0,30.0,
1000,"[-8, -11, -14, -17, -20]",-8,3,5,5,15,-509.0,-5090.0,210,66.67,33.33,-24.24,2.25,-150.0,50.0,
1000,"[-6, -9, -12]",-6,3,3,4,15,-510.6667,-5106.67,326,79.14,20.86,-15.66,2.12,-150.0,40.0,
1000,"[-5, -8, -11, -14, -17]",-5,3,5,4,15,-511.4,-5114.0,382,81.41,18.59,-13.39,2.39,-150.0,40.0,
1000,"[-5, -9, -13]",-5,4,3,5,15,-511.6667,-5116.67,322,77.02,22.98,-15.89,3.38,-150.0,50.0,
1000,"[-6, -10, -14, -18]",-6,4,4,7,15,-511.75,-5117.5,232,67.67,32.33,-22.06,4.64,-150.0,70.0,
1000,"[-6, -10, -14]",-6,4,3,3,15,-512.0,-5120.0,365,83.56,16.44,-14.03,1.48,-150.0,30.0,
1000,"[-6, -9, -12, -15, -18, -21]",-6,3,6,7,10,-512.6667,-5126.67,331,43.81,56.19,-15.49,2.29,-100.0,35.0,
1000,"[-5, -9, -13]",-5,4,3,7,15,-515.0,-5150.0,240,69.17,30.83,-21.46,5.23,-150.0,70.0,
1000,"[-8, -13, -18]",-8,5,3,7,10,-515.3333,-5153.33,246,29.27,70.73,-20.95,1.5,-100.0,23.33,
1000,"[-5, -8, -11, -14, -17]",-5,3,5,3,10,-515.8,-5158.0,536,71.08,28.92,-9.62,0.98,-100.0,18.0,
1000,"[-6, -9, -12, -15, -18, -21]",-6,3,6,6,15,-516.0,-5160.0,252,70.24,29.76,-20.48,4.0,-150.0,60.0,
1000,"[-6, -9, -12, -15, -18, -21]",-6,3,6,6,10,-516.3333,-5163.33,346,46.53,53.47,-14.92,2.03,-100.0,30.0,
1000,"[-6, -9, -12, -15, -18]",-6,3,5,4,10,-517.2,-5172.0,403,59.55,40.45,-12.83,1.14,-100.0,24.0,
1000,"[-5, -8, -11, -14, -17, -20]",-5,3,6,4,10,-518.3333,-5183.33,470,62.13,37.87,-11.03,1.52,-100.0,20.0,
1000,"[-7, -10, -13, -16]",-7,3,4,4,15,-521.5,-5215.0,277,77.26,22.74,-18.83,1.92,-150.0,40.0,
1000,"[-6, -11, -16]",-6,5,3,6,15,-523.0,-5230.0,242,69.01,30.99,-21.61,4.18,-150.0,60.0,
1000,"[-6, -10, -14, -18]",-6,4,4,6,15,-525.0,-5250.0,252,70.24,29.76,-20.83,3.91,-150.0,60.0,
1000,"[-5, -9, -13, -17, -21]",-5,4,5,4,10,-526.4,-5264.0,463,61.34,38.66,-11.37,1.52,-100.0,16.0,
1000,"[-6, -9, -12]",-6,3,3,7,15,-527.6667,-5276.67,234,67.95,32.05,-22.55,4.57,-150.0,70.0,
1000,"[-8, -11, -14, -17]",-8,3,4,5,10,-528.75,-5287.5,262,37.02,62.98,-20.18,0.83,-100.0,25.0,
1000,"[-7, -11, -15, -19]",-7,4,4,4,15,-529.75,-5297.5,268,75.37,24.63,-19.77,2.18,-150.0,40.0,
1000,"[-5, -9, -13, -17]",-5,4,4,3,10,-531.25,-5312.5,531,70.62,29.38,-10.0,1.03,-100.0,15.0,
1000,"[-7, -10, -13]",-7,3,3,4,15,-533.0,-5330.0,277,77.26,22.74,-19.24,1.92,-150.0,40.0,
1000,"[-8, -11, -14, -17, -20]",-8,3,5,7,15,-535.4,-5354.0,187,59.89,40.11,-28.63,3.64,-150.0,70.0,
1000,"[-8, -11, -14, -17]",-8,3,4,6,10,-535.5,-5355.0,258,34.11,65.89,-20.76,1.11,-100.0,30.0,
1000,"[-6, -10, -14, -18]",-6,4,4,5,15,-536.25,-5362.5,278,73.38,26.62,-19.29,3.16,-150.0,50.0,
1000,"[-6, -11, -16]",-6,5,3,5,15,-536.6667,-5366.67,267,72.28,27.72,-20.1,3.44,-150.0,50.0,
1000,"[-8, -12, -16]",-8,4,3,5,10,-536.6667,-5366.67,262,37.02,62.98,-20.48,0.83,-100.0,33.33,
1000,"[-8, -12, -16]",-8,4,3,6,10,-536.6667,-5366.67,258,34.11,65.89,-20.8,1.11,-100.0,40.0,
1000,"[-6, -9, -12, -15]",-6,3,4,3,15,-537.0,-5370.0,363,84.02,15.98,-14.79,1.5,-150.0,30.0,
1000,"[-5, -8, -11, -14, -17]",-5,3,5,6,15,-538.2,-5382.0,283,73.5,26.5,-19.02,4.11,-150.0,60.0,
1000,"[-5, -8, -11, -14, -17, -20]",-5,3,6,6,10,-540.0,-5400.0,391,51.66,48.34,-13.81,2.31,-100.0,30.0,
1000,"[-6, -9, -12, -15, -18]",-6,3,5,4,15,-540.0,-5400.0,327,79.2,20.8,-16.51,2.1,-150.0,40.0,
1000,"[-6, -10, -14, -18, -22]",-6,4,5,4,10,-540.4,-5404.0,397,57.43,42.57,-13.61,1.25,-100.0,16.0,
1000,"[-7, -10, -13, -16, -19, -22]",-7,3,6,6,10,-541.0,-5410.0,303,40.59,59.41,-17.85,1.72,-100.0,20.0,
1000,"[-7, -10, -13, -16]",-7,3,4,5,15,-543.75,-5437.5,258,73.64,26.36,-21.08,2.47,-150.0,50.0,
1000,"[-5, -8, -11, -14, -17, -20]",-5,3,6,7,10,-544.0,-5440.0,361,47.65,52.35,-15.07,2.61,-100.0,35.0,
1000,"[-7, -10, -13, -16, -19, -22]",-7,3,6,7,10,-544.0,-5440.0,291,37.46,62.54,-18.69,1.97,-100.0,23.33,
1000,"[-7, -10, -13]",-7,3,3,5,15,-545.0,-5450.0,258,73.64,26.36,-21.12,2.47,-150.0,50.0,
1000,"[-6, -9, -12]",-6,3,3,5,15,-548.3333,-5483.33,286,74.48,25.52,-19.17,2.95,-150.0,50.0,
1000,"[-5, -8, -11, -14, -17]",-5,3,5,5,15,-550.0,-5500.0,325,76.92,23.08,-16.92,3.33,-150.0,50.0,
1000,"[-5, -8, -11, -14, -17, -20]",-5,3,6,5,10,-552.5,-5525.0,420,55.48,44.52,-13.15,2.04,-100.0,25.0,
1000,"[-8, -11, -14, -17]",-8,3,4,4,15,-555.0,-5550.0,227,72.25,27.75,-24.45,1.74,-150.0,40.0,
1000,"[-5, -8, -11, -14]",-5,3,4,7,15,-555.25,-5552.5,248,70.16,29.84,-22.39,5.0,-150.0,70.0,
1000,"[-7, -11, -15]",-7,4,3,4,10,-557.3333,-5573.33,336,52.68,47.32,-16.59,0.98,-100.0,26.67,
1000,"[-5, -9, -13, -17, -21]",-5,4,5,5,10,-559.0,-5590.0,417,55.4,44.6,-13.41,2.01,-100.0,20.0,
1000,"[-6, -9, -12]",-6,3,3,6,15,-559.0,-5590.0,252,70.24,29.76,-22.18,4.0,-150.0,60.0,
1000,"[-8, -11, -14, -17]",-8,3,4,7,10,-560.25,-5602.5,246,29.27,70.73,-22.77,1.48,-100.0,35.0,
1000,"[-8, -12, -16]",-8,4,3,7,10,-560.6667,-5606.67,246,29.27,70.73,-22.79,1.5,-100.0,46.67,
1000,"[-7, -10, -13, -16, -19]",-7,3,5,4,10,-561.2,-5612.0,336,52.68,47.32,-16.7,0.98,-100.0,16.0,
1000,"[-7, -11, -15]",-7,4,3,3,15,-562.0,-5620.0,299,80.94,19.06,-18.8,1.44,-150.0,30.0,
1000,"[-5, -10, -15, -20, -25]",-5,5,5,6,10,-564.8,-5648.0,380,50.0,50.0,-14.86,2.43,-100.0,24.0,
1000,"[-5, -10, -15, -20, -25]",-5,5,5,7,10,-566.4,-5664.0,348,45.69,54.31,-16.28,2.77,-100.0,28.0,
1000,"[-5, -10, -15]",-5,5,3,3,15,-567.0,-5670.0,432,84.49,15.51,-13.12,1.79,-150.0,30.0,
1000,"[-5, -9, -13, -17, -21]",-5,4,5,6,10,-567.2,-5672.0,387,51.16,48.84,-14.66,2.34,-100.0,24.0,
1000,"[-7, -11, -15, -19]",-7,4,4,5,15,-568.75,-5687.5,242,70.66,29.34,-23.5,2.85,-150.0,50.0,
1000,"[-6, -11, -16]",-6,5,3,7,10,-570.6667,-5706.67,325,42.77,57.23,-17.56,2.38,-100.0,46.67,
1000,"[-5, -8, -11, -14]",-5,3,4,4,15,-571.0,-5710.0,382,81.41,18.59,-14.95,2.39,-150.0,40.0,
1000,"[-5, -10, -15]",-5,5,3,7,15,-575.6667,-5756.67,245,69.8,30.2,-23.5,5.1,-150.0,70.0,
1000,"[-5, -9, -13, -17, -21]",-5,4,5,7,10,-577.2,-5772.0,352,46.31,53.69,-16.4,2.71,-100.0,28.0,
1000,"[-7, -10, -13, -16]",-7,3,4,7,15,-577.75,-5777.5,212,65.09,34.91,-27.25,4.25,-150.0,70.0,
1000,"[-7, -11, -15]",-7,4,3,5,10,-578.3333,-5783.33,319,47.02,52.98,-18.13,1.29,-100.0,33.33,
1000,"[-5, -10, -15, -20, -25]",-5,5,5,5,10,-581.0,-5810.0,403,52.85,47.15,-14.42,2.17,-100.0,20.0,
1000,"[-8, -12, -16]",-8,4,3,3,15,-581.0,-5810.0,233,73.82,26.18,-24.94,1.35,-150.0,30.0,
1000,"[-5, -10, -15, -20, -25]",-5,5,5,4,10,-581.6,-5816.0,445,57.75,42.25,-13.07,1.71,-100.0,16.0,
1000,"[-6, -9, -12, -15, -18]",-6,3,5,5,15,-582.0,-5820.0,287,74.56,25.44,-20.28,2.93,-150.0,50.0,
1000,"[-6, -9, -12, -15, -18]",-6,3,5,7,15,-582.6,-5826.0,234,67.95,32.05,-24.9,4.57,-150.0,70.0,
1000,"[-6, -9, -12, -15]",-6,3,4,3,10,-583.0,-5830.0,434,66.36,33.64,-13.43,0.81,-100.0,22.5,
1000,"[-6, -9, -12, -15, -18]",-6,3,5,5,10,-586.0,-5860.0,368,51.09,48.91,-15.92,1.6,-100.0,30.0,
1000,"[-7, -10, -13]",-7,3,3,7,15,-587.3333,-5873.33,212,65.09,34.91,-27.7,4.25,-150.0,70.0,
1000,"[-7, -10, -13, -16]",-7,3,4,6,15,-588.0,-5880.0,230,68.26,31.74,-25.57,3.39,-150.0,60.0,
1000,"[-5, -10, -15]",-5,5,3,6,15,-589.0,-5890.0,280,73.21,26.79,-21.04,4.23,-150.0,60.0,
1000,"[-6, -10, -14, -18, -22]",-6,4,5,7,10,-589.4,-5894.0,327,43.12,56.88,-18.02,2.37,-100.0,28.0,
1000,"[-5, -8, -11, -14]",-5,3,4,6,15,-589.5,-5895.0,283,73.5,26.5,-20.83,4.11,-150.0,60.0,
1000,"[-7, -10, -13, -16, -19]",-7,3,5,5,10,-591.0,-5910.0,320,47.19,52.81,-18.47,1.29,-100.0,20.0,
1000,"[-6, -11, -16]",-6,5,3,6,10,-594.6667,-5946.67,337,44.81,55.19,-17.65,2.15,-100.0,40.0,
1000,"[-8, -11, -14]",-8,3,3,3,15,-595.0,-5950.0,240,76.67,23.33,-24.79,1.23,-150.0,30.0,
1000,"[-6, -10, -14]",-6,4,3,4,15,-596.3333,-5963.33,317,78.23,21.77,-18.81,2.27,-150.0,40.0,
1000,"[-8, -12, -16]",-8,4,3,5,15,-596.6667,-5966.67,207,66.18,33.82,-28.82,2.42,-150.0,50.0,
1000,"[-7, -11, -15, -19]",-7,4,4,7,15,-597.0,-5970.0,201,62.69,37.31,-29.7,4.46,-150.0,70.0,
1000,"[-8, -11, -14]",-8,3,3,3,10,-598.0,-5980.0,277,48.74,51.26,-21.59,0.48,-100.0,20.0,
1000,"[-6, -11, -16]",-6,5,3,5,10,-598.3333,-5983.33,360,48.89,51.11,-16.62,1.78,-100.0,33.33,
1000,"[-7, -11, -15, -19]",-7,4,4,6,15,-601.5,-6015.0,222,66.22,33.78,-27.09,3.74,-150.0,60.0,
1000,"[-6, -9, -12, -15, -18]",-6,3,5,6,15,-602.4,-6024.0,252,70.24,29.76,-23.9,4.0,-150.0,60.0,
1000,"[-6, -9, -12, -15, -18]",-6,3,5,7,10,-603.2,-6032.0,331,43.81,56.19,-18.22,2.29,-100.0,42.0,
1000,"[-7, -10, -13, -16]",-7,3,4,3,10,-603.5,-6035.0,352,60.23,39.77,-17.14,0.69,-100.0,15.0,
1000,"[-6, -10, -14, -18, -22]",-6,4,5,6,10,-604.8,-6048.0,339,45.13,54.87,-17.84,2.14,-100.0,24.0,
1000,"[-7, -10, -13]",-7,3,3,6,15,-605.0,-6050.0,230,68.26,31.74,-26.3,3.4,-150.0,60.0,
1000,"[-6, -10, -14, -18, -22]",-6,4,5,5,10,-606.0,-6060.0,360,48.89,51.11,-16.83,1.78,-100.0,20.0,
1000,"[-6, -10, -14]",-6,4,3,7,15,-607.0,-6070.0,232,67.67,32.33,-26.16,4.64,-150.0,70.0,
1000,"[-5, -8, -11, -14]",-5,3,4,5,15,-607.5,-6075.0,325,76.92,23.08,-18.69,3.33,-150.0,50.0,
1000,"[-6, -9, -12, -15, -18]",-6,3,5,6,10,-607.6,-6076.0,346,46.53,53.47,-17.56,2.03,-100.0,36.0,
1000,"[-5, -8, -11, -14, -17]",-5,3,5,4,10,-608.0,-6080.0,470,62.13,37.87,-12.94,1.52,-100.0,24.0,
1000,"[-8, -11, -14, -17]",-8,3,4,6,15,-608.25,-6082.5,198,63.64,36.36,-30.72,2.9,-150.0,60.0,
1000,"[-8, -12, -16]",-8,4,3,7,15,-608.3333,-6083.33,184,59.78,40.22,-33.06,3.95,-150.0,70.0,
1000,"[-8, -12, -16]",-8,4,3,6,15,-609.0,-6090.0,197,62.94,37.06,-30.91,3.06,-150.0,60.0,
1000,"[-8, -11, -14, -17]",-8,3,4,5,15,-610.0,-6100.0,210,66.67,33.33,-29.05,2.25,-150.0,50.0,
1000,"[-8, -12, -16]",-8,4,3,4,15,-612.3333,-6123.33,221,69.68,30.32,-27.71,1.85,-150.0,40.0,
1000,"[-6, -10, -14, -18]",-6,4,4,3,10,-614.25,-6142.5,426,64.08,35.92,-14.42,0.87,-100.0,15.0,
1000,"[-5, -10, -15, -20]",-5,5,4,3,10,-614.5,-6145.0,514,67.51,32.49,-11.96,1.14,-100.0,15.0,
1000,"[-5, -10, -15]",-5,5,3,5,15,-618.3333,-6183.33,313,76.04,23.96,-19.76,3.55,-150.0,50.0,
1000,"[-5, -8, -11, -14]",-5,3,4,3,10,-619.75,-6197.5,536,71.08,28.92,-11.56,0.98,-100.0,22.5,
1000,"[-6, -9, -12, -15]",-6,3,4,4,10,-624.0,-6240.0,403,59.55,40.45,-15.48,1.14,-100.0,30.0,
1000,"[-6, -10, -14]",-6,4,3,6,15,-629.0,-6290.0,252,70.24,29.76,-24.96,3.91,-150.0,60.0,
1000,"[-8, -11, -14]",-8,3,3,4,10,-632.6667,-6326.67,271,43.17,56.83,-23.35,0.67,-100.0,26.67,
1000,"[-6, -9, -12, -15]",-6,3,4,4,15,-633.0,-6330.0,327,79.2,20.8,-19.36,2.1,-150.0,40.0,
1000,"[-7, -11, -15]",-7,4,3,7,10,-634.0,-6340.0,290,37.24,62.76,-21.86,1.96,-100.0,46.67,
1000,"[-5, -10, -15]",-5,5,3,4,15,-635.3333,-6353.33,357,79.27,20.73,-17.8,2.76,-150.0,40.0,
1000,"[-5, -8, -11, -14, -17]",-5,3,5,6,10,-636.0,-6360.0,391,51.66,48.34,-16.27,2.31,-100.0,36.0,
1000,"[-8, -11, -14, -17]",-8,3,4,7,15,-639.0,-6390.0,187,59.89,40.11,-34.17,3.64,-150.0,70.0,
1000,"[-7, -10, -13, -16, -19]",-7,3,5,6,10,-639.2,-6392.0,303,40.59,59.41,-21.1,1.72,-100.0,24.0,
1000,"[-7, -11, -15]",-7,4,3,6,10,-640.6667,-6406.67,302,40.4,59.6,-21.21,1.73,-100.0,40.0,
1000,"[-5, -8, -11, -14, -17]",-5,3,5,7,10,-640.8,-6408.0,361,47.65,52.35,-17.75,2.61,-100.0,42.0,
1000,"[-7, -10, -13, -16, -19]",-7,3,5,7,10,-642.8,-6428.0,291,37.46,62.54,-22.09,1.97,-100.0,28.0,
1000,"[-5, -9, -13, -17]",-5,4,4,4,10,-643.0,-6430.0,463,61.34,38.66,-13.89,1.52,-100.0,20.0,
1000,"[-6, -10, -14]",-6,4,3,5,15,-643.3333,-6433.33,278,73.38,26.62,-23.14,3.16,-150.0,50.0,
1000,"[-8, -11, -14]",-8,3,3,4,15,-647.6667,-6476.67,227,72.25,27.75,-28.53,1.74,-150.0,40.0,
1000,"[-5, -8, -11, -14, -17]",-5,3,5,5,10,-649.0,-6490.0,420,55.48,44.52,-15.45,2.04,-100.0,30.0,
1000,"[-7, -11, -15]",-7,4,3,4,15,-655.3333,-6553.33,268,75.37,24.63,-24.45,2.19,-150.0,40.0,
1000,"[-6, -10, -14, -18]",-6,4,4,4,10,-663.0,-6630.0,397,57.43,42.57,-16.7,1.25,-100.0,20.0,
1000,"[-8, -11, -14]",-8,3,3,5,10,-668.3333,-6683.33,262,37.02,62.98,-25.51,0.83,-100.0,33.33,
1000,"[-5, -9, -13]",-5,4,3,3,10,-671.6667,-6716.67,531,70.62,29.38,-12.65,1.03,-100.0,20.0,
1000,"[-6, -9, -12, -15]",-6,3,4,7,15,-671.75,-6717.5,234,67.95,32.05,-28.71,4.57,-150.0,70.0,
1000,"[-8, -11, -14]",-8,3,3,6,10,-677.3333,-6773.33,258,34.11,65.89,-26.25,1.11,-100.0,40.0,
1000,"[-6, -9, -12, -15]",-6,3,4,5,15,-678.75,-6787.5,287,74.56,25.44,-23.65,2.93,-150.0,50.0,
1000,"[-5, -9, -13, -17]",-5,4,4,5,10,-681.25,-6812.5,417,55.4,44.6,-16.34,2.01,-100.0,25.0,
1000,"[-7, -10, -13, -16]",-7,3,4,4,10,-681.5,-6815.0,336,52.68,47.32,-20.28,0.98,-100.0,20.0,
1000,"[-5, -9, -13, -17]",-5,4,4,6,10,-691.5,-6915.0,387,51.16,48.84,-17.87,2.34,-100.0,30.0,
1000,"[-6, -9, -12, -15]",-6,3,4,6,15,-696.0,-6960.0,252,70.24,29.76,-27.62,4.0,-150.0,60.0,
1000,"[-5, -10, -15, -20]",-5,5,4,6,10,-698.5,-6985.0,380,50.0,50.0,-18.38,2.43,-100.0,30.0,
1000,"[-5, -10, -15, -20]",-5,5,4,7,10,-700.5,-7005.0,348,45.69,54.31,-20.13,2.77,-100.0,35.0,
1000,"[-7, -11, -15]",-7,4,3,5,15,-703.3333,-7033.33,242,70.66,29.34,-29.06,2.85,-150.0,50.0,
1000,"[-5, -9, -13, -17]",-5,4,4,7,10,-706.5,-7065.0,352,46.31,53.69,-20.07,2.71,-100.0,35.0,
1000,"[-8, -11, -14]",-8,3,3,7,10,-710.3333,-7103.33,246,29.27,70.73,-28.88,1.48,-100.0,46.67,
1000,"[-6, -9, -12, -15]",-6,3,4,5,10,-712.5,-7125.0,368,51.09,48.91,-19.36,1.6,-100.0,37.5,
1000,"[-5, -10, -15, -20]",-5,5,4,5,10,-718.75,-7187.5,403,52.85,47.15,-17.83,2.17,-100.0,25.0,
1000,"[-7, -10, -13, -16]",-7,3,4,5,10,-718.75,-7187.5,320,47.19,52.81,-22.46,1.29,-100.0,25.0,
1000,"[-5, -10, -15, -20]",-5,5,4,4,10,-719.5,-7195.0,445,57.75,42.25,-16.17,1.71,-100.0,20.0,
1000,"[-8, -11, -14]",-8,3,3,6,15,-722.0,-7220.0,198,63.64,36.36,-36.46,2.9,-150.0,60.0,
1000,"[-8, -11, -14]",-8,3,3,5,15,-723.3333,-7233.33,210,66.67,33.33,-34.44,2.25,-150.0,50.0,
1000,"[-6, -10, -14, -18]",-6,4,4,7,10,-724.25,-7242.5,327,43.12,56.88,-22.15,2.37,-100.0,35.0,
1000,"[-6, -9, -12]",-6,3,3,3,10,-730.6667,-7306.67,434,66.36,33.64,-16.84,0.81,-100.0,30.0,
1000,"[-7, -11, -15]",-7,4,3,7,15,-730.6667,-7306.67,201,62.69,37.31,-36.35,4.46,-150.0,70.0,
1000,"[-6, -9, -12, -15]",-6,3,4,7,10,-734.0,-7340.0,331,43.81,56.19,-22.18,2.29,-100.0,52.5,
1000,"[-5, -8, -11, -14]",-5,3,4,4,10,-735.0,-7350.0,470,62.13,37.87,-15.64,1.52,-100.0,30.0,
1000,"[-6, -9, -12, -15]",-6,3,4,6,10,-739.5,-7395.0,346,46.53,53.47,-21.37,2.03,-100.0,45.0,
1000,"[-7, -11, -15]",-7,4,3,6,15,-741.0,-7410.0,222,66.22,33.78,-33.38,3.74,-150.0,60.0,
1000,"[-6, -10, -14, -18]",-6,4,4,6,10,-743.5,-7435.0,339,45.13,54.87,-21.93,2.14,-100.0,30.0,
1000,"[-6, -10, -14, -18]",-6,4,4,5,10,-745.0,-7450.0,360,48.89,51.11,-20.69,1.78,-100.0,25.0,
1000,"[-8, -11, -14]",-8,3,3,7,15,-751.6667,-7516.67,187,59.89,40.11,-40.2,3.64,-150.0,70.0,
1000,"[-7, -10, -13]",-7,3,3,3,10,-768.0,-7680.0,352,60.23,39.77,-21.82,0.69,-100.0,20.0,
1000,"[-5, -8, -11, -14]",-5,3,4,6,10,-772.5,-7725.0,391,51.66,48.34,-19.76,2.31,-100.0,45.0,
1000,"[-5, -8, -11]",-5,3,3,3,10,-773.0,-7730.0,536,71.08,28.92,-14.42,0.98,-100.0,30.0,
1000,"[-5, -8, -11, -14]",-5,3,4,7,10,-776.0,-7760.0,361,47.65,52.35,-21.5,2.61,-100.0,52.5,
1000,"[-7, -10, -13, -16]",-7,3,4,6,10,-779.0,-7790.0,303,40.59,59.41,-25.71,1.72,-100.0,30.0,
1000,"[-7, -10, -13, -16]",-7,3,4,7,10,-783.5,-7835.0,291,37.46,62.54,-26.92,1.97,-100.0,35.0,
1000,"[-5, -8, -11, -14]",-5,3,4,5,10,-786.25,-7862.5,420,55.48,44.52,-18.72,2.04,-100.0,37.5,
1000,"[-6, -10, -14]",-6,4,3,3,10,-789.0,-7890.0,426,64.08,35.92,-18.52,0.87,-100.0,20.0,
1000,"[-6, -9, -12]",-6,3,3,4,10,-792.0,-7920.0,403,59.55,40.45,-19.65,1.14,-100.0,40.0,
1000,"[-5, -10, -15]",-5,5,3,3,10,-799.3333,-7993.33,514,67.51,32.49,-15.55,1.14,-100.0,20.0,
1000,"[-5, -9, -13]",-5,4,3,4,10,-827.3333,-8273.33,463,61.34,38.66,-17.87,1.52,-100.0,26.67,
1000,"[-6, -10, -14]",-6,4,3,4,10,-857.3333,-8573.33,397,57.43,42.57,-21.6,1.25,-100.0,26.67,
1000,"[-7, -10, -13]",-7,3,3,4,10,-872.0,-8720.0,336,52.68,47.32,-25.95,0.98,-100.0,26.67,
1000,"[-5, -9, -13]",-5,4,3,5,10,-875.0,-8750.0,417,55.4,44.6,-20.98,2.01,-100.0,33.33,
1000,"[-5, -9, -13]",-5,4,3,6,10,-888.6667,-8886.67,387,51.16,48.84,-22.96,2.34,-100.0,40.0,
1000,"[-5, -9, -13]",-5,4,3,7,10,-908.6667,-9086.67,352,46.31,53.69,-25.81,2.71,-100.0,46.67,
1000,"[-5, -10, -15]",-5,5,3,6,10,-911.3333,-9113.33,380,50.0,50.0,-23.98,2.43,-100.0,40.0,
1000,"[-6, -9, -12]",-6,3,3,5,10,-913.3333,-9133.33,368,51.09,48.91,-24.82,1.6,-100.0,50.0,
1000,"[-5, -10, -15]",-5,5,3,7,10,-914.0,-9140.0,348,45.69,54.31,-26.26,2.77,-100.0,46.67,
1000,"[-7, -10, -13]",-7,3,3,5,10,-921.6667,-9216.67,320,47.19,52.81,-28.8,1.29,-100.0,33.33,
1000,"[-5, -8, -11]",-5,3,3,4,10,-930.0,-9300.0,470,62.13,37.87,-19.79,1.52,-100.0,40.0,
1000,"[-5, -10, -15]",-5,5,3,5,10,-938.3333,-9383.33,403,52.85,47.15,-23.28,2.17,-100.0,33.33,
1000,"[-6, -10, -14]",-6,4,3,7,10,-939.0,-9390.0,327,43.12,56.88,-28.72,2.37,-100.0,46.67,
1000,"[-5, -10, -15]",-5,5,3,4,10,-939.3333,-9393.33,445,57.75,42.25,-21.11,1.71,-100.0,26.67,
1000,"[-6, -9, -12]",-6,3,3,7,10,-942.0,-9420.0,331,43.81,56.19,-28.46,2.29,-100.0,70.0,
1000,"[-6, -9, -12]",-6,3,3,6,10,-949.3333,-9493.33,346,46.53,53.47,-27.44,2.03,-100.0,60.0,
1000,"[-6, -10, -14]",-6,4,3,6,10,-964.6667,-9646.67,339,45.13,54.87,-28.46,2.14,-100.0,40.0,
1000,"[-6, -10, -14]",-6,4,3,5,10,-966.6667,-9666.67,360,48.89,51.11,-26.85,1.78,-100.0,33.33,
1000,"[-5, -8, -11]",-5,3,3,6,10,-983.3333,-9833.33,391,51.66,48.34,-25.15,2.31,-100.0,60.0,
1000,"[-5, -8, -11]",-5,3,3,7,10,-991.3333,-9913.33,361,47.65,52.35,-27.46,2.61,-100.0,70.0,
1000,"[-5, -8, -11]",-5,3,3,5,10,-998.3333,-9983.33,420,55.48,44.52,-23.77,2.04,-100.0,50.0,
1000,"[-7, -10, -13]",-7,3,3,6,10,-1002.0,-10020.0,303,40.59,59.41,-33.07,1.72,-100.0,40.0,
1000,"[-7, -10, -13]",-7,3,3,7,10,-1008.0,-10080.0,291,37.46,62.54,-34.64,1.97,-100.0,46.67,
