mode,initial_budget,dca_levels,first_level,level_step,num_levels,take_profit_percent,stop_loss_percent,roi,net_pnl,total_trades,win_rate,stop_loss_rate,avg_trade_pnl,avg_trade_duration_days,largest_loss,largest_profit,error
short,1000,"[8, 11, 14]",8,3,3,5,10,52.5724,525.72,343,31.78,73.18,1.53,0.88,-6.17,50.0,
short,1000,"[8, 11, 14]",8,3,3,4,10,51.2975,512.98,351,36.18,68.95,1.46,0.72,-6.17,40.0,
short,1000,"[8, 11, 14]",8,3,3,7,10,49.4592,494.59,327,25.99,80.12,1.51,1.13,-6.17,70.0,
short,1000,"[8, 11, 14, 17]",8,3,4,5,10,46.9079,469.08,343,31.78,73.18,1.37,0.88,-4.63,37.5,
short,1000,"[8, 11, 14, 17]",8,3,4,4,10,45.9518,459.52,351,36.18,68.95,1.31,0.72,-4.63,30.0,
short,1000,"[8, 11, 14, 17]",8,3,4,7,10,44.573,445.73,327,25.99,80.12,1.36,1.13,-4.63,52.5,
short,1000,"[8, 11, 14]",8,3,3,3,10,42.8857,428.86,359,41.5,63.23,1.19,0.49,-6.17,30.0,
short,1000,"[8, 11, 14]",8,3,3,6,10,42.8742,428.74,332,27.71,78.01,1.29,1.09,-6.17,60.0,
short,1000,"[8, 11, 14, 17, 20]",8,3,5,5,10,42.5263,425.26,343,31.78,73.18,1.24,0.88,-3.7,33.75,
short,1000,"[8, 12, 16]",8,4,3,4,10,42.0491,420.49,351,33.9,68.95,1.2,0.72,-6.17,26.67,
short,1000,"[8, 11, 14, 17, 20]",8,3,5,4,10,41.7614,417.61,351,36.18,68.95,1.19,0.72,-3.7,33.75,
short,1000,"[8, 12, 16]",8,4,3,5,10,41.2096,412.1,343,29.45,73.47,1.2,0.87,-6.17,33.33,
short,1000,"[8, 11, 14, 17, 20]",8,3,5,7,10,40.6584,406.58,327,25.99,80.12,1.24,1.13,-3.7,42.0,
short,1000,"[7, 11, 15]",7,4,3,3,10,40.5684,405.68,436,50.23,52.06,0.93,0.73,-9.35,20.0,
short,1000,"[8, 11, 14, 17]",8,3,4,3,10,39.6429,396.43,359,41.5,63.23,1.1,0.49,-4.63,22.5,
short,1000,"[8, 11, 14, 17]",8,3,4,6,10,39.6343,396.34,332,27.71,78.01,1.19,1.09,-4.63,45.0,
short,1000,"[8, 11, 14, 17, 20, 23]",8,3,6,5,10,38.9617,389.62,343,31.78,73.18,1.14,0.88,-3.09,45.74,
short,1000,"[8, 11, 14, 17, 20, 23]",8,3,6,4,10,38.3242,383.24,351,36.18,68.95,1.09,0.72,-3.09,45.74,
short,1000,"[8, 12, 16]",8,4,3,7,10,38.0844,380.84,327,22.94,80.12,1.16,1.13,-6.17,46.67,
short,1000,"[7, 11, 15, 19]",7,4,4,3,10,37.9894,379.89,436,50.23,52.06,0.87,0.73,-7.01,25.02,
short,1000,"[8, 12, 16, 20]",8,4,4,4,10,37.7869,377.87,351,33.9,68.95,1.08,0.72,-4.63,33.6,
short,1000,"[8, 11, 14, 17, 20, 23]",8,3,6,7,10,37.4051,374.05,327,25.99,80.12,1.14,1.13,-3.09,45.74,
short,1000,"[8, 12, 16]",8,4,3,3,10,37.3084,373.08,359,39.55,63.23,1.04,0.49,-6.17,20.0,
short,1000,"[8, 12, 16, 20]",8,4,4,5,10,37.1572,371.57,343,29.45,73.47,1.08,0.87,-4.63,33.6,
short,1000,"[6, 11, 16]",6,5,3,3,10,37.0105,370.1,514,56.81,44.75,0.72,1.03,-12.58,20.0,
short,1000,"[8, 11, 14, 17, 20]",8,3,5,3,10,36.7143,367.14,359,41.5,63.23,1.02,0.49,-3.7,33.75,
short,1000,"[8, 11, 14, 17, 20]",8,3,5,6,10,36.7074,367.07,332,27.71,78.01,1.11,1.09,-3.7,36.0,
short,1000,"[7, 12, 17]",7,5,3,3,15,36.6453,366.45,371,75.47,24.53,0.99,1.64,-33.85,20.0,
short,1000,"[7, 11, 15]",7,4,3,4,10,35.9086,359.09,417,42.69,59.71,0.86,1.01,-9.35,26.67,
short,1000,"[7, 11, 15]",7,4,3,6,10,35.7554,357.55,380,33.95,69.74,0.94,1.42,-9.35,40.0,
short,1000,"[8, 12, 16, 20]",8,4,4,7,10,34.8133,348.13,327,22.94,80.12,1.06,1.13,-4.63,35.0,
short,1000,"[8, 12, 16, 20, 24]",8,4,5,4,10,34.7456,347.46,351,33.9,68.95,0.99,0.72,-3.7,49.46,
short,1000,"[7, 11, 15, 19, 23]",7,4,5,3,10,34.6191,346.19,436,50.23,52.06,0.79,0.73,-5.61,41.15,
short,1000,"[7, 11, 15, 19]",7,4,4,4,10,34.4945,344.94,417,42.69,59.71,0.83,1.01,-7.01,25.02,
short,1000,"[8, 12, 16, 20, 24]",8,4,5,5,10,34.2419,342.42,343,29.45,73.47,1.0,0.87,-3.7,49.46,
short,1000,"[8, 12, 16, 20]",8,4,4,3,10,34.2313,342.31,359,39.55,63.23,0.95,0.49,-4.63,33.6,
short,1000,"[8, 11, 14, 17, 20, 23]",8,3,6,3,10,34.1183,341.18,359,41.5,63.23,0.95,0.49,-3.09,45.74,
short,1000,"[8, 11, 14, 17, 20, 23]",8,3,6,6,10,34.1126,341.13,332,27.71,78.01,1.03,1.09,-3.09,45.74,
short,1000,"[7, 11, 15]",7,4,3,5,10,33.6464,336.46,393,37.4,65.9,0.86,1.34,-9.35,33.33,
short,1000,"[7, 12, 17, 22]",7,5,4,3,15,33.2217,332.22,371,75.47,24.53,0.9,1.64,-25.39,15.0,
short,1000,"[7, 11, 15, 19]",7,4,4,5,10,32.7978,327.98,393,37.4,65.9,0.83,1.34,-7.01,25.02,
short,1000,"[8, 12, 16]",8,4,3,6,10,32.7458,327.46,332,25.0,78.01,0.99,1.09,-6.17,40.0,
short,1000,"[7, 11, 15, 19]",7,4,4,6,10,32.4888,324.89,380,33.95,69.74,0.85,1.42,-7.01,30.0,
short,1000,"[8, 12, 16, 20, 24]",8,4,5,7,10,32.3668,323.67,327,22.94,80.12,0.99,1.13,-3.7,49.46,
short,1000,"[6, 11, 16, 21]",6,5,4,3,10,32.3033,323.03,514,56.81,44.75,0.63,1.03,-9.43,28.48,
short,1000,"[7, 12, 17]",7,5,3,3,10,32.0363,320.36,436,49.08,52.06,0.73,0.73,-9.35,20.0,
short,1000,"[8, 12, 16, 20, 24]",8,4,5,3,10,31.9012,319.01,359,39.55,63.23,0.89,0.49,-3.7,49.46,
short,1000,"[7, 11, 15, 19, 23]",7,4,5,4,10,31.8232,318.23,417,42.69,59.71,0.76,1.01,-5.61,41.15,
short,1000,"[8, 12, 16, 20, 24, 28]",8,4,6,4,10,31.2984,312.98,351,33.9,68.95,0.89,0.72,-3.09,64.65,
short,1000,"[7, 11, 15, 19, 23, 27]",7,4,6,3,10,31.0802,310.8,436,50.23,52.06,0.71,0.73,-4.67,56.6,
short,1000,"[6, 11, 16, 21, 26]",6,5,5,3,10,30.922,309.22,514,56.81,44.75,0.6,1.03,-7.55,48.18,
short,1000,"[8, 12, 16, 20, 24, 28]",8,4,6,5,10,30.8787,308.79,343,29.45,73.47,0.9,0.87,-3.09,64.65,
short,1000,"[8, 12, 16, 20]",8,4,4,6,10,30.8093,308.09,332,25.0,78.01,0.93,1.09,-4.63,33.6,
short,1000,"[8, 13, 18]",8,5,3,4,10,30.6657,306.66,351,38.46,68.95,0.87,0.72,-6.17,26.67,
short,1000,"[7, 11, 15, 19, 23]",7,4,5,5,10,30.4659,304.66,393,37.4,65.9,0.78,1.34,-5.61,41.15,
short,1000,"[7, 11, 15, 19, 23]",7,4,5,6,10,30.2187,302.19,380,33.95,69.74,0.8,1.42,-5.61,41.15,
short,1000,"[8, 13, 18]",8,5,3,5,10,29.8262,298.26,343,34.11,73.47,0.87,0.87,-6.17,33.33,
short,1000,"[8, 12, 16, 20, 24, 28]",8,4,6,7,10,29.3161,293.16,327,22.94,80.12,0.9,1.13,-3.09,64.65,
short,1000,"[8, 12, 16, 20, 24]",8,4,5,6,10,29.1636,291.64,332,25.0,78.01,0.88,1.09,-3.7,49.46,
short,1000,"[7, 10, 13, 16, 19]",7,3,5,4,10,29.0733,290.73,418,42.58,59.33,0.7,1.01,-5.61,25.17,
short,1000,"[7, 12, 17, 22]",7,5,4,3,10,28.9452,289.45,436,49.08,52.06,0.66,0.73,-7.01,37.0,
short,1000,"[8, 12, 16, 20, 24, 28]",8,4,6,3,10,28.9281,289.28,359,39.55,63.23,0.81,0.49,-3.09,64.65,
short,1000,"[7, 10, 13, 16, 19]",7,3,5,3,10,28.849,288.49,436,49.77,52.06,0.66,0.73,-5.61,25.17,
short,1000,"[7, 10, 13, 16]",7,3,4,4,10,28.7785,287.79,418,42.58,59.33,0.69,1.01,-7.01,30.0,
short,1000,"[7, 11, 15, 19, 23, 27]",7,4,6,4,10,28.7503,287.5,417,42.69,59.71,0.69,1.01,-4.67,56.6,
short,1000,"[6, 9, 12, 15]",6,3,4,3,10,28.524,285.24,520,59.04,42.88,0.55,0.97,-11.73,22.5,
short,1000,"[8, 13, 18, 23, 28, 33]",8,5,6,3,0,28.5,285.0,26,100.0,0.0,10.96,2.81,5.0,30.0,
short,1000,"[7, 10, 13, 16]",7,3,4,3,10,28.4982,284.98,436,49.77,52.06,0.65,0.73,-7.01,22.5,
short,1000,"[7, 12, 17, 22, 27]",7,5,5,3,15,28.4671,284.67,371,75.74,24.53,0.77,1.64,-20.31,13.48,
short,1000,"[6, 11, 16, 21, 26, 31]",6,5,6,3,10,28.4401,284.4,514,56.81,44.75,0.55,1.03,-6.29,66.87,
short,1000,"[8, 13, 18, 23]",8,5,4,4,10,28.2838,282.84,351,38.46,68.95,0.81,0.72,-4.63,45.38,
short,1000,"[6, 9, 12, 15, 18]",6,3,5,3,10,28.2429,282.43,520,59.04,42.88,0.54,0.97,-9.38,18.0,
short,1000,"[8, 13, 18]",8,5,3,7,10,27.8598,278.6,327,29.05,80.12,0.85,1.13,-6.17,46.67,
short,1000,"[7, 10, 13, 16, 19]",7,3,5,3,15,27.7628,277.63,378,76.72,23.28,0.73,1.46,-27.58,24.0,
short,1000,"[8, 13, 18, 23]",8,5,4,5,10,27.6542,276.54,343,34.11,73.47,0.81,0.87,-4.63,45.38,
short,1000,"[7, 11, 15, 19, 23, 27]",7,4,6,5,10,27.6192,276.19,393,37.4,65.9,0.7,1.34,-4.67,56.6,
short,1000,"[7, 11, 15, 19, 23]",7,4,5,3,0,27.6,276.0,19,100.0,0.0,14.53,4.75,6.0,30.0,
short,1000,"[7, 10, 13, 16, 19, 22]",7,3,6,4,10,27.5064,275.06,418,42.58,59.33,0.66,1.01,-4.67,37.37,
short,1000,"[7, 11, 15, 19, 23, 27]",7,4,6,6,10,27.4132,274.13,380,33.95,69.74,0.72,1.42,-4.67,56.6,
short,1000,"[7, 10, 13, 16, 19, 22]",7,3,6,3,10,27.3195,273.19,436,49.77,52.06,0.63,0.73,-4.67,37.37,
short,1000,"[7, 10, 13, 16, 19, 22]",7,3,6,3,15,26.9608,269.61,378,76.72,23.28,0.71,1.46,-22.99,20.0,
short,1000,"[8, 12, 16, 20, 24, 28]",8,4,6,6,10,26.6468,266.47,332,25.0,78.01,0.8,1.09,-3.09,64.65,
short,1000,"[6, 9, 12, 15, 18, 21]",6,3,6,3,10,26.5661,265.66,520,59.04,42.88,0.51,0.97,-7.82,28.86,
short,1000,"[7, 10, 13, 16]",7,3,4,3,15,26.3001,263.0,378,76.72,23.28,0.7,1.46,-34.48,30.0,
short,1000,"[8, 13, 18, 23]",8,5,4,7,10,26.1794,261.79,327,29.05,80.12,0.8,1.13,-4.63,45.38,
short,1000,"[8, 13, 18]",8,5,3,3,10,25.9249,259.25,359,44.01,63.23,0.72,0.49,-6.17,25.28,
short,1000,"[7, 12, 17, 22, 27, 32]",7,5,6,3,15,25.8691,258.69,371,75.74,24.53,0.7,1.64,-16.93,32.7,
short,1000,"[7, 12, 17, 22, 27]",7,5,5,3,10,25.8333,258.33,436,49.08,52.06,0.59,0.73,-5.61,56.37,
short,1000,"[7, 11, 15]",7,4,3,7,10,25.4551,254.55,359,30.08,73.82,0.71,1.7,-9.35,46.67,
short,1000,"[8, 13, 18, 23, 28]",8,5,5,4,10,25.4396,254.4,351,38.46,68.95,0.72,0.72,-3.7,64.43,
short,1000,"[8, 13, 18, 23, 28]",8,5,5,3,0,25.2,252.0,18,100.0,0.0,14.0,4.19,6.0,30.0,
short,1000,"[8, 13, 18, 23, 28]",8,5,5,5,10,24.9358,249.36,343,34.11,73.47,0.73,0.87,-3.7,64.43,
short,1000,"[7, 11, 15, 19]",7,4,4,7,10,24.7636,247.64,359,30.08,73.82,0.69,1.7,-7.01,35.0,
short,1000,"[8, 13, 18, 23]",8,5,4,3,10,24.7283,247.28,359,44.01,63.23,0.69,0.49,-4.63,45.38,
short,1000,"[7, 10, 13]",7,3,3,4,10,24.5783,245.78,418,40.67,59.33,0.59,1.01,-9.35,40.0,
short,1000,"[7, 11, 15, 19, 23, 27]",7,4,6,3,0,24.5,245.0,19,100.0,0.0,12.89,4.73,5.0,30.0,
short,1000,"[7, 12, 17, 22, 27, 32]",7,5,6,3,10,24.3056,243.06,436,49.08,52.06,0.56,0.73,-4.67,74.76,
short,1000,"[7, 10, 13]",7,3,3,3,10,24.2044,242.04,436,47.94,52.06,0.56,0.73,-9.35,30.0,
short,1000,"[8, 13, 18, 23, 28, 33]",8,5,6,4,10,24.0818,240.82,351,38.46,68.95,0.69,0.72,-3.09,82.51,
short,1000,"[7, 11, 15, 19, 23]",7,4,5,7,10,24.0385,240.39,359,30.08,73.82,0.67,1.7,-5.61,41.15,
short,1000,"[8, 13, 18, 23, 28]",8,5,5,7,10,23.756,237.56,327,29.05,80.12,0.73,1.13,-3.7,64.43,
short,1000,"[8, 13, 18, 23, 28, 33]",8,5,6,5,10,23.6621,236.62,343,34.11,73.47,0.69,0.87,-3.09,82.51,
short,1000,"[6, 9, 12]",6,3,3,3,10,23.5392,235.39,520,57.12,42.88,0.45,0.97,-15.64,30.0,
short,1000,"[7, 10, 13]",7,3,3,3,15,23.4346,234.35,378,76.72,23.28,0.62,1.46,-45.97,30.0,
short,1000,"[5, 8, 11]",5,3,3,7,0,23.3333,233.33,4,100.0,0.0,58.33,17.44,23.33,70.0,
short,1000,"[5, 9, 13]",5,4,3,7,0,23.3333,233.33,4,100.0,0.0,58.33,17.43,23.33,70.0,
short,1000,"[6, 9, 12]",6,3,3,7,0,23.3333,233.33,4,100.0,0.0,58.33,17.39,23.33,70.0,
short,1000,"[6, 10, 14]",6,4,3,7,0,23.3333,233.33,4,100.0,0.0,58.33,17.39,23.33,70.0,
short,1000,"[7, 10, 13]",7,3,3,7,0,23.3333,233.33,4,100.0,0.0,58.33,17.38,23.33,70.0,
short,1000,"[5, 8, 11, 14, 17]",5,3,5,3,10,23.0292,230.29,626,63.26,37.38,0.37,1.16,-13.23,24.0,
short,1000,"[8, 13, 18]",8,5,3,6,10,22.8267,228.27,332,30.72,78.01,0.69,1.09,-6.17,40.0,
short,1000,"[5, 8, 11, 14]",5,3,4,3,10,22.8036,228.04,626,62.62,37.38,0.36,1.16,-16.53,30.0,
short,1000,"[5, 8, 11, 14]",5,3,4,7,0,22.75,227.5,4,100.0,0.0,56.88,17.43,17.5,70.0,
short,1000,"[7, 10, 13, 16]",7,3,4,7,0,22.75,227.5,5,100.0,0.0,45.5,13.89,17.5,70.0,
short,1000,"[8, 13, 18, 23, 28, 33]",8,5,6,7,10,22.6789,226.79,327,29.05,80.12,0.69,1.13,-3.09,82.51,
short,1000,"[8, 13, 18, 23, 28]",8,5,5,3,10,22.5951,225.95,359,44.01,63.23,0.63,0.49,-3.7,64.43,
short,1000,"[8, 13, 18, 23]",8,5,4,6,10,22.4046,224.05,332,30.72,78.01,0.67,1.09,-4.63,45.38,
short,1000,"[7, 11, 15, 19, 23, 27]",7,4,6,7,10,22.2631,222.63,359,30.08,73.82,0.62,1.7,-4.67,56.6,
short,1000,"[7, 11, 15, 19]",7,4,4,3,15,22.1482,221.48,370,75.14,24.86,0.6,1.59,-27.7,22.5,
short,1000,"[7, 10, 13]",7,3,3,6,0,22.0,220.0,5,100.0,0.0,44.0,13.89,20.0,60.0,
short,1000,"[5, 8, 11, 14, 17, 20]",5,3,6,3,10,21.9688,219.69,626,63.26,37.38,0.35,1.16,-11.02,20.19,
short,1000,"[8, 13, 18, 23, 28, 33]",8,5,6,3,10,21.7115,217.11,359,44.01,63.23,0.6,0.49,-3.09,82.51,
short,1000,"[7, 11, 15, 19, 23]",7,4,5,3,15,21.621,216.21,370,75.14,24.86,0.58,1.59,-22.16,18.0,
short,1000,"[7, 10, 13, 16, 19]",7,3,5,6,10,21.1863,211.86,380,32.63,69.74,0.56,1.42,-5.61,36.0,
short,1000,"[7, 12, 17]",7,5,3,4,10,21.0171,210.17,416,41.11,60.1,0.51,1.01,-9.35,26.67,
short,1000,"[5, 10, 15]",5,5,3,7,0,21.0,210.0,4,100.0,0.0,52.5,17.43,23.33,70.0,
short,1000,"[6, 9, 12, 15]",6,3,4,7,0,21.0,210.0,4,100.0,0.0,52.5,17.39,17.5,70.0,
short,1000,"[6, 11, 16]",6,5,3,7,0,21.0,210.0,4,100.0,0.0,52.5,17.39,23.33,70.0,
short,1000,"[6, 11, 16, 21, 26, 31]",6,5,6,7,0,21.0,210.0,5,100.0,0.0,42.0,14.54,11.67,70.0,
short,1000,"[7, 11, 15]",7,4,3,7,0,21.0,210.0,4,100.0,0.0,52.5,17.38,23.33,70.0,
short,1000,"[8, 11, 14]",8,3,3,7,0,21.0,210.0,3,100.0,0.0,70.0,22.6,70.0,70.0,
short,1000,"[8, 12, 16]",8,4,3,7,0,21.0,210.0,4,100.0,0.0,52.5,16.94,23.33,70.0,
short,1000,"[8, 12, 16, 20, 24, 28]",8,4,6,7,0,21.0,210.0,5,100.0,0.0,42.0,14.18,11.67,70.0,
short,1000,"[7, 10, 13, 16, 19, 22]",7,3,6,6,10,20.9339,209.34,380,32.63,69.74,0.55,1.42,-4.67,37.37,
short,1000,"[7, 10, 13, 16]",7,3,4,6,10,20.8106,208.11,380,32.63,69.74,0.55,1.42,-7.01,45.0,
short,1000,"[8, 13, 18, 23, 28]",8,5,5,6,10,20.7362,207.36,332,30.72,78.01,0.62,1.09,-3.7,64.43,
short,1000,"[7, 12, 17, 22]",7,5,4,4,10,20.6809,206.81,416,41.11,60.1,0.5,1.01,-7.01,37.0,
short,1000,"[6, 10, 14, 18, 22, 26]",6,4,6,3,10,20.6491,206.49,514,56.03,44.75,0.4,1.03,-6.29,48.42,
short,1000,"[8, 13, 18, 23, 28, 33]",8,5,6,6,10,20.1624,201.62,332,30.72,78.01,0.61,1.09,-3.09,82.51,
short,1000,"[5, 8, 11]",5,3,3,6,0,20.0,200.0,4,100.0,0.0,50.0,17.43,20.0,60.0,
short,1000,"[5, 9, 13]",5,4,3,6,0,20.0,200.0,4,100.0,0.0,50.0,17.43,20.0,60.0,
short,1000,"[6, 9, 12]",6,3,3,6,0,20.0,200.0,4,100.0,0.0,50.0,17.39,20.0,60.0,
short,1000,"[6, 10, 14]",6,4,3,6,0,20.0,200.0,4,100.0,0.0,50.0,17.39,20.0,60.0,
short,1000,"[6, 11, 16]",6,5,3,6,0,20.0,200.0,5,100.0,0.0,40.0,13.9,20.0,60.0,
short,1000,"[7, 11, 15]",7,4,3,6,0,20.0,200.0,5,100.0,0.0,40.0,13.89,20.0,60.0,
short,1000,"[8, 11, 14]",8,3,3,6,0,20.0,200.0,4,100.0,0.0,50.0,16.94,20.0,60.0,
short,1000,"[7, 12, 17]",7,5,3,6,10,19.9032,199.03,380,31.58,69.74,0.52,1.42,-9.35,40.0,
short,1000,"[7, 12, 17, 22]",7,5,4,6,10,19.8454,198.45,380,31.58,69.74,0.52,1.42,-7.01,37.0,
short,1000,"[7, 12, 17, 22, 27, 32]",7,5,6,7,0,19.8333,198.33,5,100.0,0.0,39.67,14.43,11.67,70.0,
short,1000,"[6, 10, 14, 18]",6,4,4,3,10,19.7064,197.06,514,56.03,44.75,0.38,1.03,-9.43,22.5,
short,1000,"[6, 10, 14, 18, 22]",6,4,5,3,10,19.6996,197.0,514,56.03,44.75,0.38,1.03,-7.55,32.7,
short,1000,"[5, 8, 11, 14, 17]",5,3,5,7,0,19.6,196.0,4,100.0,0.0,49.0,17.43,14.0,70.0,
short,1000,"[7, 10, 13, 16, 19]",7,3,5,7,0,19.6,196.0,5,100.0,0.0,39.2,13.89,14.0,70.0,
short,1000,"[8, 13, 18, 23, 28]",8,5,5,7,0,19.6,196.0,4,100.0,0.0,49.0,17.74,28.0,70.0,
short,1000,"[7, 11, 15, 19, 23, 27]",7,4,6,3,15,19.5923,195.92,370,75.41,24.86,0.53,1.59,-18.47,15.0,
short,1000,"[5, 8, 11, 14]",5,3,4,6,0,19.5,195.0,4,100.0,0.0,48.75,17.43,15.0,60.0,
short,1000,"[6, 9, 12, 15]",6,3,4,6,0,19.5,195.0,5,100.0,0.0,39.0,13.9,15.0,60.0,
short,1000,"[7, 10, 13, 16]",7,3,4,6,0,19.5,195.0,5,100.0,0.0,39.0,13.89,15.0,60.0,
short,1000,"[8, 13, 18, 23]",8,5,4,3,0,19.5,195.0,12,100.0,0.0,16.25,3.94,7.5,30.0,
short,1000,"[7, 10, 13, 16, 19, 22]",7,3,6,5,10,19.4218,194.22,392,35.97,66.33,0.5,1.33,-4.67,37.37,
short,1000,"[7, 10, 13, 16, 19]",7,3,5,5,10,19.3717,193.72,392,35.97,66.33,0.49,1.33,-5.61,30.0,
short,1000,"[8, 13, 18, 23, 28, 33]",8,5,6,4,0,19.3333,193.33,11,100.0,0.0,17.58,5.99,6.67,40.0,
short,1000,"[5, 9, 13, 17]",5,4,4,7,0,19.25,192.5,4,100.0,0.0,48.13,17.43,17.5,70.0,
short,1000,"[6, 10, 14, 18]",6,4,4,7,0,19.25,192.5,4,100.0,0.0,48.13,17.39,17.5,70.0,
short,1000,"[7, 12, 17, 22, 27]",7,5,5,4,10,19.2219,192.22,416,41.11,60.1,0.46,1.01,-5.61,56.37,
short,1000,"[8, 13, 18, 23, 28]",8,5,5,6,0,19.2,192.0,6,100.0,0.0,32.0,11.74,12.0,60.0,
short,1000,"[5, 10, 15, 20, 25]",5,5,5,5,0,19.0,190.0,7,100.0,0.0,27.14,10.42,10.0,50.0,
short,1000,"[6, 11, 16, 21, 26, 31]",6,5,6,6,0,19.0,190.0,6,100.0,0.0,31.67,12.03,10.0,60.0,
short,1000,"[7, 11, 15, 19, 23, 27]",7,4,6,6,0,19.0,190.0,6,100.0,0.0,31.67,12.1,10.0,60.0,
short,1000,"[8, 12, 16, 20, 24, 28]",8,4,6,6,0,19.0,190.0,6,100.0,0.0,31.67,11.74,10.0,60.0,
short,1000,"[7, 12, 17, 22, 27, 32]",7,5,6,4,10,18.796,187.96,416,41.11,60.1,0.45,1.01,-4.67,74.76,
short,1000,"[5, 8, 11, 14]",5,3,4,5,0,18.75,187.5,5,100.0,0.0,37.5,13.93,12.5,50.0,
short,1000,"[7, 12, 17]",7,5,3,7,0,18.6667,186.67,4,100.0,0.0,46.67,17.38,23.33,70.0,
short,1000,"[8, 13, 18, 23, 28, 33]",8,5,6,7,0,18.6667,186.67,4,100.0,0.0,46.67,17.08,23.33,70.0,
short,1000,"[7, 12, 17, 22, 27]",7,5,5,6,10,18.5535,185.54,380,31.58,69.74,0.49,1.42,-5.61,56.37,
short,1000,"[8, 11, 14, 17, 20, 23]",8,3,6,3,0,18.5,185.0,13,100.0,0.0,14.23,3.57,5.0,30.0,
short,1000,"[6, 9, 12, 15, 18]",6,3,5,4,10,18.3717,183.72,481,50.73,51.56,0.38,1.34,-9.38,24.0,
short,1000,"[6, 9, 12, 15, 18, 21]",6,3,6,4,10,18.34,183.4,481,50.73,51.56,0.38,1.34,-7.82,28.86,
short,1000,"[5, 9, 13]",5,4,3,5,0,18.3333,183.33,5,100.0,0.0,36.67,13.93,16.67,50.0,
short,1000,"[5, 9, 13, 17, 21, 25]",5,4,6,5,0,18.3333,183.33,7,100.0,0.0,26.19,10.42,8.33,50.0,
short,1000,"[5, 10, 15, 20, 25, 30]",5,5,6,5,0,18.3333,183.33,8,100.0,0.0,22.92,9.07,8.33,50.0,
short,1000,"[6, 9, 12]",6,3,3,5,0,18.3333,183.33,5,100.0,0.0,36.67,13.9,16.67,50.0,
short,1000,"[6, 10, 14]",6,4,3,5,0,18.3333,183.33,5,100.0,0.0,36.67,13.9,16.67,50.0,
short,1000,"[6, 10, 14, 18, 22, 26]",6,4,6,5,0,18.3333,183.33,7,100.0,0.0,26.19,10.39,8.33,50.0,
short,1000,"[7, 10, 13]",7,3,3,5,0,18.3333,183.33,5,100.0,0.0,36.67,13.89,16.67,50.0,
short,1000,"[7, 12, 17, 22, 27, 32]",7,5,6,6,10,18.239,182.39,380,31.58,69.74,0.48,1.42,-4.67,74.76,
short,1000,"[6, 9, 12, 15, 18]",6,3,5,7,0,18.2,182.0,4,100.0,0.0,45.5,17.39,14.0,70.0,
short,1000,"[5, 10, 15]",5,5,3,6,0,18.0,180.0,4,100.0,0.0,45.0,17.43,20.0,60.0,
short,1000,"[5, 10, 15, 20, 25, 30]",5,5,6,6,0,18.0,180.0,5,100.0,0.0,36.0,14.57,10.0,60.0,
short,1000,"[7, 11, 15, 19, 23]",7,4,5,5,0,18.0,180.0,7,100.0,0.0,25.71,10.38,10.0,50.0,
short,1000,"[7, 12, 17, 22, 27]",7,5,5,6,0,18.0,180.0,5,100.0,0.0,36.0,14.53,12.0,60.0,
short,1000,"[8, 12, 16]",8,4,3,6,0,18.0,180.0,4,100.0,0.0,45.0,16.94,20.0,60.0,
short,1000,"[8, 13, 18, 23, 28, 33]",8,5,6,6,0,18.0,180.0,6,100.0,0.0,30.0,11.32,10.0,60.0,
short,1000,"[5, 8, 11, 14, 17, 20]",5,3,6,7,0,17.5,175.0,4,100.0,0.0,43.75,17.43,11.67,70.0,
short,1000,"[5, 10, 15, 20]",5,5,4,7,0,17.5,175.0,4,100.0,0.0,43.75,17.43,17.5,70.0,
short,1000,"[6, 11, 16, 21]",6,5,4,7,0,17.5,175.0,4,100.0,0.0,43.75,17.39,17.5,70.0,
short,1000,"[7, 10, 13, 16, 19, 22]",7,3,6,7,0,17.5,175.0,5,100.0,0.0,35.0,13.89,11.67,70.0,
short,1000,"[7, 11, 15, 19]",7,4,4,7,0,17.5,175.0,4,100.0,0.0,43.75,17.38,17.5,70.0,
short,1000,"[8, 11, 14, 17]",8,3,4,7,0,17.5,175.0,3,100.0,0.0,58.33,22.6,52.5,70.0,
short,1000,"[8, 12, 16, 20]",8,4,4,7,0,17.5,175.0,4,100.0,0.0,43.75,16.94,17.5,70.0,
short,1000,"[8, 13, 18, 23]",8,5,4,5,0,17.5,175.0,6,100.0,0.0,29.17,11.83,12.5,50.0,
short,1000,"[7, 11, 15, 19]",7,4,4,3,0,17.25,172.5,11,100.0,0.0,15.68,6.72,7.5,30.0,
short,1000,"[6, 10, 14]",6,4,3,3,10,17.2357,172.36,514,55.25,44.75,0.34,1.03,-12.58,30.0,
short,1000,"[7, 11, 15]",7,4,3,3,15,17.206,172.06,370,75.14,24.86,0.47,1.59,-36.93,30.0,
short,1000,"[6, 11, 16, 21, 26]",6,5,5,5,0,17.0,170.0,6,100.0,0.0,28.33,12.11,10.0,50.0,
short,1000,"[7, 12, 17, 22, 27]",7,5,5,5,0,17.0,170.0,7,100.0,0.0,24.29,10.31,10.0,50.0,
short,1000,"[7, 12, 17, 22, 27, 32]",7,5,6,3,0,17.0,170.0,16,100.0,0.0,10.62,4.2,5.0,30.0,
short,1000,"[7, 12, 17, 22, 27, 32]",7,5,6,6,0,17.0,170.0,5,100.0,0.0,34.0,13.93,10.0,60.0,
short,1000,"[8, 12, 16, 20, 24]",8,4,5,5,0,17.0,170.0,6,100.0,0.0,28.33,11.82,10.0,50.0,
short,1000,"[8, 12, 16, 20, 24]",8,4,5,4,15,16.8165,168.17,288,64.93,36.11,0.58,2.02,-18.32,24.0,
short,1000,"[5, 8, 11, 14, 17]",5,3,5,6,0,16.8,168.0,4,100.0,0.0,42.0,17.43,12.0,60.0,
short,1000,"[5, 9, 13, 17, 21]",5,4,5,7,0,16.8,168.0,4,100.0,0.0,42.0,17.43,14.0,70.0,
short,1000,"[6, 9, 12, 15, 18]",6,3,5,6,0,16.8,168.0,5,100.0,0.0,33.6,13.9,12.0,60.0,
short,1000,"[6, 10, 14, 18, 22]",6,4,5,7,0,16.8,168.0,4,100.0,0.0,42.0,17.39,14.0,70.0,
short,1000,"[7, 10, 13, 16, 19]",7,3,5,6,0,16.8,168.0,5,100.0,0.0,33.6,13.89,12.0,60.0,
short,1000,"[5, 8, 11]",5,3,3,5,0,16.6667,166.67,4,100.0,0.0,41.67,17.43,16.67,50.0,
short,1000,"[5, 10, 15]",5,5,3,5,0,16.6667,166.67,5,100.0,0.0,33.33,13.93,16.67,50.0,
short,1000,"[6, 11, 16]",6,5,3,5,0,16.6667,166.67,5,100.0,0.0,33.33,13.9,16.67,50.0,
short,1000,"[6, 11, 16, 21, 26, 31]",6,5,6,5,0,16.6667,166.67,7,100.0,0.0,23.81,10.12,8.33,50.0,
short,1000,"[7, 11, 15]",7,4,3,5,0,16.6667,166.67,5,100.0,0.0,33.33,13.89,16.67,50.0,
short,1000,"[7, 11, 15, 19, 23, 27]",7,4,6,5,0,16.6667,166.67,7,100.0,0.0,23.81,10.31,8.33,50.0,
short,1000,"[8, 11, 14]",8,3,3,5,0,16.6667,166.67,4,100.0,0.0,41.67,16.94,16.67,50.0,
short,1000,"[8, 11, 14, 17, 20, 23]",8,3,6,5,0,16.6667,166.67,6,100.0,0.0,27.78,11.83,8.33,50.0,
short,1000,"[7, 10, 13, 16]",7,3,4,5,10,16.6516,166.52,392,35.97,66.33,0.42,1.33,-7.01,37.5,
short,1000,"[5, 9, 13, 17]",5,4,4,6,0,16.5,165.0,4,100.0,0.0,41.25,17.43,15.0,60.0,
short,1000,"[6, 10, 14, 18]",6,4,4,6,0,16.5,165.0,4,100.0,0.0,41.25,17.39,15.0,60.0,
short,1000,"[6, 11, 16, 21]",6,5,4,6,0,16.5,165.0,5,100.0,0.0,33.0,13.88,15.0,60.0,
short,1000,"[7, 11, 15, 19]",7,4,4,6,0,16.5,165.0,5,100.0,0.0,33.0,13.89,15.0,60.0,
short,1000,"[8, 11, 14, 17]",8,3,4,3,0,16.5,165.0,9,100.0,0.0,18.33,7.94,7.5,30.0,
short,1000,"[8, 11, 14, 17]",8,3,4,6,0,16.5,165.0,4,100.0,0.0,41.25,16.94,15.0,60.0,
short,1000,"[6, 11, 16, 21, 26]",6,5,5,5,10,16.3733,163.73,440,42.27,59.77,0.37,1.63,-7.55,48.18,
short,1000,"[6, 9, 12, 15, 18, 21]",6,3,6,7,0,16.3333,163.33,4,100.0,0.0,40.83,17.39,11.67,70.0,
short,1000,"[8, 13, 18]",8,5,3,7,0,16.3333,163.33,3,100.0,0.0,54.44,22.6,46.67,70.0,
short,1000,"[6, 11, 16, 21, 26, 31]",6,5,6,5,10,16.3162,163.16,440,42.27,59.77,0.37,1.63,-6.29,66.87,
short,1000,"[6, 9, 12, 15]",6,3,4,5,0,16.25,162.5,5,100.0,0.0,32.5,13.9,12.5,50.0,
short,1000,"[7, 10, 13, 16]",7,3,4,5,0,16.25,162.5,5,100.0,0.0,32.5,13.89,12.5,50.0,
short,1000,"[6, 9, 12, 15]",6,3,4,4,10,16.185,161.85,481,50.73,51.56,0.34,1.34,-11.73,30.0,
short,1000,"[7, 10, 13, 16, 19, 22]",7,3,6,7,10,16.1006,161.01,359,28.69,73.82,0.45,1.7,-4.67,37.37,
short,1000,"[5, 8, 11]",5,3,3,4,0,16.0,160.0,5,100.0,0.0,32.0,13.93,13.33,40.0,
short,1000,"[5, 8, 11, 14, 17]",5,3,5,5,0,16.0,160.0,5,100.0,0.0,32.0,13.93,10.0,50.0,
short,1000,"[6, 10, 14, 18, 22]",6,4,5,4,0,16.0,160.0,7,100.0,0.0,22.86,10.39,8.0,40.0,
short,1000,"[7, 12, 17]",7,5,3,6,0,16.0,160.0,4,100.0,0.0,40.0,17.38,20.0,60.0,
short,1000,"[8, 13, 18]",8,5,3,3,0,16.0,160.0,8,100.0,0.0,20.0,9.03,10.0,30.0,
short,1000,"[8, 13, 18]",8,5,3,6,0,16.0,160.0,4,100.0,0.0,40.0,16.94,20.0,60.0,
short,1000,"[8, 13, 18, 23, 28]",8,5,5,5,0,16.0,160.0,6,100.0,0.0,26.67,11.39,10.0,50.0,
short,1000,"[7, 12, 17, 22, 27, 32]",7,5,6,5,0,15.8333,158.33,7,100.0,0.0,22.62,9.95,8.33,50.0,
short,1000,"[8, 12, 16, 20, 24, 28]",8,4,6,5,0,15.8333,158.33,6,100.0,0.0,26.39,11.31,8.33,50.0,
short,1000,"[7, 12, 17, 22]",7,5,4,7,0,15.75,157.5,4,100.0,0.0,39.38,17.38,17.5,70.0,
short,1000,"[8, 12, 16, 20, 24, 28]",8,4,6,4,15,15.7065,157.06,288,64.93,36.11,0.55,2.02,-15.27,22.14,
short,1000,"[8, 12, 16, 20]",8,4,4,4,15,15.5771,155.77,288,63.89,36.11,0.54,2.02,-22.9,30.0,
short,1000,"[5, 10, 15, 20, 25]",5,5,5,7,0,15.4,154.0,4,100.0,0.0,38.5,17.41,14.0,70.0,
short,1000,"[6, 11, 16, 21, 26]",6,5,5,7,0,15.4,154.0,4,100.0,0.0,38.5,17.35,14.0,70.0,
short,1000,"[7, 11, 15, 19, 23]",7,4,5,7,0,15.4,154.0,4,100.0,0.0,38.5,17.35,14.0,70.0,
short,1000,"[8, 11, 14, 17, 20]",8,3,5,7,0,15.4,154.0,3,100.0,0.0,51.33,22.6,42.0,70.0,
short,1000,"[8, 12, 16, 20, 24]",8,4,5,7,0,15.4,154.0,4,100.0,0.0,38.5,16.91,14.0,70.0,
short,1000,"[7, 10, 13, 16, 19]",7,3,5,7,10,15.3863,153.86,359,28.69,73.82,0.43,1.7,-5.61,42.0,
short,1000,"[5, 10, 15, 20, 25, 30]",5,5,6,4,0,15.3333,153.33,9,100.0,0.0,17.04,7.92,6.67,40.0,
short,1000,"[7, 10, 13, 16, 19, 22]",7,3,6,4,0,15.3333,153.33,7,100.0,0.0,21.9,10.38,6.67,40.0,
short,1000,"[5, 10, 15, 20, 25]",5,5,5,4,0,15.2,152.0,7,100.0,0.0,21.71,10.41,8.0,40.0,
short,1000,"[5, 9, 13, 17, 21, 25]",5,4,6,7,0,15.1667,151.67,4,100.0,0.0,37.92,17.41,11.67,70.0,
short,1000,"[6, 10, 14, 18, 22, 26]",6,4,6,7,0,15.1667,151.67,4,100.0,0.0,37.92,17.35,11.67,70.0,
short,1000,"[5, 8, 11, 14]",5,3,4,4,0,15.0,150.0,5,100.0,0.0,30.0,13.93,10.0,40.0,
short,1000,"[5, 8, 11, 14, 17, 20]",5,3,6,6,0,15.0,150.0,4,100.0,0.0,37.5,17.43,10.0,60.0,
short,1000,"[5, 9, 13, 17]",5,4,4,5,0,15.0,150.0,5,100.0,0.0,30.0,13.93,12.5,50.0,
short,1000,"[5, 10, 15, 20]",5,5,4,6,0,15.0,150.0,4,100.0,0.0,37.5,17.43,15.0,60.0,
short,1000,"[6, 9, 12, 15, 18, 21]",6,3,6,6,0,15.0,150.0,5,100.0,0.0,30.0,13.88,10.0,60.0,
short,1000,"[6, 10, 14, 18]",6,4,4,5,0,15.0,150.0,5,100.0,0.0,30.0,13.9,12.5,50.0,
short,1000,"[7, 10, 13, 16, 19, 22]",7,3,6,6,0,15.0,150.0,5,100.0,0.0,30.0,13.87,10.0,60.0,
short,1000,"[7, 12, 17]",7,5,3,5,0,15.0,150.0,5,100.0,0.0,30.0,13.89,16.67,50.0,
short,1000,"[7, 12, 17, 22]",7,5,4,4,0,15.0,150.0,7,100.0,0.0,21.43,10.38,10.0,40.0,
short,1000,"[8, 12, 16]",8,4,3,5,0,15.0,150.0,4,100.0,0.0,37.5,16.93,16.67,50.0,
short,1000,"[8, 12, 16, 20]",8,4,4,4,0,15.0,150.0,6,100.0,0.0,25.0,11.82,10.0,40.0,
short,1000,"[8, 12, 16, 20]",8,4,4,6,0,15.0,150.0,4,100.0,0.0,37.5,16.91,15.0,60.0,
short,1000,"[8, 13, 18, 23, 28, 33]",8,5,6,5,0,15.0,150.0,6,100.0,0.0,25.0,11.31,8.33,50.0,
short,1000,"[5, 9, 13]",5,4,3,4,0,14.6667,146.67,5,100.0,0.0,29.33,13.93,13.33,40.0,
short,1000,"[5, 9, 13, 17, 21, 25]",5,4,6,4,0,14.6667,146.67,7,100.0,0.0,20.95,10.39,6.67,40.0,
short,1000,"[6, 9, 12]",6,3,3,4,0,14.6667,146.67,5,100.0,0.0,29.33,13.9,13.33,40.0,
short,1000,"[6, 10, 14]",6,4,3,4,0,14.6667,146.67,5,100.0,0.0,29.33,13.9,13.33,40.0,
short,1000,"[6, 10, 14, 18, 22, 26]",6,4,6,4,0,14.6667,146.67,7,100.0,0.0,20.95,10.32,6.67,40.0,
short,1000,"[7, 10, 13]",7,3,3,4,0,14.6667,146.67,5,100.0,0.0,29.33,13.89,13.33,40.0,
short,1000,"[7, 12, 17, 22, 27, 32]",7,5,6,5,10,14.516,145.16,392,34.95,66.33,0.37,1.33,-4.67,74.76,
short,1000,"[5, 9, 13, 17, 21]",5,4,5,6,0,14.4,144.0,4,100.0,0.0,36.0,17.43,12.0,60.0,
short,1000,"[6, 10, 14, 18, 22]",6,4,5,6,0,14.4,144.0,4,100.0,0.0,36.0,17.35,12.0,60.0,
short,1000,"[6, 11, 16, 21, 26]",6,5,5,4,0,14.4,144.0,7,100.0,0.0,20.57,10.31,8.0,40.0,
short,1000,"[6, 11, 16, 21, 26]",6,5,5,6,0,14.4,144.0,5,100.0,0.0,28.8,13.87,12.0,60.0,
short,1000,"[7, 11, 15, 19, 23]",7,4,5,4,0,14.4,144.0,7,100.0,0.0,20.57,10.35,8.0,40.0,
short,1000,"[7, 11, 15, 19, 23]",7,4,5,6,0,14.4,144.0,5,100.0,0.0,28.8,13.87,12.0,60.0,
short,1000,"[8, 11, 14, 17, 20]",8,3,5,3,0,14.4,144.0,9,100.0,0.0,16.0,7.93,6.0,30.0,
short,1000,"[8, 11, 14, 17, 20]",8,3,5,4,0,14.4,144.0,6,100.0,0.0,24.0,11.82,8.0,40.0,
short,1000,"[8, 11, 14, 17, 20]",8,3,5,6,0,14.4,144.0,4,100.0,0.0,36.0,16.91,12.0,60.0,
short,1000,"[7, 12, 17, 22]",7,5,4,5,10,14.2608,142.61,392,34.95,66.33,0.36,1.33,-7.01,37.0,
short,1000,"[8, 12, 16, 20, 24]",8,4,5,3,15,14.2545,142.55,313,71.88,29.07,0.46,1.35,-18.32,18.0,
short,1000,"[5, 8, 11, 14, 17, 20]",5,3,6,5,0,14.1667,141.67,5,100.0,0.0,28.33,13.92,8.33,50.0,
short,1000,"[6, 11, 16, 21]",6,5,4,5,10,14.1175,141.17,440,42.27,59.77,0.32,1.63,-9.43,28.48,
short,1000,"[7, 12, 17, 22, 27]",7,5,5,5,10,14.0858,140.86,392,34.95,66.33,0.36,1.33,-5.61,56.37,
short,1000,"[5, 10, 15, 20, 25, 30]",5,5,6,7,0,14.0,140.0,4,100.0,0.0,35.0,17.39,11.67,70.0,
short,1000,"[6, 9, 12, 15, 18]",6,3,5,5,0,14.0,140.0,5,100.0,0.0,28.0,13.9,10.0,50.0,
short,1000,"[6, 11, 16, 21, 26, 31]",6,5,6,4,0,14.0,140.0,8,100.0,0.0,17.5,8.72,6.67,40.0,
short,1000,"[7, 10, 13, 16, 19]",7,3,5,5,0,14.0,140.0,5,100.0,0.0,28.0,13.87,10.0,50.0,
short,1000,"[7, 11, 15, 19, 23, 27]",7,4,6,7,0,14.0,140.0,4,100.0,0.0,35.0,17.33,11.67,70.0,
short,1000,"[7, 12, 17, 22, 27]",7,5,5,7,0,14.0,140.0,4,100.0,0.0,35.0,17.33,14.0,70.0,
short,1000,"[8, 11, 14, 17, 20, 23]",8,3,6,7,0,14.0,140.0,3,100.0,0.0,46.67,22.56,35.0,70.0,
short,1000,"[8, 13, 18, 23]",8,5,4,4,0,14.0,140.0,6,100.0,0.0,23.33,11.74,10.0,40.0,
short,1000,"[8, 13, 18, 23]",8,5,4,7,0,14.0,140.0,3,100.0,0.0,46.67,22.56,35.0,70.0,
short,1000,"[5, 10, 15, 20]",5,5,4,5,0,13.75,137.5,5,100.0,0.0,27.5,13.92,12.5,50.0,
short,1000,"[6, 11, 16, 21]",6,5,4,5,0,13.75,137.5,5,100.0,0.0,27.5,13.88,12.5,50.0,
short,1000,"[7, 11, 15, 19]",7,4,4,5,0,13.75,137.5,5,100.0,0.0,27.5,13.87,12.5,50.0,
short,1000,"[8, 11, 14, 17]",8,3,4,5,0,13.75,137.5,4,100.0,0.0,34.38,16.92,12.5,50.0,
short,1000,"[7, 12, 17, 22, 27]",7,5,5,4,0,13.6,136.0,7,100.0,0.0,19.43,9.95,8.0,40.0,
short,1000,"[8, 12, 16, 20, 24]",8,4,5,4,0,13.6,136.0,6,100.0,0.0,22.67,11.38,8.0,40.0,
short,1000,"[8, 12, 16, 20, 24, 28]",8,4,6,3,15,13.5715,135.71,313,71.88,29.07,0.43,1.35,-15.27,22.14,
short,1000,"[7, 10, 13, 16]",7,3,4,7,10,13.5606,135.61,359,28.69,73.82,0.38,1.7,-7.01,52.5,
short,1000,"[7, 12, 17, 22]",7,5,4,6,0,13.5,135.0,4,100.0,0.0,33.75,17.34,15.0,60.0,
short,1000,"[8, 13, 18, 23]",8,5,4,6,0,13.5,135.0,4,100.0,0.0,33.75,16.91,15.0,60.0,
short,1000,"[7, 12, 17, 22, 27, 32]",7,5,6,7,10,13.37,133.7,359,27.58,73.82,0.37,1.7,-4.67,74.76,
short,1000,"[5, 10, 15]",5,5,3,4,0,13.3333,133.33,5,100.0,0.0,26.67,13.93,13.33,40.0,
short,1000,"[6, 11, 16]",6,5,3,4,0,13.3333,133.33,5,100.0,0.0,26.67,13.88,13.33,40.0,
short,1000,"[7, 11, 15]",7,4,3,4,0,13.3333,133.33,5,100.0,0.0,26.67,13.87,13.33,40.0,
short,1000,"[7, 11, 15, 19, 23, 27]",7,4,6,4,0,13.3333,133.33,7,100.0,0.0,19.05,9.94,6.67,40.0,
short,1000,"[8, 11, 14]",8,3,3,4,0,13.3333,133.33,4,100.0,0.0,33.33,16.91,13.33,40.0,
short,1000,"[8, 11, 14, 17, 20, 23]",8,3,6,4,0,13.3333,133.33,6,100.0,0.0,22.22,11.74,6.67,40.0,
short,1000,"[8, 13, 18]",8,5,3,5,0,13.3333,133.33,4,100.0,0.0,33.33,16.91,16.67,50.0,
short,1000,"[6, 11, 16, 21, 26, 31]",6,5,6,6,10,13.2203,132.2,409,37.65,64.55,0.32,1.97,-6.29,66.87,
short,1000,"[5, 10, 15, 20, 25]",5,5,5,6,0,13.2,132.0,4,100.0,0.0,33.0,17.4,12.0,60.0,
short,1000,"[8, 12, 16, 20, 24]",8,4,5,6,0,13.2,132.0,4,100.0,0.0,33.0,16.9,12.0,60.0,
short,1000,"[5, 9, 13, 17, 21]",5,4,5,5,0,13.0,130.0,5,100.0,0.0,26.0,13.91,10.0,50.0,
short,1000,"[5, 9, 13, 17, 21, 25]",5,4,6,6,0,13.0,130.0,4,100.0,0.0,32.5,17.4,10.0,60.0,
short,1000,"[6, 9, 12, 15]",6,3,4,4,0,13.0,130.0,5,100.0,0.0,26.0,13.9,10.0,40.0,
short,1000,"[6, 10, 14, 18, 22]",6,4,5,5,0,13.0,130.0,5,100.0,0.0,26.0,13.88,10.0,50.0,
short,1000,"[6, 10, 14, 18, 22, 26]",6,4,6,6,0,13.0,130.0,4,100.0,0.0,32.5,17.34,10.0,60.0,
short,1000,"[7, 10, 13, 16]",7,3,4,4,0,13.0,130.0,5,100.0,0.0,26.0,13.86,10.0,40.0,
short,1000,"[8, 11, 14, 17, 20, 23]",8,3,6,6,0,13.0,130.0,4,100.0,0.0,32.5,16.9,10.0,60.0,
short,1000,"[5, 8, 11, 14, 17]",5,3,5,4,0,12.8,128.0,5,100.0,0.0,25.6,13.92,8.0,40.0,
short,1000,"[8, 13, 18, 23, 28]",8,5,5,4,0,12.8,128.0,6,100.0,0.0,21.33,11.32,8.0,40.0,
short,1000,"[6, 11, 16]",6,5,3,5,10,12.7627,127.63,440,42.27,59.77,0.29,1.63,-12.58,33.33,
short,1000,"[5, 10, 15, 20]",5,5,4,3,0,12.75,127.5,7,100.0,0.0,18.21,10.41,7.5,30.0,
short,1000,"[7, 12, 17, 22, 27]",7,5,5,7,10,12.7107,127.11,359,27.58,73.82,0.35,1.7,-5.61,56.37,
short,1000,"[7, 12, 17, 22, 27, 32]",7,5,6,4,0,12.6667,126.67,7,100.0,0.0,18.1,9.94,6.67,40.0,
short,1000,"[8, 12, 16, 20, 24, 28]",8,4,6,4,0,12.6667,126.67,6,100.0,0.0,21.11,11.31,6.67,40.0,
short,1000,"[6, 11, 16, 21, 26]",6,5,5,6,10,12.6583,126.58,409,37.65,64.55,0.31,1.97,-7.55,48.18,
short,1000,"[5, 10, 15, 20, 25]",5,5,5,3,0,12.6,126.0,9,100.0,0.0,14.0,7.84,6.0,30.0,
short,1000,"[7, 10, 13, 16, 19]",7,3,5,3,0,12.6,126.0,7,100.0,0.0,18.0,10.35,6.0,30.0,
short,1000,"[7, 12, 17, 22]",7,5,4,7,10,12.5419,125.42,359,27.58,73.82,0.35,1.7,-7.01,37.0,
short,1000,"[5, 8, 11, 14, 17, 20]",5,3,6,3,0,12.5,125.0,7,100.0,0.0,17.86,10.41,5.0,30.0,
short,1000,"[6, 9, 12, 15, 18, 21]",6,3,6,5,0,12.5,125.0,5,100.0,0.0,25.0,13.88,8.33,50.0,
short,1000,"[7, 10, 13, 16, 19, 22]",7,3,6,5,0,12.5,125.0,5,100.0,0.0,25.0,13.86,8.33,50.0,
short,1000,"[7, 12, 17, 22]",7,5,4,5,0,12.5,125.0,5,100.0,0.0,25.0,13.86,12.5,50.0,
short,1000,"[8, 12, 16, 20]",8,4,4,5,0,12.5,125.0,4,100.0,0.0,31.25,16.9,12.5,50.0,
short,1000,"[7, 12, 17]",7,5,3,5,10,12.457,124.57,392,34.95,66.33,0.32,1.33,-9.35,33.33,
short,1000,"[8, 11, 14, 17, 20, 23]",8,3,6,4,15,12.4167,124.17,290,65.52,35.52,0.43,1.96,-18.27,20.0,
short,1000,"[8, 12, 16, 20]",8,4,4,3,15,12.3746,123.75,313,70.93,29.07,0.4,1.35,-22.9,22.5,
short,1000,"[6, 11, 16, 21, 26, 31]",6,5,6,4,10,12.2848,122.85,466,47.0,54.94,0.26,1.41,-6.29,66.87,
short,1000,"[7, 10, 13]",7,3,3,6,10,12.2303,122.3,380,30.26,69.74,0.32,1.42,-9.35,60.0,
short,1000,"[5, 8, 11]",5,3,3,3,0,12.0,120.0,5,100.0,0.0,24.0,13.93,10.0,30.0,
short,1000,"[5, 9, 13, 17]",5,4,4,4,0,12.0,120.0,5,100.0,0.0,24.0,13.93,10.0,40.0,
short,1000,"[5, 9, 13, 17, 21]",5,4,5,3,0,12.0,120.0,7,100.0,0.0,17.14,10.41,6.0,30.0,
short,1000,"[5, 9, 13, 17, 21, 25]",5,4,6,3,0,12.0,120.0,9,100.0,0.0,13.33,7.84,5.0,30.0,
short,1000,"[6, 10, 14, 18]",6,4,4,4,0,12.0,120.0,5,100.0,0.0,24.0,13.88,10.0,40.0,
short,1000,"[6, 10, 14, 18, 22]",6,4,5,3,0,12.0,120.0,7,100.0,0.0,17.14,10.36,6.0,30.0,
short,1000,"[6, 11, 16, 21]",6,5,4,3,0,12.0,120.0,7,100.0,0.0,17.14,10.38,7.5,30.0,
short,1000,"[7, 12, 17]",7,5,3,4,0,12.0,120.0,5,100.0,0.0,24.0,13.87,13.33,40.0,
short,1000,"[8, 11, 14, 17, 20]",8,3,5,5,0,12.0,120.0,4,100.0,0.0,30.0,16.91,10.0,50.0,
short,1000,"[8, 12, 16]",8,4,3,4,0,12.0,120.0,4,100.0,0.0,30.0,16.9,13.33,40.0,
short,1000,"[6, 11, 16, 21, 26]",6,5,5,4,10,11.5356,115.36,466,47.0,54.94,0.25,1.41,-7.55,48.18,
short,1000,"[5, 10, 15, 20, 25, 30]",5,5,6,3,0,11.5,115.0,9,100.0,0.0,12.78,7.79,5.0,30.0,
short,1000,"[6, 9, 12, 15, 18, 21]",6,3,6,3,0,11.5,115.0,7,100.0,0.0,16.43,10.38,5.0,30.0,
short,1000,"[6, 10, 14, 18, 22, 26]",6,4,6,3,0,11.5,115.0,8,100.0,0.0,14.37,8.72,5.0,30.0,
short,1000,"[7, 10, 13, 16, 19, 22]",7,3,6,3,0,11.5,115.0,7,100.0,0.0,16.43,10.28,5.0,30.0,
short,1000,"[6, 11, 16, 21, 26]",6,5,5,3,0,11.4,114.0,8,100.0,0.0,14.25,8.72,6.0,30.0,
short,1000,"[5, 8, 11, 14, 17, 20]",5,3,6,4,0,11.3333,113.33,5,100.0,0.0,22.67,13.91,6.67,40.0,
short,1000,"[5, 8, 11, 14]",5,3,4,3,0,11.25,112.5,5,100.0,0.0,22.5,13.93,7.5,30.0,
short,1000,"[7, 12, 17, 22]",7,5,4,3,0,11.25,112.5,7,100.0,0.0,16.07,10.29,7.5,30.0,
short,1000,"[8, 12, 16, 20]",8,4,4,3,0,11.25,112.5,6,100.0,0.0,18.75,11.76,7.5,30.0,
short,1000,"[6, 9, 12, 15, 18]",6,3,5,4,0,11.2,112.0,5,100.0,0.0,22.4,13.88,8.0,40.0,
short,1000,"[7, 10, 13, 16, 19]",7,3,5,4,0,11.2,112.0,5,100.0,0.0,22.4,13.86,8.0,40.0,
short,1000,"[5, 9, 13]",5,4,3,3,0,11.0,110.0,5,100.0,0.0,22.0,13.93,10.0,30.0,
short,1000,"[5, 10, 15, 20]",5,5,4,4,0,11.0,110.0,5,100.0,0.0,22.0,13.91,10.0,40.0,
short,1000,"[6, 9, 12]",6,3,3,3,0,11.0,110.0,5,100.0,0.0,22.0,13.9,10.0,30.0,
short,1000,"[6, 10, 14]",6,4,3,3,0,11.0,110.0,5,100.0,0.0,22.0,13.88,10.0,30.0,
short,1000,"[6, 11, 16, 21]",6,5,4,4,0,11.0,110.0,5,100.0,0.0,22.0,13.86,10.0,40.0,
short,1000,"[7, 10, 13]",7,3,3,3,0,11.0,110.0,5,100.0,0.0,22.0,13.83,10.0,30.0,
short,1000,"[7, 11, 15, 19]",7,4,4,4,0,11.0,110.0,5,100.0,0.0,22.0,13.86,10.0,40.0,
short,1000,"[8, 11, 14, 17]",8,3,4,4,0,11.0,110.0,4,100.0,0.0,27.5,16.9,10.0,40.0,
short,1000,"[8, 11, 14, 17, 20]",8,3,5,4,15,10.9976,109.98,290,64.48,35.52,0.38,1.96,-21.92,24.0,
short,1000,"[8, 13, 18]",8,5,3,4,0,10.6667,106.67,4,100.0,0.0,26.67,16.9,13.33,40.0,
short,1000,"[8, 12, 16, 20, 24]",8,4,5,7,15,10.54,105.4,234,50.0,51.28,0.45,3.57,-18.32,42.0,
short,1000,"[6, 11, 16, 21, 26, 31]",6,5,6,3,0,10.5,105.0,8,100.0,0.0,13.12,8.72,5.0,30.0,
short,1000,"[8, 12, 16, 20, 24, 28]",8,4,6,7,15,10.476,104.76,234,50.0,51.28,0.45,3.57,-15.27,35.0,
short,1000,"[5, 9, 13, 17, 21]",5,4,5,4,0,10.4,104.0,5,100.0,0.0,20.8,13.91,8.0,40.0,
short,1000,"[8, 13, 18, 23, 28, 33]",8,5,6,3,15,10.2638,102.64,310,71.29,29.68,0.33,1.42,-13.75,40.81,
short,1000,"[7, 12, 17, 22, 27]",7,5,5,3,0,10.2,102.0,7,100.0,0.0,14.57,9.92,6.0,30.0,
short,1000,"[8, 12, 16, 20, 24]",8,4,5,3,0,10.2,102.0,6,100.0,0.0,17.0,11.28,6.0,30.0,
short,1000,"[7, 12, 17]",7,5,3,7,10,10.1651,101.65,359,27.58,73.82,0.28,1.7,-9.35,46.67,
short,1000,"[5, 10, 15]",5,5,3,3,0,10.0,100.0,5,100.0,0.0,20.0,13.91,10.0,30.0,
short,1000,"[6, 9, 12, 15, 18, 21]",6,3,6,4,0,10.0,100.0,5,100.0,0.0,20.0,13.87,6.67,40.0,
short,1000,"[6, 11, 16]",6,5,3,3,0,10.0,100.0,5,100.0,0.0,20.0,13.87,10.0,30.0,
short,1000,"[7, 11, 15]",7,4,3,3,0,10.0,100.0,5,100.0,0.0,20.0,13.83,10.0,30.0,
short,1000,"[8, 11, 14]",8,3,3,3,0,10.0,100.0,4,100.0,0.0,25.0,16.85,10.0,30.0,
short,1000,"[6, 9, 12, 15]",6,3,4,3,0,9.75,97.5,5,100.0,0.0,19.5,13.87,7.5,30.0,
short,1000,"[7, 10, 13, 16]",7,3,4,3,0,9.75,97.5,5,100.0,0.0,19.5,13.83,7.5,30.0,
short,1000,"[8, 12, 16]",8,4,3,4,15,9.6584,96.58,288,63.89,36.11,0.34,2.02,-30.53,40.0,
short,1000,"[8, 13, 18, 23, 28]",8,5,5,3,15,9.6098,96.1,310,71.29,29.68,0.31,1.42,-16.5,21.9,
short,1000,"[5, 8, 11, 14, 17]",5,3,5,3,0,9.6,96.0,5,100.0,0.0,19.2,13.91,6.0,30.0,
short,1000,"[6, 10, 14, 18, 22, 26]",6,4,6,3,15,9.5997,96.0,425,77.88,22.59,0.23,1.76,-23.19,15.0,
short,1000,"[8, 11, 14, 17, 20, 23]",8,3,6,5,15,9.5915,95.92,272,59.93,41.18,0.35,2.5,-18.27,25.0,
short,1000,"[8, 12, 16, 20, 24, 28]",8,4,6,3,0,9.5,95.0,6,100.0,0.0,15.83,11.28,5.0,30.0,
short,1000,"[6, 11, 16, 21]",6,5,4,6,10,9.4736,94.74,409,37.65,64.55,0.23,1.97,-9.43,30.0,
short,1000,"[8, 13, 18, 23]",8,5,4,3,15,9.4731,94.73,310,71.29,29.68,0.31,1.42,-20.63,15.0,
short,1000,"[6, 9, 12, 15, 18, 21]",6,3,6,5,10,9.1715,91.72,449,44.99,58.13,0.2,1.59,-7.82,28.86,
short,1000,"[5, 9, 13, 17]",5,4,4,3,0,9.0,90.0,5,100.0,0.0,18.0,13.91,7.5,30.0,
short,1000,"[6, 10, 14, 18]",6,4,4,3,0,9.0,90.0,5,100.0,0.0,18.0,13.86,7.5,30.0,
short,1000,"[7, 12, 17]",7,5,3,3,0,9.0,90.0,5,100.0,0.0,18.0,13.82,10.0,30.0,
short,1000,"[8, 12, 16]",8,4,3,3,0,9.0,90.0,4,100.0,0.0,22.5,16.84,10.0,30.0,
short,1000,"[8, 13, 18, 23, 28, 33]",8,5,6,4,15,8.4903,84.9,284,64.08,36.97,0.3,2.15,-13.75,40.81,
short,1000,"[6, 9, 12, 15, 18]",6,3,5,3,0,8.4,84.0,5,100.0,0.0,16.8,13.86,6.0,30.0,
short,1000,"[5, 8, 11]",5,3,3,3,10,8.3522,83.52,626,62.62,37.38,0.13,1.16,-22.05,30.0,
short,1000,"[5, 8, 11, 14, 17, 20]",5,3,6,6,10,8.2354,82.35,464,43.75,57.11,0.18,2.26,-11.02,40.0,
short,1000,"[6, 11, 16, 21]",6,5,4,4,10,8.0703,80.7,466,47.0,54.94,0.17,1.41,-9.43,28.48,
short,1000,"[6, 10, 14, 18, 22]",6,4,5,3,15,8.0276,80.28,425,77.41,22.59,0.19,1.76,-27.83,18.0,
short,1000,"[8, 11, 14, 17, 20, 23]",8,3,6,7,15,7.9409,79.41,235,50.21,51.06,0.34,3.47,-18.27,35.0,
short,1000,"[8, 11, 14, 17, 20, 23]",8,3,6,3,15,7.87,78.7,315,72.7,28.25,0.25,1.29,-18.27,15.0,
short,1000,"[6, 10, 14, 18, 22, 26]",6,4,6,5,10,7.7336,77.34,440,41.14,59.77,0.18,1.63,-6.29,48.42,
short,1000,"[6, 11, 16, 21, 26, 31]",6,5,6,3,15,7.7321,77.32,416,76.68,23.8,0.19,1.9,-20.16,24.45,
short,1000,"[8, 12, 16, 20]",8,4,4,7,15,7.7315,77.31,234,48.72,51.28,0.33,3.57,-22.9,52.5,
short,1000,"[8, 11, 14, 17, 20]",8,3,5,5,15,7.6074,76.07,272,58.82,41.18,0.28,2.5,-21.92,30.0,
short,1000,"[8, 13, 18, 23, 28]",8,5,5,4,15,7.4816,74.82,284,64.08,36.97,0.26,2.15,-16.5,21.9,
short,1000,"[5, 9, 13, 17, 21, 25]",5,4,6,3,10,7.4074,74.07,612,61.44,39.22,0.12,1.23,-9.47,40.08,
short,1000,"[6, 9, 12, 15, 18]",6,3,5,5,10,7.3695,73.69,449,44.99,58.13,0.16,1.59,-9.38,30.0,
short,1000,"[7, 10, 13, 16, 19, 22]",7,3,6,4,15,6.9349,69.35,337,68.84,31.16,0.21,2.08,-22.99,26.67,
short,1000,"[6, 11, 16, 21, 26]",6,5,5,3,15,6.8358,68.36,416,76.68,23.8,0.16,1.9,-24.19,18.0,
short,1000,"[8, 13, 18, 23]",8,5,4,4,15,6.8129,68.13,284,64.08,36.97,0.24,2.15,-20.63,20.0,
short,1000,"[8, 12, 16]",8,4,3,3,15,6.7772,67.77,313,70.93,29.07,0.22,1.35,-30.53,30.0,
short,1000,"[7, 10, 13]",7,3,3,5,10,6.6849,66.85,392,33.67,66.33,0.17,1.33,-9.35,50.0,
short,1000,"[6, 11, 16]",6,5,3,6,10,6.5709,65.71,409,37.65,64.55,0.16,1.97,-12.58,40.0,
short,1000,"[5, 8, 11, 14, 17]",5,3,5,6,10,6.5491,65.49,464,43.75,57.11,0.14,2.26,-13.23,48.0,
short,1000,"[8, 13, 18]",8,5,3,3,15,6.1268,61.27,310,70.32,29.68,0.2,1.42,-27.5,20.0,
short,1000,"[6, 10, 14, 18]",6,4,4,3,15,5.7312,57.31,425,77.41,22.59,0.13,1.76,-34.78,22.5,
short,1000,"[6, 9, 12]",6,3,3,4,10,5.6379,56.38,481,48.44,51.56,0.12,1.34,-15.64,40.0,
short,1000,"[8, 11, 14, 17, 20]",8,3,5,7,15,5.6267,56.27,235,48.94,51.06,0.24,3.47,-21.92,42.0,
short,1000,"[8, 11, 14, 17, 20]",8,3,5,3,15,5.5415,55.42,315,71.75,28.25,0.18,1.29,-21.92,18.0,
short,1000,"[8, 11, 14, 17]",8,3,4,4,15,5.4136,54.14,290,64.48,35.52,0.19,1.96,-27.41,30.0,
short,1000,"[6, 10, 14, 18, 22, 26]",6,4,6,6,10,5.1046,51.05,409,36.43,64.55,0.12,1.97,-6.29,48.42,
short,1000,"[6, 11, 16]",6,5,3,4,10,4.6999,47.0,466,47.0,54.94,0.1,1.41,-12.58,26.67,
short,1000,"[6, 10, 14, 18, 22, 26]",6,4,6,4,10,4.218,42.18,466,45.92,54.94,0.09,1.41,-6.29,48.42,
short,1000,"[6, 10, 14, 18, 22]",6,4,5,5,10,4.2009,42.01,440,41.14,59.77,0.1,1.63,-7.55,32.7,
short,1000,"[6, 11, 16, 21]",6,5,4,3,15,4.1797,41.8,416,76.2,23.8,0.1,1.9,-30.24,22.5,
short,1000,"[5, 9, 13, 17, 21]",5,4,5,3,10,4.0889,40.89,612,61.44,39.22,0.07,1.23,-11.36,24.1,
short,1000,"[6, 11, 16, 21, 26, 31]",6,5,6,7,10,3.804,38.04,379,32.72,69.39,0.1,2.28,-6.29,66.87,
short,1000,"[7, 10, 13, 16, 19]",7,3,5,4,15,3.7317,37.32,337,68.84,31.16,0.11,2.08,-27.58,32.0,
short,1000,"[8, 12, 16, 20, 24, 28]",8,4,6,6,15,3.1839,31.84,250,53.2,48.0,0.13,3.03,-15.27,30.0,
short,1000,"[5, 9, 13, 17, 21, 25]",5,4,6,4,10,2.7544,27.54,553,54.07,46.65,0.05,1.6,-9.47,40.08,
short,1000,"[8, 13, 18]",8,5,3,4,15,2.5798,25.8,284,63.03,36.97,0.09,2.15,-27.5,26.67,
short,1000,"[7, 10, 13]",7,3,3,7,10,2.5636,25.64,359,26.18,73.82,0.07,1.7,-9.35,70.0,
short,1000,"[8, 12, 16, 20, 24, 28]",8,4,6,5,15,2.4611,24.61,269,57.99,43.12,0.09,2.55,-15.27,25.0,
short,1000,"[6, 9, 12, 15]",6,3,4,5,10,2.4322,24.32,449,44.99,58.13,0.05,1.59,-11.73,37.5,
short,1000,"[5, 8, 11, 14]",5,3,4,6,10,2.2035,22.03,464,42.89,57.11,0.05,2.26,-16.53,60.0,
short,1000,"[8, 12, 16, 20, 24]",8,4,5,6,15,1.7894,17.89,250,53.2,48.0,0.07,3.03,-18.32,36.0,
short,1000,"[6, 9, 12, 15, 18, 21]",6,3,6,6,10,1.4927,14.93,415,39.76,63.61,0.04,1.92,-7.82,30.0,
short,1000,"[6, 11, 16, 21, 26]",6,5,5,7,10,1.3587,13.59,379,32.72,69.39,0.04,2.28,-7.55,48.18,
short,1000,"[5, 8, 11, 14, 17, 20]",5,3,6,4,10,1.3156,13.16,554,54.15,46.57,0.02,1.58,-11.02,26.67,
short,1000,"[8, 13, 18, 23, 28, 33]",8,5,6,5,15,1.2379,12.38,267,58.05,43.07,0.05,2.62,-13.75,40.81,
short,1000,"[8, 11, 14, 17]",8,3,4,5,15,1.1759,11.76,272,58.82,41.18,0.04,2.5,-27.41,37.5,
short,1000,"[6, 10, 14, 18, 22]",6,4,5,6,10,1.0462,10.46,409,36.43,64.55,0.03,1.97,-7.55,36.0,
short,1000,"[8, 12, 16, 20, 24]",8,4,5,5,15,0.9221,9.22,269,57.99,43.12,0.03,2.55,-18.32,30.0,
short,1000,"[8, 11, 14, 17]",8,3,4,7,15,0.7834,7.83,235,48.94,51.06,0.03,3.47,-27.41,52.5,
short,1000,"[8, 11, 14, 17]",8,3,4,3,15,0.6769,6.77,315,71.75,28.25,0.02,1.29,-27.41,22.5,
short,1000,"[8, 12, 16]",8,4,3,7,15,0.5864,5.86,234,48.72,51.28,0.03,3.57,-30.53,70.0,
short,1000,"[5, 9, 13, 17]",5,4,4,3,10,0.5657,5.66,612,61.44,39.22,0.01,1.23,-14.2,22.5,
short,1000,"[7, 11, 15, 19, 23, 27]",7,4,6,7,15,0.3852,3.85,251,52.19,48.21,0.02,4.03,-18.47,35.0,
short,1000,"[6, 10, 14, 18]",6,4,4,5,10,0.3331,3.33,440,41.14,59.77,0.01,1.63,-9.43,37.5,
short,1000,"[6, 10, 14, 18, 22]",6,4,5,4,10,-0.0178,-0.18,466,45.92,54.94,-0.0,1.41,-7.55,32.7,
short,1000,"[7, 12, 17, 22, 27, 32]",7,5,6,7,15,-0.0795,-0.8,248,52.02,48.39,-0.0,4.11,-16.93,32.7,
short,1000,"[5, 8, 11, 14, 17, 20]",5,3,6,5,10,-0.2503,-2.5,501,47.9,52.89,-0.0,1.96,-11.02,33.33,
short,1000,"[6, 11, 16, 21, 26, 31]",6,5,6,6,15,-0.9714,-9.71,289,59.52,41.18,-0.03,3.86,-20.16,30.0,
short,1000,"[6, 11, 16]",6,5,3,3,15,-1.0386,-10.39,416,76.2,23.8,-0.02,1.9,-40.31,30.0,
short,1000,"[8, 13, 18, 23, 28]",8,5,5,5,15,-1.2212,-12.21,267,58.05,43.07,-0.05,2.62,-16.5,21.9,
short,1000,"[7, 10, 13, 16, 19, 22]",7,3,6,5,15,-1.2641,-12.64,300,62.0,38.0,-0.04,2.87,-22.99,33.33,
short,1000,"[7, 11, 15, 19, 23]",7,4,5,7,15,-1.4276,-14.28,251,51.79,48.21,-0.06,4.03,-22.16,42.0,
short,1000,"[5, 9, 13, 17, 21]",5,4,5,4,10,-1.4948,-14.95,553,54.07,46.65,-0.03,1.6,-11.36,24.1,
short,1000,"[5, 10, 15, 20, 25, 30]",5,5,6,3,10,-1.5632,-15.63,598,58.86,41.47,-0.03,1.29,-7.94,58.84,
short,1000,"[5, 8, 11, 14, 17]",5,3,5,4,10,-1.7546,-17.55,554,54.15,46.57,-0.03,1.58,-13.23,32.0,
short,1000,"[6, 9, 12, 15, 18]",6,3,5,6,10,-1.8452,-18.45,415,39.76,63.61,-0.04,1.92,-9.38,36.0,
short,1000,"[7, 12, 17, 22, 27, 32]",7,5,6,4,15,-2.5301,-25.3,329,66.57,33.74,-0.08,2.27,-16.93,32.7,
short,1000,"[7, 12, 17, 22, 27]",7,5,5,7,15,-2.6712,-26.71,248,52.02,48.39,-0.11,4.11,-20.31,28.0,
short,1000,"[8, 11, 14]",8,3,3,4,15,-3.0382,-30.38,290,64.48,35.52,-0.1,1.96,-36.54,40.0,
short,1000,"[8, 12, 16, 20]",8,4,4,6,15,-3.2068,-32.07,250,52.0,48.0,-0.13,3.03,-22.9,45.0,
short,1000,"[8, 11, 14, 17, 20, 23]",8,3,6,6,15,-3.3018,-33.02,250,53.6,47.6,-0.13,3.08,-18.27,30.0,
short,1000,"[6, 9, 12, 15, 18, 21]",6,3,6,3,15,-3.3968,-33.97,430,77.44,22.56,-0.08,1.73,-27.79,20.0,
short,1000,"[6, 11, 16, 21, 26]",6,5,5,6,15,-3.6085,-36.08,289,59.52,41.18,-0.12,3.86,-24.19,36.0,
short,1000,"[6, 10, 14, 18]",6,4,4,6,10,-3.6103,-36.1,409,36.43,64.55,-0.09,1.97,-9.43,45.0,
short,1000,"[5, 8, 11, 14, 17]",5,3,5,5,10,-3.6337,-36.34,501,47.9,52.89,-0.07,1.96,-13.23,40.0,
short,1000,"[7, 11, 15, 19, 23, 27]",7,4,6,5,15,-3.6818,-36.82,296,60.81,39.53,-0.12,2.93,-18.47,25.0,
short,1000,"[6, 10, 14, 18, 22, 26]",6,4,6,4,15,-3.7123,-37.12,363,70.52,30.03,-0.1,2.61,-23.19,20.0,
short,1000,"[5, 10, 15, 20, 25, 30]",5,5,6,4,10,-3.783,-37.83,536,51.49,48.88,-0.07,1.67,-7.94,58.84,
short,1000,"[7, 11, 15, 19, 23, 27]",7,4,6,6,15,-3.9348,-39.35,271,56.09,44.28,-0.15,3.47,-18.47,30.0,
short,1000,"[8, 13, 18, 23]",8,5,4,5,15,-4.0656,-40.66,267,58.05,43.07,-0.15,2.62,-20.63,25.0,
short,1000,"[6, 10, 14]",6,4,3,3,15,-4.2228,-42.23,425,77.41,22.59,-0.1,1.76,-46.38,30.0,
short,1000,"[7, 12, 17, 22, 27, 32]",7,5,6,6,15,-4.2462,-42.46,268,55.6,44.78,-0.16,3.52,-16.93,32.7,
short,1000,"[8, 12, 16, 20]",8,4,4,5,15,-4.291,-42.91,269,56.88,43.12,-0.16,2.55,-22.9,37.5,
short,1000,"[7, 10, 13, 16, 19, 22]",7,3,6,6,15,-4.3519,-43.52,281,57.3,42.7,-0.15,3.24,-22.99,40.0,
short,1000,"[6, 10, 14, 18, 22, 26]",6,4,6,7,10,-4.6027,-46.03,379,31.66,69.39,-0.12,2.28,-6.29,48.42,
short,1000,"[6, 11, 16, 21]",6,5,4,7,10,-4.6509,-46.51,379,32.72,69.39,-0.12,2.28,-9.43,35.0,
short,1000,"[6, 10, 14, 18]",6,4,4,4,10,-4.9403,-49.4,466,45.92,54.94,-0.11,1.41,-9.43,30.0,
short,1000,"[5, 10, 15, 20, 25]",5,5,5,3,10,-4.9528,-49.53,598,58.86,41.47,-0.08,1.29,-9.52,39.84,
short,1000,"[7, 10, 13, 16, 19]",7,3,5,5,15,-4.9595,-49.6,300,62.0,38.0,-0.17,2.87,-27.58,40.0,
short,1000,"[7, 12, 17]",7,5,3,3,30,-5.197,-51.97,264,91.29,8.71,-0.2,3.69,-162.26,30.0,
short,1000,"[7, 10, 13, 16]",7,3,4,4,15,-5.4194,-54.19,337,68.84,31.16,-0.16,2.08,-34.48,40.0,
short,1000,"[7, 11, 15, 19, 23, 27]",7,4,6,4,15,-5.4817,-54.82,328,66.77,33.54,-0.17,2.28,-18.47,20.0,
short,1000,"[7, 12, 17, 22, 27]",7,5,5,4,15,-5.6118,-56.12,329,66.57,33.74,-0.17,2.27,-20.31,16.0,
short,1000,"[7, 12, 17, 22]",7,5,4,7,15,-5.7012,-57.01,248,51.61,48.39,-0.23,4.11,-25.39,35.0,
short,1000,"[8, 13, 18, 23, 28, 33]",8,5,6,6,15,-5.8953,-58.95,246,52.44,48.78,-0.24,3.16,-13.75,40.81,
short,1000,"[6, 9, 12, 15, 18, 21]",6,3,6,7,10,-6.1168,-61.17,387,35.4,67.96,-0.16,2.18,-7.82,35.0,
short,1000,"[8, 13, 18, 23, 28, 33]",8,5,6,7,15,-6.166,-61.66,227,48.02,53.3,-0.27,3.84,-13.75,40.81,
short,1000,"[7, 11, 15, 19, 23]",7,4,5,5,15,-6.3079,-63.08,296,60.47,39.53,-0.21,2.93,-22.16,30.0,
short,1000,"[5, 9, 13, 17]",5,4,4,4,10,-6.4139,-64.14,553,54.07,46.65,-0.12,1.6,-14.2,30.0,
short,1000,"[7, 11, 15, 19, 23]",7,4,5,6,15,-6.6115,-66.12,271,55.72,44.28,-0.24,3.47,-22.16,36.0,
short,1000,"[7, 11, 15, 19]",7,4,4,7,15,-6.6625,-66.63,251,51.79,48.21,-0.27,4.03,-27.7,52.5,
short,1000,"[5, 9, 13]",5,4,3,3,10,-7.223,-72.23,612,60.78,39.22,-0.12,1.23,-18.93,30.0,
short,1000,"[5, 10, 15, 20, 25, 30]",5,5,6,5,10,-7.3093,-73.09,488,45.7,54.71,-0.15,2.04,-7.94,58.84,
short,1000,"[5, 10, 15, 20, 25]",5,5,5,4,10,-7.6166,-76.17,536,51.49,48.88,-0.14,1.67,-9.52,39.84,
short,1000,"[7, 12, 17, 22, 27]",7,5,5,6,15,-7.6712,-76.71,268,55.6,44.78,-0.29,3.52,-20.31,24.0,
short,1000,"[8, 11, 14, 17, 20]",8,3,5,6,15,-7.8646,-78.65,250,52.4,47.6,-0.31,3.08,-21.92,36.0,
short,1000,"[6, 10, 14, 18, 22]",6,4,5,4,15,-7.9468,-79.47,363,69.97,30.03,-0.22,2.61,-27.83,24.0,
short,1000,"[6, 9, 12, 15, 18]",6,3,5,3,15,-8.0431,-80.43,430,77.44,22.56,-0.19,1.73,-33.35,24.0,
short,1000,"[5, 8, 11, 14]",5,3,4,4,10,-8.1762,-81.76,554,53.43,46.57,-0.15,1.58,-16.53,40.0,
short,1000,"[8, 11, 14]",8,3,3,3,15,-8.2142,-82.14,315,71.75,28.25,-0.26,1.29,-36.54,30.0,
short,1000,"[7, 12, 17, 22, 27, 32]",7,5,6,5,15,-8.2643,-82.64,293,60.07,40.27,-0.28,2.95,-16.93,32.7,
short,1000,"[7, 11, 15, 19, 23]",7,4,5,4,15,-8.4679,-84.68,328,66.46,33.54,-0.26,2.28,-22.16,24.0,
short,1000,"[6, 10, 14]",6,4,3,5,10,-8.5954,-85.95,440,40.23,59.77,-0.2,1.63,-12.58,50.0,
short,1000,"[7, 10, 13, 16, 19]",7,3,5,6,15,-8.6649,-86.65,281,57.3,42.7,-0.31,3.24,-27.58,48.0,
short,1000,"[6, 11, 16, 21]",6,5,4,6,15,-8.8756,-88.76,289,58.82,41.18,-0.31,3.86,-30.24,45.0,
short,1000,"[6, 9, 12, 15]",6,3,4,6,10,-9.0861,-90.86,415,39.76,63.61,-0.22,1.92,-11.73,45.0,
short,1000,"[8, 11, 14]",8,3,3,5,15,-9.2584,-92.58,272,58.82,41.18,-0.34,2.5,-36.54,50.0,
short,1000,"[7, 12, 17, 22]",7,5,4,4,15,-9.377,-93.77,329,66.26,33.74,-0.29,2.27,-25.39,20.0,
short,1000,"[8, 13, 18, 23, 28]",8,5,5,6,15,-9.7811,-97.81,246,52.44,48.78,-0.4,3.16,-16.5,24.0,
short,1000,"[8, 13, 18, 23, 28]",8,5,5,7,15,-10.106,-101.06,227,48.02,53.3,-0.45,3.84,-16.5,28.0,
short,1000,"[5, 9, 13, 17, 21, 25]",5,4,6,6,10,-10.4209,-104.21,452,42.7,58.19,-0.23,2.37,-9.47,40.08,
short,1000,"[5, 8, 11, 14]",5,3,4,5,10,-10.5251,-105.25,501,47.11,52.89,-0.21,1.96,-16.53,50.0,
short,1000,"[6, 10, 14, 18, 22]",6,4,5,7,10,-10.6026,-106.03,379,31.66,69.39,-0.28,2.28,-7.55,42.0,
short,1000,"[6, 11, 16, 21, 26, 31]",6,5,6,5,15,-10.8868,-108.87,315,63.17,37.46,-0.35,3.33,-20.16,25.0,
short,1000,"[6, 9, 12, 15, 18]",6,3,5,7,10,-10.9765,-109.77,387,35.4,67.96,-0.28,2.18,-9.38,42.0,
short,1000,"[6, 11, 16, 21, 26, 31]",6,5,6,4,15,-11.0727,-110.73,354,68.64,31.92,-0.31,2.69,-20.16,24.45,
short,1000,"[8, 11, 14]",8,3,3,7,15,-11.4911,-114.91,235,48.94,51.06,-0.49,3.47,-36.54,70.0,
short,1000,"[6, 10, 14, 18, 22, 26]",6,4,6,6,15,-11.658,-116.58,289,59.52,41.18,-0.4,3.86,-23.19,30.0,
short,1000,"[5, 9, 13, 17, 21, 25]",5,4,6,5,10,-11.7606,-117.61,497,47.28,53.52,-0.24,1.99,-9.47,40.08,
short,1000,"[5, 10, 15, 20, 25]",5,5,5,5,10,-11.848,-118.48,488,45.7,54.71,-0.24,2.04,-9.52,39.84,
short,1000,"[8, 13, 18]",8,5,3,5,15,-11.9249,-119.25,267,56.93,43.07,-0.45,2.62,-27.5,33.33,
short,1000,"[7, 12, 17, 22]",7,5,4,6,15,-11.9512,-119.51,268,55.22,44.78,-0.45,3.52,-25.39,30.0,
short,1000,"[5, 10, 15, 20]",5,5,4,3,10,-12.191,-121.91,598,58.86,41.47,-0.2,1.29,-11.9,19.8,
short,1000,"[6, 11, 16]",6,5,3,7,10,-12.2617,-122.62,379,32.72,69.39,-0.32,2.28,-12.58,46.67,
short,1000,"[7, 12, 17, 22, 27]",7,5,5,5,15,-12.4929,-124.93,293,60.07,40.27,-0.43,2.95,-20.31,20.0,
short,1000,"[8, 12, 16]",8,4,3,6,15,-12.609,-126.09,250,52.0,48.0,-0.5,3.03,-30.53,60.0,
short,1000,"[7, 11, 15, 19]",7,4,4,5,15,-12.763,-127.63,296,60.47,39.53,-0.43,2.93,-27.7,37.5,
short,1000,"[5, 10, 15, 20, 25, 30]",5,5,6,6,10,-12.968,-129.68,438,40.41,60.05,-0.3,2.49,-7.94,58.84,
short,1000,"[7, 11, 15, 19]",7,4,4,6,15,-13.1425,-131.42,271,55.72,44.28,-0.48,3.47,-27.7,45.0,
short,1000,"[7, 12, 17]",7,5,3,7,15,-13.3393,-133.39,248,51.61,48.39,-0.54,4.11,-33.85,46.67,
short,1000,"[6, 10, 14]",6,4,3,6,10,-13.8532,-138.53,409,35.45,64.55,-0.34,1.97,-12.58,60.0,
short,1000,"[6, 10, 14, 18]",6,4,4,4,15,-14.2368,-142.37,363,69.97,30.03,-0.39,2.61,-34.78,30.0,
short,1000,"[6, 10, 14, 18, 22, 26]",6,4,6,5,15,-14.5966,-145.97,322,64.29,36.34,-0.45,3.24,-23.19,25.0,
short,1000,"[5, 10, 15, 20, 25, 30]",5,5,6,3,15,-14.657,-146.57,476,77.52,22.69,-0.31,2.07,-23.45,16.06,
short,1000,"[8, 13, 18, 23]",8,5,4,6,15,-14.7654,-147.65,246,52.44,48.78,-0.6,3.16,-20.63,30.0,
short,1000,"[7, 10, 13, 16, 19, 22]",7,3,6,7,15,-15.0991,-150.99,251,51.79,48.21,-0.6,4.01,-22.99,46.67,
short,1000,"[8, 13, 18, 23]",8,5,4,7,15,-15.1715,-151.72,227,48.02,53.3,-0.67,3.84,-20.63,35.0,
short,1000,"[7, 11, 15, 19]",7,4,4,4,15,-15.4629,-154.63,328,66.46,33.54,-0.47,2.28,-27.7,30.0,
short,1000,"[6, 11, 16, 21, 26]",6,5,5,5,15,-15.5069,-155.07,315,63.17,37.46,-0.49,3.33,-24.19,30.0,
short,1000,"[5, 10, 15, 20]",5,5,4,4,10,-15.5207,-155.21,536,51.49,48.88,-0.29,1.67,-11.9,20.0,
short,1000,"[6, 10, 14]",6,4,3,4,10,-15.6266,-156.27,466,45.06,54.94,-0.34,1.41,-12.58,40.0,
short,1000,"[6, 11, 16, 21, 26]",6,5,5,4,15,-15.7299,-157.3,354,68.64,31.92,-0.44,2.69,-24.19,24.0,
short,1000,"[8, 11, 14, 17]",8,3,4,6,15,-16.0808,-160.81,250,52.4,47.6,-0.64,3.08,-27.41,45.0,
short,1000,"[5, 10, 15, 20, 25, 30]",5,5,6,5,15,-16.4507,-164.51,352,66.48,33.81,-0.47,3.51,-23.45,25.0,
short,1000,"[5, 9, 13]",5,4,3,4,10,-16.5291,-165.29,553,53.35,46.65,-0.3,1.6,-18.93,40.0,
short,1000,"[6, 9, 12, 15, 18, 21]",6,3,6,4,15,-16.719,-167.19,373,70.24,29.76,-0.45,2.43,-27.79,26.67,
short,1000,"[6, 11, 16]",6,5,3,6,15,-16.7929,-167.93,289,58.82,41.18,-0.58,3.86,-40.31,60.0,
short,1000,"[5, 8, 11, 14, 17, 20]",5,3,6,7,10,-16.819,-168.19,412,38.11,62.86,-0.41,2.78,-11.02,46.67,
short,1000,"[8, 12, 16]",8,4,3,5,15,-16.8324,-168.32,269,56.88,43.12,-0.63,2.55,-30.53,50.0,
short,1000,"[8, 11, 14, 17, 20, 23]",8,3,6,3,30,-17.0269,-170.27,241,91.7,8.3,-0.71,3.26,-127.76,30.0,
short,1000,"[6, 9, 12]",6,3,3,5,10,-17.047,-170.47,449,41.87,58.13,-0.38,1.59,-15.64,50.0,
short,1000,"[7, 10, 13, 16]",7,3,4,5,15,-17.1238,-171.24,300,62.0,38.0,-0.57,2.87,-34.48,50.0,
short,1000,"[5, 9, 13, 17, 21]",5,4,5,6,10,-17.3051,-173.05,452,42.7,58.19,-0.38,2.37,-11.36,36.0,
short,1000,"[6, 10, 14, 18, 22]",6,4,5,6,15,-17.4817,-174.82,289,58.82,41.18,-0.6,3.86,-27.83,36.0,
short,1000,"[7, 12, 17, 22, 27, 32]",7,5,6,3,30,-17.77,-177.7,270,91.48,8.52,-0.66,3.49,-96.0,25.0,
short,1000,"[7, 12, 17, 22]",7,5,4,5,15,-17.9783,-179.78,293,59.73,40.27,-0.61,2.95,-25.39,25.0,
short,1000,"[6, 10, 14, 18]",6,4,4,7,10,-18.1713,-181.71,379,31.66,69.39,-0.48,2.28,-9.43,52.5,
short,1000,"[5, 10, 15, 20, 25]",5,5,5,6,10,-18.6385,-186.39,438,40.41,60.05,-0.43,2.49,-9.52,39.84,
short,1000,"[6, 11, 16, 21, 26, 31]",6,5,6,7,15,-18.8722,-188.72,251,52.99,47.81,-0.75,4.74,-20.16,35.0,
short,1000,"[5, 9, 13, 17, 21]",5,4,5,5,10,-18.9127,-189.13,497,47.28,53.52,-0.38,1.99,-11.36,30.0,
short,1000,"[5, 10, 15, 20, 25, 30]",5,5,6,7,10,-19.1664,-191.66,398,35.68,64.82,-0.48,2.93,-7.94,58.84,
short,1000,"[6, 9, 12, 15]",6,3,4,3,15,-19.5878,-195.88,430,77.44,22.56,-0.46,1.73,-41.68,30.0,
short,1000,"[8, 11, 14, 17, 20, 23]",8,3,6,3,25,-19.6638,-196.64,261,88.51,11.49,-0.75,2.49,-84.39,30.0,
short,1000,"[5, 10, 15, 20, 25]",5,5,5,3,15,-19.8961,-198.96,476,77.31,22.69,-0.42,2.07,-28.14,18.0,
short,1000,"[7, 10, 13]",7,3,3,4,15,-20.0534,-200.53,337,68.84,31.16,-0.6,2.08,-45.97,40.0,
short,1000,"[7, 12, 17]",7,5,3,4,15,-20.1529,-201.53,329,66.26,33.74,-0.61,2.27,-33.85,26.67,
short,1000,"[6, 9, 12, 15]",6,3,4,7,10,-20.5003,-205.0,387,35.4,67.96,-0.53,2.18,-11.73,52.5,
short,1000,"[5, 10, 15, 20]",5,5,4,5,10,-20.81,-208.1,488,45.7,54.71,-0.43,2.04,-11.9,25.0,
short,1000,"[7, 10, 13, 16]",7,3,4,6,15,-20.9152,-209.15,281,57.3,42.7,-0.74,3.24,-34.48,60.0,
short,1000,"[6, 10, 14, 18, 22]",6,4,5,5,15,-21.0079,-210.08,322,63.66,36.34,-0.65,3.24,-27.83,30.0,
short,1000,"[5, 9, 13, 17, 21, 25]",5,4,6,7,10,-21.0214,-210.21,406,37.44,63.55,-0.52,2.83,-9.47,40.08,
short,1000,"[5, 9, 13, 17, 21, 25]",5,4,6,3,15,-21.121,-211.21,484,78.1,21.9,-0.44,2.03,-28.0,15.0,
short,1000,"[5, 8, 11]",5,3,3,6,10,-21.2842,-212.84,464,42.89,57.11,-0.46,2.26,-22.05,60.0,
short,1000,"[7, 12, 17, 22, 27, 32]",7,5,6,3,25,-21.3484,-213.48,300,88.33,11.67,-0.71,2.68,-62.88,20.0,
short,1000,"[7, 10, 13, 16, 19]",7,3,5,7,15,-21.5616,-215.62,251,51.79,48.21,-0.86,4.01,-27.58,56.0,
short,1000,"[7, 12, 17]",7,5,3,6,15,-21.6727,-216.73,268,55.22,44.78,-0.81,3.52,-33.85,40.0,
short,1000,"[5, 10, 15]",5,5,3,3,10,-21.8102,-218.1,598,58.53,41.47,-0.36,1.29,-15.87,20.0,
short,1000,"[5, 10, 15, 20, 25]",5,5,5,5,15,-22.0485,-220.48,352,66.19,33.81,-0.63,3.51,-28.14,30.0,
short,1000,"[7, 12, 17, 22]",7,5,4,3,30,-22.8527,-228.53,267,91.39,8.61,-0.86,3.58,-138.09,30.0,
short,1000,"[6, 9, 12, 15, 18]",6,3,5,4,15,-23.038,-230.38,373,70.24,29.76,-0.62,2.43,-33.35,32.0,
short,1000,"[5, 8, 11, 14, 17]",5,3,5,7,10,-23.5162,-235.16,412,38.11,62.86,-0.57,2.78,-13.23,56.0,
short,1000,"[7, 12, 17, 22, 27]",7,5,5,3,30,-23.7483,-237.48,270,91.48,8.52,-0.88,3.49,-115.19,30.0,
short,1000,"[6, 11, 16, 21]",6,5,4,5,15,-23.7487,-237.49,315,62.54,37.46,-0.75,3.33,-30.24,37.5,
short,1000,"[6, 11, 16, 21]",6,5,4,4,15,-24.0275,-240.27,354,68.08,31.92,-0.68,2.69,-30.24,30.0,
short,1000,"[8, 12, 16, 20, 24, 28]",8,4,6,3,20,-24.511,-245.11,282,81.21,18.79,-0.87,2.04,-36.17,15.0,
short,1000,"[7, 11, 15]",7,4,3,7,15,-24.5696,-245.7,251,51.79,48.21,-0.98,4.03,-36.93,70.0,
short,1000,"[6, 9, 12, 15, 18, 21]",6,3,6,5,15,-24.9288,-249.29,332,64.46,35.54,-0.75,3.03,-27.79,33.33,
short,1000,"[6, 11, 16, 21, 26]",6,5,5,7,15,-25.0894,-250.89,251,52.99,47.81,-1.0,4.74,-24.19,42.0,
short,1000,"[5, 10, 15, 20, 25, 30]",5,5,6,4,15,-25.2771,-252.77,393,70.74,29.52,-0.64,2.93,-23.45,20.0,
short,1000,"[5, 8, 11, 14, 17, 20]",5,3,6,4,15,-25.8598,-258.6,416,72.84,27.16,-0.62,2.67,-34.14,26.67,
short,1000,"[5, 10, 15, 20, 25]",5,5,5,7,10,-26.0766,-260.77,398,35.68,64.82,-0.66,2.93,-9.52,39.84,
short,1000,"[6, 10, 14, 18]",6,4,4,6,15,-26.1554,-261.55,289,58.82,41.18,-0.91,3.86,-34.78,45.0,
short,1000,"[5, 9, 13, 17]",5,4,4,6,10,-26.1768,-261.77,452,42.7,58.19,-0.58,2.37,-14.2,45.0,
short,1000,"[8, 13, 18]",8,5,3,6,15,-26.1913,-261.91,246,51.22,48.78,-1.06,3.16,-27.5,40.0,
short,1000,"[5, 10, 15]",5,5,3,4,10,-26.2498,-262.5,536,51.12,48.88,-0.49,1.67,-15.87,26.67,
short,1000,"[5, 8, 11, 14, 17, 20]",5,3,6,6,15,-26.2873,-262.87,319,62.38,37.62,-0.82,4.04,-34.14,40.0,
short,1000,"[6, 9, 12, 15, 18, 21]",6,3,6,6,15,-26.4365,-264.37,293,59.39,40.61,-0.9,3.77,-27.79,40.0,
short,1000,"[5, 9, 13, 17, 21, 25]",5,4,6,5,15,-26.5589,-265.59,361,67.04,32.96,-0.74,3.39,-28.0,25.0,
short,1000,"[5, 8, 11, 14, 17, 20]",5,3,6,3,15,-26.5822,-265.82,492,78.86,21.14,-0.54,1.92,-34.14,20.0,
short,1000,"[7, 12, 17, 22, 27]",7,5,5,3,25,-26.6786,-266.79,300,88.33,11.67,-0.89,2.68,-75.45,24.0,
short,1000,"[8, 13, 18]",8,5,3,7,15,-26.7327,-267.33,227,46.7,53.3,-1.18,3.84,-27.5,46.67,
short,1000,"[8, 13, 18, 23, 28, 33]",8,5,6,3,20,-26.97,-269.7,275,80.0,20.0,-0.98,2.1,-31.67,15.0,
short,1000,"[8, 13, 18, 23, 28, 33]",8,5,6,4,30,-27.289,-272.89,195,86.67,13.33,-1.4,5.13,-88.06,33.33,
short,1000,"[8, 11, 14, 17, 20]",8,3,5,3,30,-27.4615,-274.61,238,91.18,8.82,-1.15,3.36,-141.93,30.0,
short,1000,"[6, 9, 12]",6,3,3,3,15,-28.1171,-281.17,430,77.44,22.56,-0.65,1.73,-55.58,30.0,
short,1000,"[5, 9, 13, 17]",5,4,4,5,10,-28.1863,-281.86,497,47.28,53.52,-0.57,1.99,-14.2,37.5,
short,1000,"[8, 11, 14, 17, 20, 23]",8,3,6,3,20,-28.3626,-283.63,284,82.04,17.96,-1.0,1.95,-45.08,20.0,
short,1000,"[5, 10, 15, 20]",5,5,4,6,10,-29.2981,-292.98,438,40.41,60.05,-0.67,2.49,-11.9,30.0,
short,1000,"[8, 11, 14, 17, 20, 23]",8,3,6,4,30,-29.4087,-294.09,203,87.68,12.32,-1.45,4.62,-127.76,40.0,
short,1000,"[7, 12, 17]",7,5,3,5,15,-29.7088,-297.09,293,59.73,40.27,-1.01,2.95,-33.85,33.33,
short,1000,"[5, 9, 13, 17, 21]",5,4,5,7,10,-30.0257,-300.26,406,37.44,63.55,-0.74,2.83,-11.36,42.0,
short,1000,"[6, 10, 14, 18, 22, 26]",6,4,6,7,15,-30.039,-300.39,253,53.36,47.43,-1.19,4.75,-23.19,35.0,
short,1000,"[5, 9, 13, 17, 21]",5,4,5,3,15,-30.1452,-301.45,484,78.1,21.9,-0.62,2.03,-33.6,18.0,
short,1000,"[7, 11, 15]",7,4,3,5,15,-30.4627,-304.63,296,60.47,39.53,-1.03,2.93,-36.93,50.0,
short,1000,"[6, 10, 14, 18]",6,4,4,5,15,-30.5632,-305.63,322,63.66,36.34,-0.95,3.24,-34.78,37.5,
short,1000,"[8, 12, 16, 20, 24]",8,4,5,3,20,-30.6631,-306.63,282,81.21,18.79,-1.09,2.04,-43.4,18.0,
short,1000,"[5, 9, 13, 17, 21, 25]",5,4,6,4,15,-30.778,-307.78,410,71.71,28.29,-0.75,2.74,-28.0,20.0,
short,1000,"[6, 10, 14]",6,4,3,4,15,-30.8468,-308.47,363,69.97,30.03,-0.85,2.61,-46.38,40.0,
short,1000,"[5, 10, 15, 20]",5,5,4,3,15,-30.8701,-308.7,476,77.31,22.69,-0.65,2.07,-35.17,22.5,
short,1000,"[8, 11, 14, 17]",8,3,4,4,30,-32.119,-321.19,201,87.06,12.94,-1.6,4.91,-156.58,40.0,
short,1000,"[6, 9, 12]",6,3,3,6,10,-32.4047,-324.05,415,36.39,63.61,-0.78,1.92,-15.64,60.0,
short,1000,"[7, 12, 17]",7,5,3,3,25,-32.4504,-324.5,299,88.29,11.71,-1.09,2.72,-117.56,30.0,
short,1000,"[5, 10, 15, 20, 25]",5,5,5,4,15,-32.6403,-326.4,393,70.48,29.52,-0.83,2.93,-28.14,24.0,
short,1000,"[8, 11, 14]",8,3,3,6,15,-32.837,-328.37,250,52.4,47.6,-1.31,3.08,-36.54,60.0,
short,1000,"[6, 9, 12, 15, 18]",6,3,5,5,15,-32.8897,-328.9,332,64.46,35.54,-0.99,3.03,-33.35,40.0,
short,1000,"[7, 11, 15]",7,4,3,4,15,-32.9421,-329.42,328,66.46,33.54,-1.0,2.28,-36.93,40.0,
short,1000,"[7, 11, 15]",7,4,3,6,15,-33.2096,-332.1,271,55.72,44.28,-1.23,3.47,-36.93,60.0,
short,1000,"[6, 10, 14]",6,4,3,7,10,-33.2679,-332.68,379,30.61,69.39,-0.88,2.28,-12.58,70.0,
short,1000,"[5, 8, 11]",5,3,3,4,10,-33.2876,-332.88,554,53.43,46.57,-0.6,1.58,-22.05,40.0,
short,1000,"[5, 10, 15]",5,5,3,5,10,-33.3023,-333.02,488,45.29,54.71,-0.68,2.04,-15.87,33.33,
short,1000,"[5, 10, 15, 20]",5,5,4,5,15,-33.5606,-335.61,352,66.19,33.81,-0.95,3.51,-35.17,37.5,
short,1000,"[6, 9, 12, 15, 18, 21]",6,3,6,7,15,-33.7155,-337.15,261,54.02,45.98,-1.29,4.53,-27.79,46.67,
short,1000,"[8, 11, 14, 17, 20]",8,3,5,3,25,-33.8418,-338.42,259,88.03,11.97,-1.31,2.53,-98.01,30.0,
short,1000,"[8, 13, 18, 23, 28, 33]",8,5,6,3,30,-33.9128,-339.13,229,89.96,10.04,-1.48,3.53,-88.06,25.0,
short,1000,"[8, 13, 18, 23, 28]",8,5,5,3,20,-34.3189,-343.19,275,80.0,20.0,-1.25,2.1,-38.0,18.0,
short,1000,"[8, 12, 16, 20]",8,4,4,3,30,-34.3925,-343.93,236,90.68,9.32,-1.46,3.39,-142.11,30.0,
short,1000,"[6, 9, 12, 15, 18]",6,3,5,6,15,-34.6991,-346.99,293,59.39,40.61,-1.18,3.77,-33.35,48.0,
short,1000,"[7, 12, 17, 22, 27, 32]",7,5,6,3,20,-35.1721,-351.72,330,81.82,18.18,-1.07,2.1,-36.43,15.0,
short,1000,"[5, 8, 11, 14]",5,3,4,7,10,-35.3781,-353.78,412,37.14,62.86,-0.86,2.78,-16.53,70.0,
short,1000,"[8, 11, 14, 17]",8,3,4,3,30,-35.4853,-354.85,231,90.48,9.52,-1.54,3.6,-156.58,30.0,
short,1000,"[6, 11, 16, 21]",6,5,4,7,15,-35.7268,-357.27,251,52.19,47.81,-1.42,4.74,-30.24,52.5,
short,1000,"[8, 13, 18, 23, 28, 33]",8,5,6,3,25,-35.9019,-359.02,252,86.11,13.89,-1.42,2.64,-56.53,20.0,
short,1000,"[5, 8, 11, 14, 17]",5,3,5,4,15,-36.0317,-360.32,416,72.84,27.16,-0.87,2.67,-40.97,32.0,
short,1000,"[8, 13, 18, 23, 28, 33]",8,5,6,5,30,-36.0838,-360.84,167,82.63,17.37,-2.16,6.83,-88.06,41.67,
short,1000,"[7, 12, 17, 22]",7,5,4,3,25,-36.1042,-361.04,300,88.33,11.67,-1.2,2.68,-94.32,30.0,
short,1000,"[5, 8, 11, 14, 17, 20]",5,3,6,5,15,-36.2388,-362.39,362,66.85,33.15,-1.0,3.34,-34.14,33.33,
short,1000,"[8, 13, 18, 23, 28]",8,5,5,4,30,-36.3559,-363.56,195,86.67,13.33,-1.86,5.13,-105.68,40.0,
short,1000,"[8, 11, 14, 17, 20]",8,3,5,3,20,-36.4741,-364.74,284,82.04,17.96,-1.28,1.95,-54.09,24.0,
short,1000,"[5, 8, 11, 14, 17]",5,3,5,6,15,-36.5447,-365.45,319,62.38,37.62,-1.15,4.04,-40.97,48.0,
short,1000,"[6, 11, 16]",6,5,3,5,15,-36.6235,-366.24,315,62.54,37.46,-1.16,3.33,-40.31,50.0,
short,1000,"[5, 9, 13, 17, 21]",5,4,5,5,15,-36.6707,-366.71,361,67.04,32.96,-1.02,3.39,-33.6,30.0,
short,1000,"[5, 8, 11]",5,3,3,5,10,-36.7527,-367.53,501,47.11,52.89,-0.73,1.96,-22.05,50.0,
short,1000,"[5, 8, 11, 14, 17]",5,3,5,3,15,-36.8987,-368.99,492,78.86,21.14,-0.75,1.92,-40.97,24.0,
short,1000,"[5, 8, 11, 14, 17, 20]",5,3,6,7,15,-36.9101,-369.1,276,57.25,42.75,-1.34,4.94,-34.14,46.67,
short,1000,"[7, 12, 17, 22, 27, 32]",7,5,6,4,30,-36.9295,-369.3,224,87.5,12.5,-1.65,4.94,-96.0,33.33,
short,1000,"[6, 11, 16]",6,5,3,4,15,-36.9953,-369.95,354,68.08,31.92,-1.05,2.69,-40.31,40.0,
short,1000,"[7, 10, 13]",7,3,3,5,15,-37.4294,-374.29,300,62.0,38.0,-1.25,2.87,-45.97,50.0,
short,1000,"[6, 9, 12, 15]",6,3,4,4,15,-37.6959,-376.96,373,70.24,29.76,-1.01,2.43,-41.68,40.0,
short,1000,"[5, 10, 15, 20]",5,5,4,7,10,-38.5958,-385.96,398,35.68,64.82,-0.97,2.93,-11.9,35.0,
short,1000,"[5, 10, 15, 20, 25, 30]",5,5,6,7,15,-38.622,-386.22,258,55.04,45.35,-1.5,5.37,-23.45,35.0,
short,1000,"[7, 10, 13, 16]",7,3,4,7,15,-38.7167,-387.17,251,51.79,48.21,-1.54,4.01,-34.48,70.0,
short,1000,"[8, 12, 16, 20, 24, 28]",8,4,6,3,30,-38.8995,-388.99,238,90.76,9.24,-1.63,3.26,-105.41,30.0,
short,1000,"[8, 12, 16]",8,4,3,3,30,-38.9159,-389.16,230,90.0,10.0,-1.69,3.64,-161.7,30.0,
short,1000,"[8, 11, 14, 17, 20]",8,3,5,4,30,-39.4285,-394.29,204,87.25,12.75,-1.93,4.6,-141.93,40.0,
short,1000,"[6, 10, 14, 18, 22]",6,4,5,7,15,-39.5389,-395.39,253,52.57,47.43,-1.56,4.75,-27.83,42.0,
short,1000,"[7, 11, 15, 19, 23, 27]",7,4,6,3,25,-40.9886,-409.89,301,88.37,11.63,-1.36,2.71,-74.66,25.0,
short,1000,"[7, 11, 15, 19, 23, 27]",7,4,6,3,20,-41.1905,-411.9,325,82.46,17.54,-1.27,2.23,-42.41,20.0,
short,1000,"[8, 12, 16, 20]",8,4,4,3,20,-41.5547,-415.55,282,81.21,18.79,-1.47,2.04,-54.26,22.5,
short,1000,"[5, 9, 13, 17, 21]",5,4,5,4,15,-41.7336,-417.34,410,71.71,28.29,-1.02,2.74,-33.6,24.0,
short,1000,"[5, 10, 15, 20, 25, 30]",5,5,6,6,15,-41.946,-419.46,294,59.18,41.16,-1.43,4.47,-23.45,30.0,
short,1000,"[5, 9, 13, 17]",5,4,4,7,10,-42.0776,-420.78,406,37.44,63.55,-1.04,2.83,-14.2,52.5,
short,1000,"[8, 12, 16, 20, 24, 28]",8,4,6,5,30,-42.3523,-423.52,172,83.14,16.86,-2.46,6.46,-105.41,50.0,
short,1000,"[5, 9, 13, 17]",5,4,4,3,15,-42.6402,-426.4,484,78.1,21.9,-0.88,2.03,-42.0,22.5,
short,1000,"[5, 9, 13]",5,4,3,6,10,-42.8796,-428.8,452,41.81,58.19,-0.95,2.37,-18.93,60.0,
short,1000,"[5, 9, 13, 17, 21, 25]",5,4,6,7,15,-43.141,-431.41,267,55.81,44.19,-1.62,5.1,-28.0,35.0,
short,1000,"[8, 13, 18, 23]",8,5,4,4,30,-43.2886,-432.89,193,86.53,13.47,-2.24,5.25,-128.19,40.0,
short,1000,"[8, 12, 16, 20, 24]",8,4,5,3,30,-43.4044,-434.04,236,90.68,9.32,-1.84,3.35,-123.37,30.0,
short,1000,"[6, 9, 12, 15, 18]",6,3,5,7,15,-43.4338,-434.34,261,54.02,45.98,-1.66,4.53,-33.35,56.0,
short,1000,"[7, 10, 13]",7,3,3,6,15,-43.6801,-436.8,281,57.3,42.7,-1.55,3.24,-45.97,60.0,
short,1000,"[8, 13, 18, 23, 28]",8,5,5,3,30,-43.8533,-438.53,229,89.96,10.04,-1.91,3.53,-105.68,30.0,
short,1000,"[7, 12, 17, 22, 27]",7,5,5,3,20,-44.0247,-440.25,330,81.82,18.18,-1.33,2.1,-43.71,18.0,
short,1000,"[8, 13, 18, 23, 28]",8,5,5,3,25,-44.2853,-442.85,252,86.11,13.89,-1.76,2.64,-67.84,24.0,
short,1000,"[8, 13, 18, 23]",8,5,4,3,20,-44.4611,-444.61,275,80.0,20.0,-1.62,2.1,-47.5,22.5,
short,1000,"[5, 10, 15]",5,5,3,6,10,-44.6197,-446.2,438,39.95,60.05,-1.02,2.49,-15.87,40.0,
short,1000,"[8, 12, 16, 20, 24, 28]",8,4,6,3,25,-45.0554,-450.55,257,86.77,13.23,-1.75,2.52,-66.8,25.0,
short,1000,"[8, 11, 14, 17]",8,3,4,3,25,-45.2207,-452.21,252,87.3,12.7,-1.79,2.72,-112.1,30.0,
short,1000,"[8, 12, 16, 20, 24, 28]",8,4,6,5,25,-45.2842,-452.84,196,78.06,21.94,-2.31,4.79,-66.8,41.67,
short,1000,"[5, 9, 13]",5,4,3,5,10,-45.5589,-455.59,497,46.48,53.52,-0.92,1.99,-18.93,50.0,
short,1000,"[8, 11, 14, 17]",8,3,4,3,20,-45.5926,-455.93,284,82.04,17.96,-1.61,1.95,-67.62,30.0,
short,1000,"[7, 11, 15, 19, 23, 27]",7,4,6,5,30,-45.5977,-455.98,189,84.13,15.87,-2.41,6.72,-114.92,50.0,
short,1000,"[6, 10, 14]",6,4,3,6,15,-45.8908,-458.91,289,58.82,41.18,-1.59,3.86,-46.38,60.0,
short,1000,"[6, 9, 12]",6,3,3,7,10,-46.1743,-461.74,387,32.04,67.96,-1.19,2.18,-15.64,70.0,
short,1000,"[8, 13, 18, 23, 28]",8,5,5,5,30,-46.4585,-464.58,167,82.63,17.37,-2.78,6.83,-105.68,50.0,
short,1000,"[8, 11, 14, 17, 20, 23]",8,3,6,4,25,-46.6742,-466.74,224,83.04,16.96,-2.08,3.63,-84.39,40.0,
short,1000,"[5, 10, 15, 20]",5,5,4,4,15,-46.8003,-468.0,393,70.48,29.52,-1.19,2.93,-35.17,30.0,
short,1000,"[7, 12, 17, 22, 27]",7,5,5,4,30,-47.3457,-473.46,224,87.5,12.5,-2.11,4.94,-115.19,40.0,
short,1000,"[7, 12, 17, 22, 27, 32]",7,5,6,4,20,-48.1836,-481.84,289,76.12,23.88,-1.67,2.96,-36.43,20.0,
short,1000,"[8, 11, 14, 17, 20]",8,3,5,4,25,-48.4513,-484.51,224,83.04,16.96,-2.16,3.64,-98.01,40.0,
short,1000,"[5, 8, 11, 14, 17]",5,3,5,5,15,-48.4866,-484.87,362,66.85,33.15,-1.34,3.34,-40.97,40.0,
short,1000,"[5, 10, 15, 20, 25]",5,5,5,7,15,-48.6541,-486.54,258,54.65,45.35,-1.89,5.37,-28.14,42.0,
short,1000,"[8, 12, 16, 20, 24]",8,4,5,5,30,-48.7603,-487.6,172,83.14,16.86,-2.83,6.48,-123.37,50.0,
short,1000,"[8, 11, 14, 17, 20, 23]",8,3,6,5,30,-48.8474,-488.47,179,83.8,16.2,-2.73,6.05,-127.76,50.0,
short,1000,"[7, 12, 17, 22, 27, 32]",7,5,6,5,30,-49.2282,-492.28,181,82.87,17.13,-2.72,7.09,-96.0,41.67,
short,1000,"[5, 8, 11, 14, 17]",5,3,5,7,15,-49.2922,-492.92,276,57.25,42.75,-1.79,4.94,-40.97,56.0,
short,1000,"[6, 9, 12, 15]",6,3,4,5,15,-49.3749,-493.75,332,64.46,35.54,-1.49,3.03,-41.68,50.0,
short,1000,"[5, 10, 15]",5,5,3,3,15,-49.4935,-494.94,476,77.31,22.69,-1.04,2.07,-46.9,30.0,
short,1000,"[5, 9, 13, 17]",5,4,4,5,15,-49.5574,-495.57,361,67.04,32.96,-1.37,3.39,-42.0,37.5,
short,1000,"[8, 11, 14, 17, 20, 23]",8,3,6,4,20,-49.9555,-499.56,255,75.29,24.71,-1.96,2.65,-45.08,26.67,
short,1000,"[8, 13, 18, 23]",8,5,4,3,30,-50.3322,-503.32,227,89.87,10.13,-2.22,3.63,-128.19,30.0,
short,1000,"[7, 11, 15, 19, 23]",7,4,5,3,20,-50.5309,-505.31,325,82.46,17.54,-1.55,2.23,-50.89,24.0,
short,1000,"[8, 12, 16, 20, 24, 28]",8,4,6,4,30,-51.2706,-512.71,201,86.57,13.43,-2.55,4.79,-105.41,40.0,
short,1000,"[7, 11, 15, 19, 23]",7,4,5,3,25,-51.3911,-513.91,301,88.37,11.63,-1.71,2.71,-89.6,30.0,
short,1000,"[7, 12, 17, 22]",7,5,4,4,30,-51.6467,-516.47,224,87.5,12.5,-2.31,4.96,-138.09,40.0,
short,1000,"[7, 10, 13, 16]",7,3,4,3,30,-51.9922,-519.92,263,90.87,9.13,-1.98,3.7,-166.98,30.0,
short,1000,"[6, 11, 16]",6,5,3,7,15,-52.5944,-525.94,251,52.19,47.81,-2.1,4.74,-40.31,70.0,
short,1000,"[6, 10, 14]",6,4,3,5,15,-52.6153,-526.15,322,63.66,36.34,-1.63,3.24,-46.38,50.0,
short,1000,"[5, 10, 15, 20, 25]",5,5,5,6,15,-52.6429,-526.43,294,58.84,41.16,-1.79,4.47,-28.14,36.0,
short,1000,"[5, 8, 11, 14]",5,3,4,4,15,-52.732,-527.32,416,72.84,27.16,-1.27,2.67,-51.22,40.0,
short,1000,"[6, 9, 12]",6,3,3,4,15,-52.9278,-529.28,373,70.24,29.76,-1.42,2.43,-55.58,40.0,
short,1000,"[8, 11, 14, 17]",8,3,4,4,25,-52.9808,-529.81,218,82.57,17.43,-2.43,3.9,-112.1,40.0,
short,1000,"[5, 10, 15]",5,5,3,5,15,-53.0808,-530.81,352,66.19,33.81,-1.51,3.51,-46.9,50.0,
short,1000,"[5, 8, 11, 14]",5,3,4,3,15,-53.3883,-533.88,492,78.86,21.14,-1.09,1.92,-51.22,30.0,
short,1000,"[8, 12, 16, 20, 24, 28]",8,4,6,4,20,-53.5325,-535.32,251,73.71,26.29,-2.13,2.77,-36.17,20.0,
short,1000,"[6, 9, 12, 15]",6,3,4,6,15,-53.5433,-535.43,293,59.39,40.61,-1.83,3.77,-41.68,60.0,
short,1000,"[6, 10, 14, 18]",6,4,4,7,15,-53.7269,-537.27,253,52.57,47.43,-2.12,4.75,-34.78,52.5,
short,1000,"[5, 8, 11, 14]",5,3,4,6,15,-55.0826,-550.83,319,62.38,37.62,-1.73,4.04,-51.22,60.0,
short,1000,"[8, 12, 16]",8,4,3,3,20,-55.4063,-554.06,282,81.21,18.79,-1.96,2.04,-72.34,30.0,
short,1000,"[5, 9, 13, 17]",5,4,4,4,15,-55.886,-558.86,410,71.71,28.29,-1.36,2.74,-42.0,30.0,
short,1000,"[8, 12, 16, 20, 24]",8,4,5,3,25,-55.9414,-559.41,257,86.77,13.23,-2.18,2.52,-80.16,30.0,
short,1000,"[7, 12, 17, 22, 27, 32]",7,5,6,5,20,-56.0777,-560.78,249,70.28,29.72,-2.25,4.18,-36.43,25.0,
short,1000,"[7, 12, 17, 22]",7,5,4,3,20,-56.4089,-564.09,330,81.82,18.18,-1.71,2.1,-54.64,22.5,
short,1000,"[5, 9, 13, 17, 21]",5,4,5,7,15,-56.5691,-565.69,267,55.81,44.19,-2.12,5.1,-33.6,42.0,
short,1000,"[8, 12, 16, 20, 24]",8,4,5,5,25,-56.6848,-566.85,196,78.06,21.94,-2.89,4.79,-80.16,50.0,
short,1000,"[6, 10, 14, 18, 22, 26]",6,4,6,3,30,-56.9995,-570.0,290,91.38,8.62,-1.97,3.77,-124.6,30.0,
short,1000,"[5, 10, 15]",5,5,3,7,10,-57.0166,-570.17,398,35.18,64.82,-1.43,2.93,-15.87,46.67,
short,1000,"[5, 9, 13, 17, 21, 25]",5,4,6,6,15,-57.0187,-570.19,300,59.67,40.33,-1.9,4.39,-28.0,30.0,
short,1000,"[8, 12, 16, 20, 24, 28]",8,4,6,6,30,-57.3083,-573.08,151,78.81,21.19,-3.8,8.0,-105.41,60.0,
short,1000,"[8, 13, 18, 23]",8,5,4,3,25,-58.2863,-582.86,252,86.11,13.89,-2.31,2.64,-84.8,30.0,
short,1000,"[7, 11, 15, 19, 23, 27]",7,4,6,4,30,-58.4468,-584.47,222,87.39,12.61,-2.63,4.93,-114.92,40.0,
short,1000,"[8, 12, 16, 20, 24, 28]",8,4,6,4,25,-59.2576,-592.58,223,81.61,18.39,-2.66,3.61,-66.8,33.33,
short,1000,"[8, 12, 16, 20, 24]",8,4,5,4,30,-59.4872,-594.87,199,86.43,13.57,-2.99,4.91,-123.37,40.0,
short,1000,"[7, 12, 17, 22, 27]",7,5,5,4,20,-59.6385,-596.39,289,76.12,23.88,-2.06,2.96,-43.71,24.0,
short,1000,"[8, 13, 18, 23, 28, 33]",8,5,6,4,20,-59.805,-598.05,247,72.06,27.94,-2.42,2.87,-31.67,20.0,
short,1000,"[7, 10, 13, 16, 19]",7,3,5,3,30,-61.3635,-613.63,270,91.11,8.89,-2.27,3.45,-152.07,30.0,
short,1000,"[6, 11, 16, 21, 26, 31]",6,5,6,3,20,-61.3966,-613.97,369,82.38,17.62,-1.66,2.41,-41.27,15.0,
short,1000,"[7, 11, 15]",7,4,3,3,25,-61.5683,-615.68,297,87.88,12.12,-2.07,2.89,-127.1,30.0,
short,1000,"[7, 12, 17, 22, 27, 32]",7,5,6,4,25,-62.0794,-620.79,248,82.26,17.74,-2.5,3.88,-62.88,26.67,
short,1000,"[7, 12, 17, 22, 27]",7,5,5,5,30,-62.1042,-621.04,181,82.87,17.13,-3.43,7.09,-115.19,50.0,
short,1000,"[8, 11, 14, 17, 20]",8,3,5,4,20,-62.3856,-623.86,255,75.29,24.71,-2.45,2.65,-54.09,32.0,
short,1000,"[6, 10, 14, 18, 22, 26]",6,4,6,3,20,-62.4775,-624.78,380,83.68,16.32,-1.64,2.32,-48.76,20.0,
short,1000,"[8, 12, 16, 20, 24, 28]",8,4,6,6,20,-62.5482,-625.48,203,63.05,36.95,-3.08,4.73,-36.17,30.0,
short,1000,"[8, 13, 18, 23, 28, 33]",8,5,6,6,30,-62.9756,-629.76,144,77.08,22.92,-4.37,8.44,-88.06,50.0,
short,1000,"[8, 13, 18]",8,5,3,3,20,-63.3465,-633.46,275,80.0,20.0,-2.3,2.1,-63.34,30.0,
short,1000,"[8, 12, 16, 20]",8,4,4,3,25,-63.822,-638.22,257,86.77,13.23,-2.48,2.52,-98.18,30.0,
short,1000,"[8, 12, 16, 20]",8,4,4,5,30,-63.8307,-638.31,173,82.66,17.34,-3.69,6.44,-142.11,50.0,
short,1000,"[7, 12, 17]",7,5,3,4,30,-63.886,-638.86,221,86.88,13.12,-2.89,5.16,-162.26,40.0,
short,1000,"[5, 9, 13]",5,4,3,7,10,-64.0807,-640.81,406,36.45,63.55,-1.58,2.83,-18.93,70.0,
short,1000,"[7, 11, 15, 19, 23, 27]",7,4,6,3,30,-64.3037,-643.04,273,90.84,9.16,-2.36,3.36,-114.92,30.0,
short,1000,"[6, 9, 12, 15]",6,3,4,7,15,-64.4617,-644.62,261,54.02,45.98,-2.47,4.53,-41.68,70.0,
short,1000,"[8, 12, 16, 20]",8,4,4,5,25,-64.6866,-646.87,196,78.06,21.94,-3.3,4.82,-98.18,50.0,
short,1000,"[8, 12, 16, 20, 24, 28]",8,4,6,5,20,-64.7347,-647.35,224,67.86,32.14,-2.89,3.74,-36.17,25.0,
short,1000,"[7, 11, 15, 19, 23, 27]",7,4,6,4,25,-64.8247,-648.25,246,82.93,17.07,-2.64,3.97,-74.66,33.33,
short,1000,"[8, 11, 14]",8,3,3,4,30,-64.8774,-648.77,193,85.49,14.51,-3.36,5.31,-171.74,40.0,
short,1000,"[6, 11, 16, 21, 26, 31]",6,5,6,3,30,-65.327,-653.27,289,90.66,9.34,-2.26,3.8,-104.07,25.0,
short,1000,"[7, 10, 13, 16, 19, 22]",7,3,6,3,20,-65.4166,-654.17,335,82.99,17.01,-1.95,2.01,-52.87,25.0,
short,1000,"[8, 12, 16, 20, 24]",8,4,5,4,20,-65.489,-654.89,251,73.71,26.29,-2.61,2.77,-43.4,24.0,
short,1000,"[7, 11, 15, 19]",7,4,4,3,20,-65.6027,-656.03,325,82.46,17.54,-2.02,2.23,-63.61,30.0,
short,1000,"[5, 9, 13]",5,4,3,3,15,-66.5402,-665.4,484,78.1,21.9,-1.37,2.03,-55.99,30.0,
short,1000,"[6, 11, 16, 21, 26, 31]",6,5,6,5,20,-66.6292,-666.29,260,71.54,28.46,-2.56,4.67,-41.27,25.0,
short,1000,"[8, 11, 14, 17, 20]",8,3,5,5,30,-66.8021,-668.02,178,83.15,16.85,-3.75,6.14,-141.93,50.0,
short,1000,"[5, 10, 15, 20]",5,5,4,7,15,-66.8176,-668.18,258,54.65,45.35,-2.59,5.37,-35.17,52.5,
short,1000,"[7, 10, 13, 16, 19, 22]",7,3,6,3,30,-66.8657,-668.66,271,91.14,8.86,-2.47,3.4,-137.65,30.0,
short,1000,"[8, 13, 18, 23, 28, 33]",8,5,6,6,20,-67.7328,-677.33,199,61.31,38.69,-3.4,4.84,-31.67,30.0,
short,1000,"[5, 8, 11]",5,3,3,4,15,-67.8047,-678.05,415,72.53,27.47,-1.63,2.68,-65.36,40.0,
short,1000,"[8, 11, 14, 17, 20, 23]",8,3,6,5,25,-67.8682,-678.68,197,78.17,21.83,-3.45,4.67,-84.39,50.0,
short,1000,"[7, 10, 13, 16]",7,3,4,3,25,-68.0727,-680.73,300,88.33,11.67,-2.27,2.75,-122.09,30.0,
short,1000,"[7, 10, 13, 16, 19, 22]",7,3,6,3,25,-68.1378,-681.38,307,88.6,11.4,-2.22,2.54,-93.9,30.0,
short,1000,"[8, 12, 16]",8,4,3,4,30,-68.7671,-687.67,197,85.79,14.21,-3.49,5.24,-161.7,40.0,
short,1000,"[7, 12, 17, 22, 27]",7,5,5,5,20,-69.1114,-691.11,249,70.28,29.72,-2.78,4.18,-43.71,30.0,
short,1000,"[6, 9, 12]",6,3,3,5,15,-69.1665,-691.67,332,64.46,35.54,-2.08,3.03,-55.58,50.0,
short,1000,"[5, 10, 15]",5,5,3,4,15,-69.3449,-693.45,393,70.48,29.52,-1.76,2.93,-46.9,40.0,
short,1000,"[5, 8, 11, 14]",5,3,4,5,15,-69.5826,-695.83,362,66.85,33.15,-1.92,3.34,-51.22,50.0,
short,1000,"[7, 11, 15, 19, 23, 27]",7,4,6,4,20,-70.3422,-703.42,287,75.96,24.04,-2.45,3.05,-42.41,26.67,
short,1000,"[7, 11, 15, 19]",7,4,4,3,25,-70.5544,-705.54,302,88.08,11.92,-2.34,2.71,-107.93,30.0,
short,1000,"[5, 8, 11, 14]",5,3,4,7,15,-70.5896,-705.9,276,57.25,42.75,-2.56,4.94,-51.22,70.0,
short,1000,"[8, 11, 14]",8,3,3,3,25,-70.6947,-706.95,242,85.95,14.05,-2.92,3.04,-126.67,30.0,
short,1000,"[7, 11, 15, 19, 23]",7,4,5,3,30,-70.7534,-707.53,270,90.74,9.26,-2.62,3.45,-133.18,30.0,
short,1000,"[7, 10, 13]",7,3,3,7,15,-70.9441,-709.44,250,51.6,48.4,-2.84,4.03,-45.97,70.0,
short,1000,"[7, 10, 13, 16, 19]",7,3,5,3,25,-71.1523,-711.52,307,88.6,11.4,-2.32,2.56,-107.76,30.0,
short,1000,"[5, 8, 11]",5,3,3,7,10,-71.7264,-717.26,412,37.14,62.86,-1.74,2.78,-22.05,70.0,
short,1000,"[5, 10, 15, 20]",5,5,4,6,15,-71.8036,-718.04,294,58.84,41.16,-2.44,4.47,-35.17,45.0,
short,1000,"[8, 13, 18, 23, 28, 33]",8,5,6,5,20,-71.9724,-719.72,221,66.06,33.94,-3.26,3.8,-31.67,25.0,
short,1000,"[8, 11, 14]",8,3,3,4,25,-72.033,-720.33,214,81.31,18.69,-3.37,4.13,-126.67,40.0,
short,1000,"[7, 11, 15]",7,4,3,3,30,-72.6847,-726.85,261,90.04,9.96,-2.78,3.84,-172.19,30.0,
short,1000,"[6, 11, 16, 21, 26, 31]",6,5,6,3,25,-72.8975,-728.97,322,87.27,12.73,-2.26,3.05,-69.34,20.0,
short,1000,"[5, 9, 13, 17, 21]",5,4,5,6,15,-73.2225,-732.22,300,59.67,40.33,-2.44,4.39,-33.6,36.0,
short,1000,"[6, 10, 14, 18, 22, 26]",6,4,6,4,30,-73.3395,-733.39,232,87.5,12.5,-3.16,5.45,-124.6,40.0,
short,1000,"[8, 12, 16, 20, 24]",8,4,5,4,25,-73.4529,-734.53,223,81.61,18.39,-3.29,3.61,-80.16,40.0,
short,1000,"[6, 10, 14, 18, 22, 26]",6,4,6,4,20,-73.6405,-736.41,318,77.99,22.01,-2.32,3.4,-48.76,26.67,
short,1000,"[8, 13, 18, 23, 28]",8,5,5,4,20,-73.7209,-737.21,247,72.06,27.94,-2.98,2.87,-38.0,24.0,
short,1000,"[8, 12, 16, 20]",8,4,4,4,30,-73.9087,-739.09,200,86.0,14.0,-3.7,4.88,-142.11,40.0,
short,1000,"[5, 8, 11]",5,3,3,6,15,-74.3558,-743.56,317,62.15,37.85,-2.35,4.08,-65.36,60.0,
short,1000,"[5, 9, 13, 17]",5,4,4,7,15,-74.4304,-744.3,267,55.81,44.19,-2.79,5.1,-42.0,52.5,
short,1000,"[7, 12, 17, 22, 27, 32]",7,5,6,7,30,-74.4599,-744.6,142,75.35,24.65,-5.24,10.02,-96.0,58.33,
short,1000,"[5, 10, 15, 20, 25, 30]",5,5,6,3,30,-74.8847,-748.85,307,90.88,9.12,-2.44,4.15,-112.28,25.0,
short,1000,"[7, 11, 15, 19, 23, 27]",7,4,6,5,20,-75.0674,-750.67,252,70.63,29.37,-2.98,4.11,-42.41,33.33,
short,1000,"[6, 11, 16, 21, 26]",6,5,5,3,20,-75.3553,-753.55,369,82.38,17.62,-2.04,2.41,-49.53,18.0,
short,1000,"[7, 12, 17, 22, 27, 32]",7,5,6,7,20,-75.3652,-753.65,198,60.1,39.9,-3.81,6.18,-36.43,35.0,
short,1000,"[6, 9, 12]",6,3,3,6,15,-75.3911,-753.91,292,59.25,40.75,-2.58,3.79,-55.58,60.0,
short,1000,"[7, 12, 17, 22, 27]",7,5,5,4,25,-75.5559,-755.56,248,82.26,17.74,-3.05,3.88,-75.45,32.0,
short,1000,"[8, 13, 18, 23]",8,5,4,5,30,-75.8137,-758.14,168,82.14,17.86,-4.51,6.76,-128.19,50.0,
short,1000,"[7, 12, 17, 22]",7,5,4,4,20,-75.9261,-759.26,289,76.12,23.88,-2.63,2.96,-54.64,30.0,
short,1000,"[8, 12, 16, 20, 24]",8,4,5,6,20,-76.3079,-763.08,203,63.05,36.95,-3.76,4.73,-43.4,36.0,
short,1000,"[7, 12, 17, 22, 27, 32]",7,5,6,6,20,-76.329,-763.29,216,63.89,36.11,-3.53,5.16,-36.43,30.0,
short,1000,"[5, 9, 13]",5,4,3,5,15,-76.3329,-763.33,361,67.04,32.96,-2.11,3.39,-55.99,50.0,
short,1000,"[8, 11, 14, 17, 20]",8,3,5,5,25,-77.458,-774.58,195,77.95,22.05,-3.97,4.81,-98.01,50.0,
short,1000,"[6, 11, 16, 21, 26, 31]",6,5,6,4,20,-77.5308,-775.31,306,76.14,23.86,-2.53,3.64,-41.27,20.0,
short,1000,"[6, 10, 14, 18, 22]",6,4,5,3,20,-77.8301,-778.3,380,83.68,16.32,-2.05,2.32,-58.51,24.0,
short,1000,"[8, 11, 14, 17]",8,3,4,4,20,-77.9821,-779.82,255,75.29,24.71,-3.06,2.65,-67.62,40.0,
short,1000,"[8, 13, 18, 23, 28, 33]",8,5,6,4,25,-78.1701,-781.7,208,78.85,21.15,-3.76,4.04,-56.53,26.67,
short,1000,"[8, 13, 18, 23, 28]",8,5,5,6,30,-78.7286,-787.29,144,77.08,22.92,-5.47,8.44,-105.68,60.0,
short,1000,"[6, 10, 14, 18, 22]",6,4,5,3,30,-78.8435,-788.43,287,90.94,9.06,-2.75,3.82,-143.17,30.0,
short,1000,"[8, 12, 16, 20, 24]",8,4,5,5,20,-78.9317,-789.32,224,67.86,32.14,-3.52,3.74,-43.4,30.0,
short,1000,"[8, 13, 18, 23, 28, 33]",8,5,6,5,25,-78.9627,-789.63,186,74.73,25.27,-4.25,5.17,-56.53,33.33,
short,1000,"[5, 9, 13, 17, 21, 25]",5,4,6,4,30,-79.3448,-793.45,255,88.24,11.76,-3.11,5.42,-134.45,40.0,
short,1000,"[7, 10, 13, 16, 19, 22]",7,3,6,4,30,-80.0934,-800.93,221,87.33,12.67,-3.62,4.99,-137.65,40.0,
short,1000,"[8, 13, 18]",8,5,3,4,30,-80.1184,-801.18,190,85.26,14.74,-4.22,5.39,-151.95,40.0,
short,1000,"[7, 12, 17]",7,5,3,3,20,-80.1298,-801.3,330,81.82,18.18,-2.43,2.1,-72.85,30.0,
short,1000,"[7, 11, 15, 19, 23]",7,4,5,4,25,-80.3093,-803.09,246,82.93,17.07,-3.26,3.97,-89.6,40.0,
short,1000,"[6, 11, 16, 21, 26]",6,5,5,3,30,-80.3771,-803.77,289,90.66,9.34,-2.78,3.8,-124.88,30.0,
short,1000,"[5, 8, 11]",5,3,3,3,15,-80.8476,-808.48,490,78.37,21.63,-1.65,1.93,-65.36,30.0,
short,1000,"[8, 11, 14, 17, 20, 23]",8,3,6,6,20,-81.2355,-812.35,207,63.77,36.23,-3.92,4.59,-45.08,40.0,
short,1000,"[7, 10, 13, 16, 19]",7,3,5,3,20,-81.4507,-814.51,335,82.99,17.01,-2.43,2.01,-63.45,30.0,
short,1000,"[8, 12, 16]",8,4,3,3,25,-81.5759,-815.76,247,85.83,14.17,-3.3,2.77,-117.02,30.0,
short,1000,"[6, 11, 16, 21, 26]",6,5,5,5,20,-81.6345,-816.34,260,71.54,28.46,-3.14,4.67,-49.53,30.0,
short,1000,"[7, 10, 13]",7,3,3,3,25,-82.6319,-826.32,293,87.37,12.63,-2.82,2.95,-136.93,30.0,
short,1000,"[7, 12, 17, 22, 27, 32]",7,5,6,6,30,-82.8603,-828.6,153,77.78,22.22,-5.42,8.84,-96.0,50.0,
short,1000,"[7, 11, 15, 19, 23]",7,4,5,4,30,-83.0259,-830.26,220,86.82,13.18,-3.77,4.99,-133.18,40.0,
short,1000,"[8, 13, 18, 23, 28]",8,5,5,6,20,-83.2342,-832.34,199,61.31,38.69,-4.18,4.84,-38.0,36.0,
short,1000,"[8, 13, 18, 23, 28, 33]",8,5,6,7,20,-83.2738,-832.74,178,55.06,44.94,-4.68,6.03,-31.67,35.0,
short,1000,"[5, 10, 15, 20, 25, 30]",5,5,6,4,20,-83.3654,-833.65,332,78.01,21.99,-2.51,3.82,-46.21,20.0,
short,1000,"[8, 11, 14, 17]",8,3,4,5,30,-83.5026,-835.03,171,82.46,17.54,-4.88,6.74,-156.58,50.0,
short,1000,"[5, 9, 13]",5,4,3,4,15,-84.2012,-842.01,410,71.71,28.29,-2.05,2.74,-55.99,40.0,
short,1000,"[6, 9, 12, 15, 18, 21]",6,3,6,3,30,-84.5632,-845.63,300,91.33,8.67,-2.82,3.58,-147.72,30.0,
short,1000,"[6, 11, 16, 21, 26, 31]",6,5,6,4,30,-84.5721,-845.72,220,85.91,14.09,-3.84,5.84,-104.07,33.33,
short,1000,"[5, 9, 13, 17, 21, 25]",5,4,6,4,20,-84.8581,-848.58,354,79.66,20.34,-2.4,3.49,-55.23,26.67,
short,1000,"[8, 12, 16, 20]",8,4,4,4,20,-85.087,-850.87,251,73.71,26.29,-3.39,2.77,-54.26,30.0,
short,1000,"[6, 10, 14]",6,4,3,7,15,-85.1952,-851.95,253,52.57,47.43,-3.37,4.75,-46.38,70.0,
short,1000,"[7, 11, 15, 19]",7,4,4,3,30,-85.3475,-853.48,269,90.33,9.67,-3.17,3.49,-152.25,30.0,
short,1000,"[8, 11, 14]",8,3,3,3,30,-85.3548,-853.55,222,88.74,11.26,-3.84,4.02,-171.74,30.0,
short,1000,"[5, 10, 15, 20, 25, 30]",5,5,6,4,30,-85.4021,-854.02,237,86.92,13.08,-3.6,5.9,-112.28,33.33,
short,1000,"[7, 11, 15, 19, 23]",7,4,5,4,20,-85.5131,-855.13,287,75.96,24.04,-2.98,3.05,-50.89,32.0,
short,1000,"[8, 12, 16, 20]",8,4,4,4,25,-85.55,-855.5,223,81.61,18.39,-3.84,3.62,-98.18,40.0,
short,1000,"[8, 12, 16, 20, 24, 28]",8,4,6,6,25,-85.7544,-857.54,170,71.18,28.82,-5.04,6.13,-66.8,50.0,
short,1000,"[5, 10, 15, 20, 25, 30]",5,5,6,3,20,-86.2158,-862.16,400,82.75,17.25,-2.16,2.85,-46.21,15.0,
short,1000,"[8, 13, 18, 23, 28, 33]",8,5,6,7,30,-86.2548,-862.55,124,71.77,28.23,-6.96,10.78,-88.06,58.33,
short,1000,"[8, 13, 18, 23, 28, 33]",8,5,6,6,25,-86.4792,-864.79,165,69.7,30.3,-5.24,6.39,-56.53,40.0,
short,1000,"[6, 11, 16, 21]",6,5,4,3,30,-86.5429,-865.43,288,90.62,9.38,-3.0,3.84,-148.16,30.0,
short,1000,"[8, 11, 14, 17, 20, 23]",8,3,6,6,30,-86.6194,-866.19,155,78.71,21.29,-5.59,7.67,-127.76,60.0,
short,1000,"[8, 11, 14, 17, 20, 23]",8,3,6,5,20,-86.6919,-866.92,228,68.42,31.58,-3.8,3.59,-45.08,33.33,
short,1000,"[8, 12, 16, 20, 24]",8,4,5,6,30,-86.7065,-867.07,152,78.29,21.71,-5.7,7.9,-123.37,60.0,
short,1000,"[7, 12, 17, 22]",7,5,4,5,20,-87.7672,-877.67,249,70.28,29.72,-3.52,4.18,-54.64,37.5,
short,1000,"[8, 12, 16, 20, 24, 28]",8,4,6,7,20,-87.8121,-878.12,184,57.07,42.93,-4.77,5.81,-36.17,35.0,
short,1000,"[6, 9, 12]",6,3,3,7,15,-88.2823,-882.82,261,54.02,45.98,-3.38,4.53,-55.58,70.0,
short,1000,"[8, 13, 18, 23, 28]",8,5,5,5,20,-88.3217,-883.22,221,66.06,33.94,-4.0,3.8,-38.0,30.0,
short,1000,"[6, 11, 16, 21, 26]",6,5,5,3,25,-88.393,-883.93,322,87.27,12.73,-2.75,3.05,-83.2,24.0,
short,1000,"[8, 13, 18]",8,5,3,5,30,-89.1744,-891.74,163,81.6,18.4,-5.47,7.2,-151.95,50.0,
short,1000,"[7, 10, 13, 16, 19, 22]",7,3,6,5,20,-89.633,-896.33,260,72.31,27.69,-3.45,3.89,-52.87,41.67,
short,1000,"[7, 11, 15]",7,4,3,3,20,-89.7057,-897.06,323,82.04,17.96,-2.78,2.26,-82.02,30.0,
short,1000,"[5, 10, 15, 20, 25]",5,5,5,3,30,-89.8617,-898.62,307,90.88,9.12,-2.93,4.15,-134.74,30.0,
short,1000,"[6, 10, 14, 18, 22]",6,4,5,4,20,-90.2734,-902.73,318,77.99,22.01,-2.84,3.4,-58.51,32.0,
short,1000,"[7, 11, 15, 19]",7,4,4,4,25,-90.3135,-903.13,245,82.86,17.14,-3.69,4.02,-107.93,40.0,
short,1000,"[8, 11, 14]",8,3,3,3,20,-90.8436,-908.44,278,80.22,19.78,-3.27,2.07,-81.61,30.0,
short,1000,"[8, 12, 16, 20]",8,4,4,6,30,-90.9638,-909.64,151,78.15,21.85,-6.02,8.1,-142.11,60.0,
short,1000,"[5, 10, 15, 20, 25, 30]",5,5,6,3,25,-91.1331,-911.33,342,87.43,12.57,-2.66,3.44,-75.91,20.0,
short,1000,"[7, 11, 15, 19, 23]",7,4,5,5,20,-91.1833,-911.83,252,70.63,29.37,-3.62,4.11,-50.89,40.0,
short,1000,"[8, 11, 14, 17, 20]",8,3,5,6,30,-91.5823,-915.82,153,78.43,21.57,-5.99,7.97,-141.93,60.0,
short,1000,"[7, 12, 17, 22, 27]",7,5,5,7,20,-92.2564,-922.56,198,60.1,39.9,-4.66,6.18,-43.71,42.0,
short,1000,"[7, 12, 17, 22, 27]",7,5,5,7,30,-92.3821,-923.82,142,75.35,24.65,-6.51,10.02,-115.19,70.0,
short,1000,"[6, 9, 12, 15, 18, 21]",6,3,6,3,20,-92.618,-926.18,386,83.94,16.06,-2.4,2.23,-60.81,25.0,
short,1000,"[7, 12, 17, 22, 27]",7,5,5,6,20,-93.413,-934.13,216,63.89,36.11,-4.32,5.16,-43.71,36.0,
short,1000,"[6, 11, 16, 21, 26, 31]",6,5,6,7,30,-93.4839,-934.84,138,74.64,25.36,-6.77,10.73,-104.07,58.33,
short,1000,"[8, 13, 18, 23]",8,5,4,4,20,-93.7136,-937.14,247,72.06,27.94,-3.79,2.87,-47.5,30.0,
short,1000,"[7, 11, 15, 19, 23, 27]",7,4,6,7,20,-93.9796,-939.8,199,60.3,39.7,-4.72,6.05,-42.41,46.67,
short,1000,"[7, 11, 15, 19, 23, 27]",7,4,6,7,30,-94.2251,-942.25,143,75.52,24.48,-6.59,9.87,-114.92,70.0,
short,1000,"[7, 10, 13]",7,3,3,4,30,-94.3068,-943.07,208,86.06,13.94,-4.53,5.77,-182.4,40.0,
short,1000,"[5, 8, 11]",5,3,3,7,15,-94.6165,-946.17,275,57.09,42.91,-3.44,4.96,-65.36,70.0,
short,1000,"[6, 11, 16, 21, 26]",6,5,5,4,20,-94.7164,-947.16,306,76.14,23.86,-3.1,3.64,-49.53,24.0,
short,1000,"[8, 12, 16, 20, 24, 28]",8,4,6,7,30,-94.7643,-947.64,132,73.48,26.52,-7.18,9.76,-105.41,70.0,
short,1000,"[8, 13, 18, 23, 28]",8,5,5,4,25,-95.0072,-950.07,208,78.85,21.15,-4.57,4.04,-67.84,32.0,
short,1000,"[7, 11, 15, 19, 23, 27]",7,4,6,5,25,-95.1943,-951.94,212,77.36,22.64,-4.49,5.24,-74.66,41.67,
short,1000,"[5, 9, 13, 17]",5,4,4,6,15,-95.2471,-952.47,300,59.67,40.33,-3.17,4.39,-42.0,45.0,
short,1000,"[5, 9, 13, 17, 21, 25]",5,4,6,3,30,-95.4551,-954.55,319,91.22,8.78,-2.99,3.95,-134.45,30.0,
short,1000,"[8, 12, 16]",8,4,3,4,25,-95.7889,-957.89,216,81.02,18.98,-4.43,3.92,-117.02,40.0,
short,1000,"[8, 13, 18, 23, 28]",8,5,5,5,25,-95.9582,-959.58,186,74.73,25.27,-5.16,5.17,-67.84,40.0,
short,1000,"[5, 10, 15]",5,5,3,7,15,-96.0346,-960.35,258,54.65,45.35,-3.72,5.37,-46.9,70.0,
short,1000,"[6, 10, 14, 18]",6,4,4,3,30,-96.1884,-961.88,282,90.43,9.57,-3.41,3.91,-162.57,30.0,
short,1000,"[6, 10, 14, 18, 22, 26]",6,4,6,3,25,-96.4576,-964.58,326,87.42,12.58,-2.96,2.94,-82.67,25.0,
short,1000,"[6, 11, 16, 21]",6,5,4,3,20,-96.575,-965.75,369,82.38,17.62,-2.62,2.41,-61.91,22.5,
short,1000,"[8, 11, 14, 17, 20, 23]",8,3,6,6,25,-97.0621,-970.62,175,72.57,27.43,-5.55,5.92,-84.39,60.0,
short,1000,"[6, 11, 16, 21, 26, 31]",6,5,6,6,30,-97.69,-976.9,165,78.79,21.21,-5.92,8.64,-104.07,50.0,
short,1000,"[6, 11, 16, 21, 26, 31]",6,5,6,4,25,-97.8033,-978.03,257,81.71,18.29,-3.81,4.49,-69.34,26.67,
short,1000,"[7, 12, 17, 22]",7,5,4,4,25,-97.9882,-979.88,248,82.26,17.74,-3.95,3.88,-94.32,40.0,
short,1000,"[7, 12, 17, 22, 27, 32]",7,5,6,5,25,-98.0681,-980.68,207,75.85,24.15,-4.74,5.4,-62.88,33.33,
short,1000,"[5, 9, 13, 17, 21, 25]",5,4,6,3,20,-98.434,-984.34,421,83.85,16.15,-2.34,2.59,-55.23,20.0,
short,1000,"[6, 11, 16, 21, 26, 31]",6,5,6,7,20,-98.7149,-987.15,201,60.7,39.3,-4.91,6.71,-41.27,35.0,
short,1000,"[8, 11, 14]",8,3,3,5,30,-99.0666,-990.67,165,81.21,18.79,-6.0,7.39,-171.74,50.0,
short,1000,"[6, 11, 16, 21, 26, 31]",6,5,6,6,20,-99.2149,-992.15,227,65.2,34.8,-4.37,5.75,-41.27,30.0,
short,1000,"[5, 8, 11]",5,3,3,5,15,-99.3558,-993.56,357,66.39,33.61,-2.78,3.41,-65.36,50.0,
short,1000,"[8, 12, 16, 20]",8,4,4,6,20,-99.4171,-994.17,203,63.05,36.95,-4.9,4.73,-54.26,45.0,
short,1000,"[5, 9, 13, 17, 21, 25]",5,4,6,5,20,-99.6728,-996.73,289,74.05,25.95,-3.45,4.73,-55.23,33.33,
short,1000,"[7, 11, 15, 19, 23, 27]",7,4,6,6,30,-99.733,-997.33,157,78.34,21.66,-6.35,8.71,-114.92,60.0,
short,1000,"[7, 10, 13, 16, 19]",7,3,5,4,30,-100.1975,-1001.98,218,86.7,13.3,-4.6,5.08,-152.07,40.0,
short,1000,"[8, 13, 18]",8,5,3,3,25,-100.2731,-1002.73,248,85.08,14.92,-4.04,2.73,-107.64,30.0,
short,1000,"[8, 11, 14, 17, 20]",8,3,5,6,20,-100.8972,-1008.97,207,63.77,36.23,-4.87,4.59,-54.09,48.0,
short,1000,"[6, 10, 14, 18]",6,4,4,3,20,-100.9762,-1009.76,380,83.68,16.32,-2.66,2.32,-73.14,30.0,
short,1000,"[5, 10, 15, 20, 25]",5,5,5,4,20,-101.577,-1015.77,332,78.01,21.99,-3.06,3.82,-55.45,24.0,
short,1000,"[5, 10, 15, 20, 25, 30]",5,5,6,7,30,-101.7529,-1017.53,140,75.71,24.29,-7.27,11.27,-112.28,58.33,
short,1000,"[8, 13, 18, 23, 28]",8,5,5,7,20,-101.8834,-1018.83,178,55.06,44.94,-5.72,6.03,-38.0,42.0,
short,1000,"[8, 12, 16, 20]",8,4,4,5,20,-101.8904,-1018.9,224,67.86,32.14,-4.55,3.74,-54.26,37.5,
short,1000,"[7, 12, 17, 22, 27]",7,5,5,6,30,-102.4627,-1024.63,153,77.78,22.22,-6.7,8.84,-115.19,60.0,
short,1000,"[5, 10, 15, 20, 25]",5,5,5,4,30,-102.4826,-1024.83,237,86.92,13.08,-4.32,5.9,-134.74,40.0,
short,1000,"[7, 11, 15, 19]",7,4,4,4,30,-103.7471,-1037.47,217,86.18,13.82,-4.78,5.09,-152.25,40.0,
short,1000,"[6, 11, 16, 21, 26, 31]",6,5,6,5,30,-103.9106,-1039.11,185,81.62,18.38,-5.62,7.35,-104.07,41.67,
short,1000,"[6, 11, 16, 21, 26]",6,5,5,4,30,-103.9293,-1039.29,220,85.91,14.09,-4.72,5.84,-124.88,40.0,
short,1000,"[8, 13, 18]",8,5,3,3,30,-104.0623,-1040.62,220,88.18,11.82,-4.73,3.83,-151.95,30.0,
short,1000,"[5, 8, 11, 14, 17, 20]",5,3,6,3,25,-104.1958,-1041.96,372,89.25,10.75,-2.8,2.96,-113.42,30.0,
short,1000,"[7, 10, 13, 16, 19, 22]",7,3,6,4,20,-104.211,-1042.11,292,76.37,23.63,-3.57,2.88,-52.87,33.33,
short,1000,"[6, 11, 16, 21, 26, 31]",6,5,6,5,25,-104.3686,-1043.69,220,77.27,22.73,-4.74,5.7,-69.34,33.33,
short,1000,"[6, 11, 16, 21]",6,5,4,5,20,-104.424,-1044.24,260,71.54,28.46,-4.02,4.67,-61.91,37.5,
short,1000,"[7, 11, 15]",7,4,3,4,30,-104.5592,-1045.59,212,85.85,14.15,-4.93,5.51,-172.19,40.0,
short,1000,"[8, 12, 16]",8,4,3,5,30,-104.6112,-1046.11,165,81.21,18.79,-6.34,7.07,-161.7,50.0,
short,1000,"[8, 12, 16, 20, 24]",8,4,5,6,25,-104.7803,-1047.8,170,71.18,28.82,-6.16,6.13,-80.16,60.0,
short,1000,"[6, 9, 12, 15, 18]",6,3,5,3,30,-104.8366,-1048.37,291,90.72,9.28,-3.6,3.72,-162.38,30.0,
short,1000,"[8, 13, 18, 23, 28]",8,5,5,6,25,-104.978,-1049.78,165,69.7,30.3,-6.36,6.39,-67.84,48.0,
short,1000,"[5, 10, 15, 20, 25]",5,5,5,3,20,-104.9974,-1049.97,400,82.75,17.25,-2.62,2.85,-55.45,18.0,
short,1000,"[7, 10, 13, 16]",7,3,4,3,20,-105.0594,-1050.59,333,82.58,17.42,-3.15,2.04,-77.21,30.0,
short,1000,"[5, 10, 15]",5,5,3,6,15,-105.4603,-1054.6,294,58.84,41.16,-3.59,4.47,-46.9,60.0,
short,1000,"[8, 13, 18, 23]",8,5,4,6,20,-105.6053,-1056.05,199,61.31,38.69,-5.31,4.84,-47.5,45.0,
short,1000,"[7, 11, 15, 19, 23, 27]",7,4,6,6,20,-105.6462,-1056.46,220,64.09,35.91,-4.8,5.17,-42.41,40.0,
short,1000,"[6, 11, 16]",6,5,3,3,30,-105.7242,-1057.24,279,89.96,10.04,-3.79,4.06,-172.76,30.0,
short,1000,"[7, 10, 13, 16]",7,3,4,4,30,-106.2301,-1062.3,213,86.38,13.62,-4.99,5.47,-166.98,40.0,
short,1000,"[7, 11, 15, 19, 23]",7,4,5,7,30,-106.3347,-1063.35,142,75.35,24.65,-7.49,9.96,-133.18,70.0,
short,1000,"[6, 9, 12, 15, 18, 21]",6,3,6,4,20,-106.3513,-1063.51,327,78.59,21.41,-3.25,3.2,-60.81,33.33,
short,1000,"[8, 11, 14, 17, 20]",8,3,5,5,20,-106.4693,-1064.69,228,68.42,31.58,-4.67,3.59,-54.09,40.0,
short,1000,"[8, 12, 16, 20, 24]",8,4,5,7,20,-106.6245,-1066.24,184,57.07,42.93,-5.79,5.81,-43.4,42.0,
short,1000,"[5, 9, 13, 17, 21]",5,4,5,4,20,-106.6298,-1066.3,354,79.66,20.34,-3.01,3.49,-66.27,32.0,
short,1000,"[8, 13, 18, 23, 28]",8,5,5,7,30,-106.6637,-1066.64,124,71.77,28.23,-8.6,10.78,-105.68,70.0,
short,1000,"[7, 12, 17]",7,5,3,4,20,-106.6993,-1066.99,289,76.12,23.88,-3.69,2.96,-72.85,40.0,
short,1000,"[7, 12, 17, 22]",7,5,4,7,30,-107.0584,-1070.58,141,75.18,24.82,-7.59,10.12,-138.09,70.0,
short,1000,"[5, 10, 15, 20, 25, 30]",5,5,6,4,25,-107.0884,-1070.88,280,82.86,17.14,-3.82,4.59,-75.91,26.67,
short,1000,"[7, 12, 17]",7,5,3,4,25,-107.9186,-1079.19,248,82.26,17.74,-4.35,3.94,-117.56,40.0,
short,1000,"[7, 10, 13]",7,3,3,3,30,-108.4925,-1084.93,249,89.16,10.84,-4.36,4.17,-182.4,30.0,
short,1000,"[7, 12, 17, 22, 27, 32]",7,5,6,7,25,-109.1228,-1091.23,166,68.07,31.93,-6.57,7.77,-62.88,46.67,
short,1000,"[7, 11, 15]",7,4,3,4,25,-109.2066,-1092.07,242,82.23,17.77,-4.51,4.25,-127.1,40.0,
short,1000,"[5, 8, 11, 14, 17, 20]",5,3,6,3,20,-109.2654,-1092.65,433,84.99,15.01,-2.52,2.41,-68.89,25.0,
short,1000,"[8, 12, 16, 20, 24]",8,4,5,7,30,-109.7797,-1097.8,131,73.28,26.72,-8.38,9.96,-123.37,70.0,
short,1000,"[7, 11, 15, 19]",7,4,4,4,20,-109.9401,-1099.4,287,75.96,24.04,-3.83,3.05,-63.61,40.0,
short,1000,"[5, 9, 13]",5,4,3,7,15,-110.0668,-1100.67,267,55.81,44.19,-4.12,5.1,-55.99,70.0,
short,1000,"[6, 9, 12]",6,3,3,3,30,-110.1373,-1101.37,272,89.71,10.29,-4.05,4.38,-193.26,30.0,
short,1000,"[5, 10, 15, 20, 25]",5,5,5,3,25,-110.8982,-1108.98,342,87.43,12.57,-3.24,3.44,-91.09,24.0,
short,1000,"[6, 10, 14, 18, 22, 26]",6,4,6,5,20,-111.4398,-1114.4,269,71.38,28.62,-4.14,4.37,-48.76,33.33,
short,1000,"[7, 11, 15, 19, 23]",7,4,5,5,30,-111.4985,-1114.98,188,82.45,17.55,-5.93,6.67,-133.18,50.0,
short,1000,"[8, 11, 14, 17, 20]",8,3,5,6,25,-111.6648,-1116.65,174,72.41,27.59,-6.42,6.03,-98.01,60.0,
short,1000,"[5, 10, 15, 20, 25, 30]",5,5,6,5,30,-111.7529,-1117.53,200,83.0,17.0,-5.59,7.43,-112.28,41.67,
short,1000,"[5, 9, 13, 17, 21, 25]",5,4,6,7,30,-111.7907,-1117.91,146,76.71,23.29,-7.66,10.76,-134.45,70.0,
short,1000,"[7, 10, 13, 16, 19]",7,3,5,5,20,-111.8219,-1118.22,260,72.31,27.69,-4.3,3.89,-63.45,50.0,
short,1000,"[8, 13, 18, 23]",8,5,4,5,20,-111.9647,-1119.65,221,66.06,33.94,-5.07,3.8,-47.5,37.5,
short,1000,"[6, 11, 16, 21, 26, 31]",6,5,6,6,25,-112.667,-1126.67,195,73.33,26.67,-5.78,6.91,-69.34,40.0,
short,1000,"[5, 10, 15, 20, 25, 30]",5,5,6,5,25,-113.0782,-1130.78,237,78.9,21.1,-4.77,5.94,-75.91,33.33,
short,1000,"[5, 8, 11, 14, 17]",5,3,5,3,25,-113.3016,-1133.02,360,88.89,11.11,-3.15,3.11,-127.78,30.0,
short,1000,"[8, 12, 16]",8,4,3,4,20,-113.4494,-1134.49,251,73.71,26.29,-4.52,2.77,-72.34,40.0,
short,1000,"[6, 11, 16, 21]",6,5,4,3,25,-113.6659,-1136.66,322,87.27,12.73,-3.53,3.05,-104.0,30.0,
short,1000,"[7, 11, 15, 19, 23]",7,4,5,7,20,-113.8778,-1138.78,199,60.3,39.7,-5.72,6.05,-50.89,56.0,
short,1000,"[8, 11, 14, 17, 20, 23]",8,3,6,7,20,-114.4534,-1144.53,184,57.07,42.93,-6.22,5.65,-45.08,46.67,
short,1000,"[6, 9, 12, 15, 18]",6,3,5,3,20,-114.6126,-1146.13,386,83.94,16.06,-2.97,2.23,-72.97,30.0,
short,1000,"[8, 11, 14, 17, 20, 23]",8,3,6,7,30,-114.6721,-1146.72,131,73.28,26.72,-8.75,9.79,-127.76,70.0,
short,1000,"[6, 9, 12, 15, 18, 21]",6,3,6,3,25,-114.7947,-1147.95,342,88.3,11.7,-3.36,2.7,-103.57,30.0,
short,1000,"[8, 13, 18, 23]",8,5,4,6,30,-114.8389,-1148.39,145,76.55,23.45,-7.92,8.33,-128.19,60.0,
short,1000,"[6, 11, 16, 21, 26]",6,5,5,7,30,-115.0815,-1150.81,138,74.64,25.36,-8.34,10.73,-124.88,70.0,
short,1000,"[7, 10, 13, 16, 19, 22]",7,3,6,4,25,-115.0884,-1150.88,250,82.8,17.2,-4.6,3.8,-93.9,40.0,
short,1000,"[6, 10, 14, 18, 22, 26]",6,4,6,4,25,-115.3631,-1153.63,271,82.66,17.34,-4.26,4.16,-82.67,33.33,
short,1000,"[7, 12, 17, 22]",7,5,4,7,20,-116.6985,-1166.99,198,60.1,39.9,-5.89,6.18,-54.64,52.5,
short,1000,"[7, 11, 15, 19, 23]",7,4,5,5,25,-117.0678,-1170.68,212,77.36,22.64,-5.52,5.24,-89.6,50.0,
short,1000,"[5, 10, 15, 20, 25, 30]",5,5,6,5,20,-117.2565,-1172.57,281,71.89,28.11,-4.17,4.93,-46.21,25.0,
short,1000,"[5, 9, 13, 17, 21, 25]",5,4,6,3,25,-117.5072,-1175.07,355,87.89,12.11,-3.31,3.21,-90.82,25.0,
short,1000,"[6, 10, 14, 18, 22]",6,4,5,3,25,-118.1301,-1181.3,326,87.42,12.58,-3.62,2.94,-99.2,30.0,
short,1000,"[7, 12, 17, 22]",7,5,4,6,20,-118.1442,-1181.44,216,63.89,36.11,-5.47,5.16,-54.64,45.0,
short,1000,"[8, 13, 18, 23, 28, 33]",8,5,6,7,25,-118.1624,-1181.62,142,62.68,37.32,-8.32,8.13,-56.53,46.67,
short,1000,"[7, 11, 15, 19]",7,4,4,5,20,-118.2474,-1182.47,252,70.63,29.37,-4.69,4.11,-63.61,50.0,
short,1000,"[6, 11, 16, 21, 26]",6,5,5,4,25,-118.2799,-1182.8,257,81.71,18.29,-4.6,4.49,-83.2,32.0,
short,1000,"[5, 8, 11, 14, 17, 20]",5,3,6,4,30,-118.3455,-1183.45,245,87.35,12.65,-4.83,5.62,-157.96,40.0,
short,1000,"[7, 12, 17, 22, 27]",7,5,5,5,25,-118.7423,-1187.42,207,75.85,24.15,-5.74,5.4,-75.45,40.0,
short,1000,"[6, 10, 14, 18, 22, 26]",6,4,6,7,30,-118.766,-1187.66,140,75.0,25.0,-8.48,10.65,-124.6,70.0,
short,1000,"[6, 10, 14, 18]",6,4,4,4,20,-118.9893,-1189.89,318,77.99,22.01,-3.74,3.4,-73.14,40.0,
short,1000,"[8, 12, 16, 20]",8,4,4,7,30,-119.3859,-1193.86,130,73.08,26.92,-9.18,10.09,-142.11,70.0,
short,1000,"[7, 11, 15, 19]",7,4,4,5,30,-119.9219,-1199.22,184,82.07,17.93,-6.52,6.95,-152.25,50.0,
short,1000,"[6, 11, 16, 21, 26]",6,5,5,7,20,-120.1373,-1201.37,201,60.7,39.3,-5.98,6.71,-49.53,42.0,
short,1000,"[8, 12, 16, 20, 24, 28]",8,4,6,7,25,-120.2421,-1202.42,150,65.33,34.67,-8.02,7.68,-66.8,58.33,
short,1000,"[6, 10, 14, 18, 22, 26]",6,4,6,6,20,-120.2521,-1202.52,230,65.65,34.35,-5.23,5.51,-48.76,40.0,
short,1000,"[6, 11, 16, 21, 26]",6,5,5,6,30,-120.2815,-1202.81,165,78.79,21.21,-7.29,8.64,-124.88,60.0,
short,1000,"[8, 11, 14, 17]",8,3,4,5,25,-120.7009,-1207.01,193,76.68,23.32,-6.25,4.92,-112.1,50.0,
short,1000,"[6, 11, 16, 21, 26]",6,5,5,6,20,-120.7373,-1207.37,227,65.2,34.8,-5.32,5.75,-49.53,36.0,
short,1000,"[6, 11, 16, 21]",6,5,4,4,20,-120.7765,-1207.76,306,76.14,23.86,-3.95,3.64,-61.91,30.0,
short,1000,"[8, 13, 18, 23]",8,5,4,4,25,-121.1027,-1211.03,208,78.85,21.15,-5.82,4.04,-84.8,40.0,
short,1000,"[8, 11, 14]",8,3,3,4,20,-121.279,-1212.79,251,73.71,26.29,-4.83,2.76,-81.61,40.0,
short,1000,"[5, 9, 13, 17, 21]",5,4,5,3,20,-121.3208,-1213.21,421,83.85,16.15,-2.88,2.59,-66.27,24.0,
short,1000,"[5, 10, 15, 20, 25, 30]",5,5,6,6,30,-121.9809,-1219.81,166,78.92,21.08,-7.35,9.26,-112.28,50.0,
short,1000,"[5, 10, 15, 20, 25, 30]",5,5,6,6,20,-122.0899,-1220.9,236,66.53,33.47,-5.17,6.12,-46.21,30.0,
short,1000,"[5, 10, 15, 20, 25]",5,5,5,7,30,-122.1034,-1221.03,140,75.71,24.29,-8.72,11.27,-134.74,70.0,
short,1000,"[8, 13, 18, 23]",8,5,4,5,25,-122.2915,-1222.92,186,74.73,25.27,-6.57,5.17,-84.8,50.0,
short,1000,"[6, 9, 12, 15, 18]",6,3,5,3,25,-122.7074,-1227.07,336,88.1,11.9,-3.65,2.77,-117.68,30.0,
short,1000,"[8, 11, 14, 17, 20]",8,3,5,7,30,-122.9691,-1229.69,130,73.08,26.92,-9.46,9.92,-141.93,70.0,
short,1000,"[7, 10, 13, 16, 19, 22]",7,3,6,7,30,-123.6167,-1236.17,142,75.35,24.65,-8.71,9.95,-137.65,70.0,
short,1000,"[7, 12, 17]",7,5,3,5,20,-124.1268,-1241.27,249,70.28,29.72,-4.99,4.18,-72.85,50.0,
short,1000,"[7, 10, 13, 16, 19]",7,3,5,4,25,-124.1585,-1241.59,249,82.73,17.27,-4.99,3.84,-107.76,40.0,
short,1000,"[5, 9, 13, 17, 21]",5,4,5,5,20,-124.4074,-1244.07,289,74.05,25.95,-4.3,4.73,-66.27,40.0,
short,1000,"[7, 12, 17, 22, 27, 32]",7,5,6,6,25,-124.527,-1245.27,180,70.56,29.44,-6.92,6.64,-62.88,40.0,
short,1000,"[7, 11, 15, 19]",7,4,4,7,30,-125.1217,-1251.22,139,74.82,25.18,-9.0,10.27,-152.25,70.0,
short,1000,"[5, 9, 13, 17, 21]",5,4,5,7,30,-125.1489,-1251.49,144,76.39,23.61,-8.69,10.92,-153.34,70.0,
short,1000,"[6, 11, 16]",6,5,3,3,25,-125.3754,-1253.75,318,87.11,12.89,-3.94,3.14,-127.65,30.0,
short,1000,"[8, 12, 16, 20]",8,4,4,6,25,-125.5963,-1255.96,170,71.18,28.82,-7.39,6.16,-98.18,60.0,
short,1000,"[5, 9, 13, 17, 21]",5,4,5,4,30,-125.8813,-1258.81,253,87.35,12.65,-4.98,5.44,-153.34,40.0,
short,1000,"[8, 11, 14, 17]",8,3,4,6,20,-126.1215,-1261.21,207,63.77,36.23,-6.09,4.59,-67.62,60.0,
short,1000,"[6, 11, 16, 21, 26]",6,5,5,5,25,-126.1583,-1261.58,220,77.27,22.73,-5.73,5.7,-83.2,40.0,
short,1000,"[5, 8, 11, 14, 17, 20]",5,3,6,4,25,-126.4078,-1264.08,290,84.48,15.52,-4.36,4.42,-113.42,40.0,
short,1000,"[8, 11, 14, 17]",8,3,4,6,30,-127.3863,-1273.86,146,76.71,23.29,-8.73,8.53,-156.58,60.0,
short,1000,"[6, 11, 16, 21, 26]",6,5,5,5,30,-127.5934,-1275.93,185,81.62,18.38,-6.9,7.35,-124.88,50.0,
short,1000,"[7, 11, 15, 19, 23]",7,4,5,6,20,-127.8778,-1278.78,220,64.09,35.91,-5.81,5.17,-50.89,48.0,
short,1000,"[6, 9, 12, 15, 18, 21]",6,3,6,4,25,-128.0816,-1280.82,275,83.64,16.36,-4.66,4.02,-103.57,40.0,
short,1000,"[8, 12, 16]",8,4,3,5,25,-128.2997,-1283.0,193,76.17,23.83,-6.65,4.96,-117.02,50.0,
short,1000,"[8, 13, 18, 23]",8,5,4,7,30,-128.4077,-1284.08,123,71.54,28.46,-10.44,11.0,-128.19,70.0,
short,1000,"[6, 11, 16, 21, 26, 31]",6,5,6,7,25,-128.5371,-1285.37,167,68.26,31.74,-7.7,8.38,-69.34,46.67,
short,1000,"[8, 13, 18]",8,5,3,6,30,-128.6199,-1286.2,142,76.06,23.94,-9.06,8.76,-151.95,60.0,
short,1000,"[8, 13, 18, 23]",8,5,4,7,20,-128.9168,-1289.17,178,55.06,44.94,-7.24,6.03,-47.5,52.5,
short,1000,"[7, 10, 13, 16, 19]",7,3,5,4,20,-128.9877,-1289.88,292,76.37,23.63,-4.42,2.88,-63.45,40.0,
short,1000,"[8, 13, 18]",8,5,3,4,20,-129.0165,-1290.16,247,72.06,27.94,-5.22,2.87,-63.34,40.0,
short,1000,"[7, 12, 17]",7,5,3,7,30,-129.2418,-1292.42,137,74.45,25.55,-9.43,10.61,-162.26,70.0,
short,1000,"[7, 10, 13, 16, 19, 22]",7,3,6,5,30,-129.2529,-1292.53,188,82.45,17.55,-6.88,6.65,-137.65,50.0,
short,1000,"[7, 10, 13, 16]",7,3,4,5,20,-129.6513,-1296.51,260,72.31,27.69,-4.99,3.89,-77.21,50.0,
short,1000,"[5, 10, 15, 20, 25]",5,5,5,4,25,-130.0445,-1300.44,280,82.86,17.14,-4.64,4.59,-91.09,32.0,
short,1000,"[6, 10, 14, 18]",6,4,4,3,25,-130.7077,-1307.08,324,87.35,12.65,-4.03,2.98,-117.86,30.0,
short,1000,"[6, 10, 14, 18, 22, 26]",6,4,6,6,30,-131.0993,-1310.99,163,78.53,21.47,-8.04,8.64,-124.6,60.0,
short,1000,"[5, 8, 11, 14, 17]",5,3,5,3,20,-131.1185,-1311.19,433,84.99,15.01,-3.03,2.41,-82.66,30.0,
short,1000,"[6, 10, 14, 18, 22, 26]",6,4,6,7,20,-131.2347,-1312.35,202,60.4,39.6,-6.5,6.67,-48.76,46.67,
short,1000,"[7, 10, 13, 16, 19, 22]",7,3,6,6,20,-131.3103,-1313.1,228,65.79,34.21,-5.76,4.93,-52.87,50.0,
short,1000,"[6, 10, 14, 18, 22]",6,4,5,7,30,-131.497,-1314.97,139,74.82,25.18,-9.46,10.74,-143.17,70.0,
short,1000,"[6, 9, 12, 15, 18]",6,3,5,4,20,-131.5884,-1315.88,327,78.59,21.41,-4.02,3.2,-72.97,40.0,
short,1000,"[7, 11, 15, 19, 23, 27]",7,4,6,7,25,-131.6473,-1316.47,169,68.64,31.36,-7.79,7.53,-74.66,58.33,
short,1000,"[7, 12, 17, 22, 27]",7,5,5,7,25,-132.0079,-1320.08,166,68.07,31.93,-7.95,7.77,-75.45,56.0,
short,1000,"[6, 10, 14, 18, 22, 26]",6,4,6,5,25,-132.1928,-1321.93,229,78.17,21.83,-5.77,5.4,-82.67,41.67,
short,1000,"[5, 10, 15, 20, 25, 30]",5,5,6,7,20,-132.4691,-1324.69,199,60.8,39.2,-6.66,7.55,-46.21,35.0,
short,1000,"[8, 12, 16]",8,4,3,6,20,-132.5561,-1325.56,203,63.05,36.95,-6.53,4.73,-72.34,60.0,
short,1000,"[7, 11, 15, 19, 23, 27]",7,4,6,6,25,-132.6808,-1326.81,186,72.04,27.96,-7.13,6.54,-74.66,50.0,
short,1000,"[5, 9, 13, 17, 21, 25]",5,4,6,5,30,-132.9574,-1329.57,205,83.41,16.59,-6.49,7.15,-134.45,50.0,
short,1000,"[5, 10, 15, 20]",5,5,4,4,20,-132.9712,-1329.71,332,78.01,21.99,-4.01,3.82,-69.31,30.0,
short,1000,"[8, 13, 18, 23]",8,5,4,6,25,-132.9804,-1329.8,165,69.7,30.3,-8.06,6.39,-84.8,60.0,
short,1000,"[8, 11, 14, 17]",8,3,4,5,20,-133.0866,-1330.87,228,68.42,31.58,-5.84,3.59,-67.62,50.0,
short,1000,"[5, 10, 15, 20]",5,5,4,3,30,-133.2612,-1332.61,306,90.2,9.8,-4.35,4.15,-158.42,30.0,
short,1000,"[6, 11, 16, 21]",6,5,4,7,30,-133.5741,-1335.74,136,74.26,25.74,-9.82,10.95,-148.16,70.0,
short,1000,"[5, 10, 15, 20, 25]",5,5,5,5,30,-134.1034,-1341.03,200,83.0,17.0,-6.71,7.43,-134.74,50.0,
short,1000,"[6, 9, 12, 15]",6,3,4,3,30,-134.1573,-1341.57,276,89.86,10.14,-4.86,4.17,-177.56,30.0,
short,1000,"[6, 11, 16]",6,5,3,3,20,-134.5518,-1345.52,369,82.38,17.62,-3.65,2.41,-82.55,30.0,
short,1000,"[6, 10, 14, 18, 22, 26]",6,4,6,5,30,-135.306,-1353.06,189,82.01,17.99,-7.16,7.21,-124.6,50.0,
short,1000,"[6, 10, 14, 18, 22]",6,4,5,5,20,-135.6325,-1356.33,269,71.38,28.62,-5.04,4.37,-58.51,40.0,
short,1000,"[7, 10, 13, 16, 19, 22]",7,3,6,5,25,-135.7033,-1357.03,218,77.98,22.02,-6.22,5.01,-93.9,50.0,
short,1000,"[7, 12, 17, 22]",7,5,4,5,30,-135.7496,-1357.5,180,81.11,18.89,-7.54,7.05,-138.09,50.0,
short,1000,"[8, 12, 16]",8,4,3,6,30,-135.7887,-1357.89,141,75.89,24.11,-9.63,9.17,-161.7,60.0,
short,1000,"[5, 9, 13, 17]",5,4,4,4,30,-135.8475,-1358.48,246,86.99,13.01,-5.52,5.71,-173.08,40.0,
short,1000,"[8, 12, 16]",8,4,3,5,20,-135.8539,-1358.54,224,67.86,32.14,-6.06,3.74,-72.34,50.0,
short,1000,"[7, 10, 13, 16]",7,3,4,5,30,-136.0205,-1360.2,183,81.97,18.03,-7.43,7.05,-166.98,50.0,
short,1000,"[6, 11, 16, 21]",6,5,4,6,30,-136.0741,-1360.74,164,78.66,21.34,-8.3,8.72,-148.16,60.0,
short,1000,"[6, 11, 16, 21, 26]",6,5,5,6,25,-136.1164,-1361.16,195,73.33,26.67,-6.98,6.91,-83.2,48.0,
short,1000,"[7, 11, 15, 19, 23]",7,4,5,6,30,-136.1347,-1361.35,155,77.42,22.58,-8.78,8.82,-133.18,60.0,
short,1000,"[5, 10, 15, 20]",5,5,4,3,20,-136.2468,-1362.47,400,82.75,17.25,-3.41,2.85,-69.31,22.5,
short,1000,"[5, 10, 15, 20, 25]",5,5,5,5,25,-136.463,-1364.63,237,78.9,21.1,-5.76,5.94,-91.09,40.0,
short,1000,"[6, 9, 12, 15, 18, 21]",6,3,6,4,30,-136.6932,-1366.93,246,86.99,13.01,-5.56,4.95,-147.72,40.0,
short,1000,"[7, 10, 13, 16, 19]",7,3,5,5,30,-136.8248,-1368.25,186,82.26,17.74,-7.36,6.84,-152.07,50.0,
short,1000,"[5, 8, 11, 14]",5,3,4,3,25,-137.7635,-1377.63,340,87.94,12.06,-4.05,3.4,-142.63,30.0,
short,1000,"[6, 9, 12, 15, 18, 21]",6,3,6,7,30,-137.8415,-1378.42,141,75.18,24.82,-9.78,10.59,-147.72,70.0,
short,1000,"[8, 12, 16, 20]",8,4,4,7,20,-138.1193,-1381.19,184,57.07,42.93,-7.51,5.81,-54.26,52.5,
short,1000,"[6, 9, 12, 15]",6,3,4,4,30,-138.1798,-1381.8,233,86.27,13.73,-5.93,5.51,-177.56,40.0,
short,1000,"[5, 9, 13, 17, 21, 25]",5,4,6,7,20,-138.1962,-1381.96,204,62.25,37.75,-6.77,7.35,-55.23,46.67,
short,1000,"[5, 8, 11, 14, 17, 20]",5,3,6,4,20,-138.2084,-1382.08,352,79.26,20.74,-3.93,3.5,-68.89,33.33,
short,1000,"[6, 9, 12, 15, 18]",6,3,5,4,25,-138.3458,-1383.46,271,83.39,16.61,-5.11,4.15,-117.68,40.0,
short,1000,"[5, 9, 13, 17, 21]",5,4,5,3,30,-138.4137,-1384.14,318,90.57,9.43,-4.35,3.94,-153.34,30.0,
short,1000,"[5, 9, 13, 17]",5,4,4,4,20,-138.4525,-1384.53,354,79.66,20.34,-3.91,3.49,-82.84,40.0,
short,1000,"[5, 10, 15, 20]",5,5,4,3,25,-138.6227,-1386.23,342,87.43,12.57,-4.05,3.44,-113.87,30.0,
short,1000,"[7, 10, 13, 16, 19]",7,3,5,7,30,-138.8384,-1388.38,139,74.82,25.18,-9.99,10.27,-152.07,70.0,
short,1000,"[7, 10, 13, 16, 19, 22]",7,3,6,7,20,-138.8845,-1388.84,199,60.3,39.7,-6.98,6.08,-52.87,58.33,
short,1000,"[6, 10, 14, 18, 22]",6,4,5,4,30,-138.9458,-1389.46,231,86.15,13.85,-6.01,5.43,-143.17,40.0,
short,1000,"[5, 9, 13, 17, 21, 25]",5,4,6,4,25,-139.2484,-1392.48,287,83.28,16.72,-4.85,4.44,-90.82,33.33,
short,1000,"[7, 11, 15, 19]",7,4,4,5,25,-139.3225,-1393.23,210,77.14,22.86,-6.63,5.37,-107.93,50.0,
short,1000,"[5, 9, 13]",5,4,3,6,15,-139.5318,-1395.32,300,59.67,40.33,-4.65,4.39,-55.99,60.0,
short,1000,"[6, 9, 12, 15, 18, 21]",6,3,6,5,20,-140.1924,-1401.92,282,72.7,27.3,-4.97,4.11,-60.81,41.67,
short,1000,"[5, 9, 13, 17, 21]",5,4,5,3,25,-141.0087,-1410.09,355,87.89,12.11,-3.97,3.21,-108.98,30.0,
short,1000,"[6, 9, 12, 15, 18]",6,3,5,4,30,-141.2286,-1412.29,241,86.72,13.28,-5.86,5.17,-162.38,40.0,
short,1000,"[6, 10, 14, 18, 22]",6,4,5,4,25,-141.4516,-1414.52,271,82.66,17.34,-5.22,4.16,-99.2,40.0,
short,1000,"[8, 11, 14, 17, 20]",8,3,5,7,20,-141.7344,-1417.34,184,57.07,42.93,-7.7,5.65,-54.09,56.0,
short,1000,"[6, 10, 14]",6,4,3,4,20,-141.771,-1417.71,313,77.64,22.36,-4.53,3.53,-91.87,40.0,
short,1000,"[5, 10, 15, 20, 25]",5,5,5,5,20,-142.2463,-1422.46,281,71.89,28.11,-5.06,4.93,-55.45,30.0,
short,1000,"[8, 11, 14]",8,3,3,5,20,-142.5771,-1425.77,227,68.28,31.72,-6.28,3.67,-81.61,50.0,
short,1000,"[7, 12, 17, 22]",7,5,4,6,30,-142.8084,-1428.08,151,76.82,23.18,-9.46,8.95,-138.09,60.0,
short,1000,"[5, 8, 11, 14, 17, 20]",5,3,6,3,30,-142.8827,-1428.83,331,90.94,9.06,-4.32,3.59,-157.96,30.0,
short,1000,"[5, 8, 11, 14, 17, 20]",5,3,6,5,30,-142.9004,-1429.0,207,83.57,16.43,-6.9,7.02,-157.96,50.0,
short,1000,"[8, 13, 18, 23, 28]",8,5,5,7,25,-142.9979,-1429.98,142,62.68,37.32,-10.07,8.13,-67.84,56.0,
short,1000,"[5, 10, 15, 20]",5,5,4,7,30,-143.1293,-1431.29,138,75.36,24.64,-10.37,11.46,-158.42,70.0,
short,1000,"[7, 12, 17]",7,5,3,5,30,-143.3492,-1433.49,178,80.9,19.1,-8.05,7.26,-162.26,50.0,
short,1000,"[7, 11, 15]",7,4,3,5,20,-143.6015,-1436.02,252,70.63,29.37,-5.7,4.12,-82.02,50.0,
short,1000,"[6, 10, 14]",6,4,3,3,20,-143.9811,-1439.81,374,82.89,17.11,-3.85,2.4,-91.87,30.0,
short,1000,"[6, 9, 12, 15, 18, 21]",6,3,6,6,30,-144.0082,-1440.08,168,79.17,20.83,-8.57,8.39,-147.72,60.0,
short,1000,"[6, 9, 12, 15]",6,3,4,4,25,-144.195,-1441.95,264,82.95,17.05,-5.46,4.35,-132.27,40.0,
short,1000,"[6, 9, 12]",6,3,3,3,25,-144.948,-1449.48,317,86.75,13.25,-4.57,3.14,-147.37,30.0,
short,1000,"[6, 9, 12]",6,3,3,4,30,-145.1093,-1451.09,217,85.25,14.75,-6.69,6.36,-193.26,40.0,
short,1000,"[6, 10, 14]",6,4,3,4,30,-145.1564,-1451.56,217,85.25,14.75,-6.69,6.04,-182.86,40.0,
short,1000,"[6, 10, 14, 18, 22, 26]",6,4,6,7,25,-145.1631,-1451.63,167,68.86,31.14,-8.69,8.43,-82.67,58.33,
short,1000,"[8, 12, 16, 20, 24]",8,4,5,7,25,-145.2281,-1452.28,150,65.33,34.67,-9.68,7.68,-80.16,70.0,
short,1000,"[5, 9, 13, 17, 21]",5,4,5,5,30,-145.3489,-1453.49,204,83.33,16.67,-7.12,7.2,-153.34,50.0,
short,1000,"[6, 9, 12, 15]",6,3,4,3,25,-145.5388,-1455.39,325,87.38,12.62,-4.48,3.03,-132.27,30.0,
short,1000,"[8, 13, 18]",8,5,3,6,20,-145.6851,-1456.85,199,61.31,38.69,-7.32,4.84,-63.34,60.0,
short,1000,"[5, 9, 13, 17]",5,4,4,3,30,-145.732,-1457.32,307,90.23,9.77,-4.75,4.18,-173.08,30.0,
short,1000,"[6, 11, 16]",6,5,3,5,20,-145.8436,-1458.44,260,71.54,28.46,-5.61,4.67,-82.55,50.0,
short,1000,"[6, 10, 14, 18, 22]",6,4,5,6,20,-146.2073,-1462.07,230,65.65,34.35,-6.36,5.51,-58.51,48.0,
short,1000,"[6, 10, 14]",6,4,3,3,30,-146.298,-1462.98,266,89.1,10.9,-5.5,4.39,-182.86,30.0,
short,1000,"[5, 10, 15, 20, 25]",5,5,5,6,30,-146.3771,-1463.77,166,78.92,21.08,-8.82,9.26,-134.74,60.0,
short,1000,"[5, 8, 11, 14, 17]",5,3,5,3,30,-146.6593,-1466.59,323,90.71,9.29,-4.54,3.76,-172.89,30.0,
short,1000,"[5, 8, 11, 14, 17, 20]",5,3,6,7,30,-146.8632,-1468.63,151,76.82,23.18,-9.73,10.39,-157.96,70.0,
short,1000,"[5, 8, 11, 14, 17, 20]",5,3,6,5,20,-146.8745,-1468.74,291,73.88,26.12,-5.05,4.63,-68.89,41.67,
short,1000,"[8, 13, 18]",8,5,3,4,25,-146.9554,-1469.55,207,78.74,21.26,-7.1,4.09,-107.64,40.0,
short,1000,"[5, 9, 13]",5,4,3,3,30,-147.1983,-1471.98,287,89.55,10.45,-5.13,4.64,-193.73,30.0,
short,1000,"[7, 10, 13, 16]",7,3,4,4,25,-147.2057,-1472.06,247,82.19,17.81,-5.96,4.01,-122.09,40.0,
short,1000,"[6, 10, 14, 18]",6,4,4,4,30,-147.2233,-1472.23,226,85.84,14.16,-6.51,5.64,-162.57,40.0,
short,1000,"[5, 9, 13, 17]",5,4,4,7,30,-147.463,-1474.63,139,75.54,24.46,-10.61,11.35,-173.08,70.0,
short,1000,"[6, 9, 12, 15]",6,3,4,4,20,-147.8245,-1478.25,325,78.46,21.54,-4.55,3.26,-86.97,40.0,
short,1000,"[5, 9, 13]",5,4,3,4,30,-147.9448,-1479.45,231,86.15,13.85,-6.4,6.36,-193.73,40.0,
short,1000,"[5, 10, 15, 20, 25]",5,5,5,6,20,-148.0463,-1480.46,236,66.53,33.47,-6.27,6.12,-55.45,36.0,
short,1000,"[7, 10, 13]",7,3,3,5,30,-148.602,-1486.02,173,80.92,19.08,-8.59,7.85,-182.4,50.0,
short,1000,"[5, 10, 15, 20]",5,5,4,5,30,-148.6293,-1486.29,199,82.91,17.09,-7.47,7.49,-158.42,50.0,
short,1000,"[6, 9, 12, 15, 18, 21]",6,3,6,7,20,-148.832,-1488.32,209,62.2,37.8,-7.12,6.4,-60.81,58.33,
short,1000,"[7, 11, 15, 19]",7,4,4,7,20,-149.0546,-1490.55,199,60.3,39.7,-7.49,6.05,-63.61,70.0,
short,1000,"[5, 9, 13, 17, 21, 25]",5,4,6,6,30,-149.5689,-1495.69,169,79.29,20.71,-8.85,9.14,-134.45,60.0,
short,1000,"[7, 10, 13]",7,3,3,3,20,-149.9927,-1499.93,329,81.16,18.84,-4.56,2.1,-91.45,30.0,
short,1000,"[5, 8, 11, 14]",5,3,4,3,30,-150.2407,-1502.41,302,90.07,9.93,-4.97,4.18,-188.33,30.0,
short,1000,"[7, 11, 15, 19]",7,4,4,6,30,-150.3717,-1503.72,153,77.12,22.88,-9.83,8.98,-152.25,60.0,
short,1000,"[7, 12, 17, 22, 27]",7,5,5,6,25,-150.493,-1504.93,180,70.56,29.44,-8.36,6.64,-75.45,48.0,
short,1000,"[8, 12, 16]",8,4,3,7,30,-150.6256,-1506.26,124,71.77,28.23,-12.15,11.13,-161.7,70.0,
short,1000,"[6, 9, 12, 15, 18, 21]",6,3,6,5,25,-150.8444,-1508.44,234,79.06,20.94,-6.45,5.23,-103.57,50.0,
short,1000,"[8, 13, 18]",8,5,3,5,25,-150.9145,-1509.14,184,74.46,25.54,-8.2,5.31,-107.64,50.0,
short,1000,"[6, 9, 12, 15, 18]",6,3,5,7,30,-151.1437,-1511.44,139,74.82,25.18,-10.87,10.84,-162.38,70.0,
short,1000,"[5, 10, 15]",5,5,3,3,30,-151.3482,-1513.48,284,89.44,10.56,-5.33,4.62,-183.45,30.0,
short,1000,"[6, 9, 12, 15, 18, 21]",6,3,6,5,30,-151.4032,-1514.03,194,82.47,17.53,-7.8,6.93,-147.72,50.0,
short,1000,"[7, 12, 17, 22]",7,5,4,5,25,-151.5774,-1515.77,207,75.85,24.15,-7.32,5.4,-94.32,50.0,
short,1000,"[7, 10, 13, 16, 19, 22]",7,3,6,6,30,-151.7834,-1517.83,158,77.85,22.15,-9.61,8.52,-137.65,60.0,
short,1000,"[6, 11, 16, 21]",6,5,4,4,25,-151.8182,-1518.18,257,81.71,18.29,-5.91,4.49,-104.0,40.0,
short,1000,"[6, 10, 14, 18, 22]",6,4,5,6,30,-151.897,-1518.97,160,78.12,21.88,-9.49,8.95,-143.17,60.0,
short,1000,"[7, 10, 13, 16, 19]",7,3,5,5,25,-152.2374,-1522.37,216,77.78,22.22,-7.05,5.13,-107.76,50.0,
short,1000,"[8, 11, 14, 17]",8,3,4,7,30,-152.5448,-1525.45,124,71.77,28.23,-12.3,10.87,-156.58,70.0,
short,1000,"[6, 11, 16, 21]",6,5,4,7,20,-152.5525,-1525.53,201,60.7,39.3,-7.59,6.71,-61.91,52.5,
short,1000,"[5, 10, 15, 20, 25, 30]",5,5,6,6,25,-152.6846,-1526.85,199,73.37,26.63,-7.67,7.38,-75.91,40.0,
short,1000,"[7, 11, 15]",7,4,3,4,20,-152.7942,-1527.94,284,75.35,24.65,-5.38,3.1,-82.02,40.0,
short,1000,"[6, 11, 16, 21]",6,5,4,6,20,-153.3025,-1533.03,227,65.2,34.8,-6.75,5.75,-61.91,45.0,
short,1000,"[8, 13, 18]",8,5,3,5,20,-153.3512,-1533.51,221,66.06,33.94,-6.94,3.8,-63.34,50.0,
short,1000,"[6, 10, 14, 18, 22, 26]",6,4,6,6,25,-153.3641,-1533.64,192,72.92,27.08,-7.99,6.91,-82.67,50.0,
short,1000,"[5, 10, 15, 20, 25, 30]",5,5,6,7,25,-153.7103,-1537.1,172,69.19,30.81,-8.94,8.78,-75.91,46.67,
short,1000,"[5, 8, 11, 14, 17]",5,3,5,4,30,-154.0365,-1540.37,237,86.5,13.5,-6.5,5.87,-172.89,40.0,
short,1000,"[6, 10, 14, 18]",6,4,4,7,30,-154.2442,-1542.44,136,74.26,25.74,-11.34,11.11,-162.57,70.0,
short,1000,"[6, 11, 16, 21, 26]",6,5,5,7,25,-155.1605,-1551.61,167,68.26,31.74,-9.29,8.38,-83.2,56.0,
short,1000,"[7, 11, 15]",7,4,3,5,30,-155.4338,-1554.34,175,80.57,19.43,-8.88,7.59,-172.19,50.0,
short,1000,"[8, 13, 18]",8,5,3,7,30,-156.1479,-1561.48,120,70.83,29.17,-13.01,11.42,-151.95,70.0,
short,1000,"[7, 10, 13, 16, 19]",7,3,5,6,30,-156.6384,-1566.38,157,77.71,22.29,-9.98,8.62,-152.07,60.0,
short,1000,"[5, 9, 13, 17]",5,4,4,3,20,-156.8163,-1568.16,421,83.85,16.15,-3.72,2.59,-82.84,30.0,
short,1000,"[6, 9, 12, 15]",6,3,4,3,20,-157.6396,-1576.4,378,83.07,16.93,-4.17,2.34,-86.97,30.0,
short,1000,"[6, 9, 12, 15, 18]",6,3,5,5,30,-158.1053,-1581.05,192,82.29,17.71,-8.23,7.09,-162.38,50.0,
short,1000,"[5, 9, 13, 17, 21, 25]",5,4,6,5,25,-158.1597,-1581.6,241,78.84,21.16,-6.56,5.81,-90.82,41.67,
short,1000,"[5, 8, 11, 14, 17]",5,3,5,7,30,-158.5025,-1585.02,146,76.03,23.97,-10.86,10.78,-172.89,70.0,
short,1000,"[5, 9, 13, 17, 21, 25]",5,4,6,6,20,-158.7643,-1587.64,240,66.67,33.33,-6.62,6.02,-55.23,40.0,
short,1000,"[5, 8, 11, 14, 17, 20]",5,3,6,6,30,-158.8632,-1588.63,173,79.77,20.23,-9.18,8.86,-157.96,60.0,
short,1000,"[6, 10, 14, 18, 22]",6,4,5,7,20,-159.3864,-1593.86,202,60.4,39.6,-7.89,6.67,-58.51,56.0,
short,1000,"[5, 9, 13, 17]",5,4,4,3,25,-159.4736,-1594.74,344,87.5,12.5,-4.64,3.36,-127.96,30.0,
short,1000,"[6, 9, 12, 15, 18, 21]",6,3,6,6,20,-159.6654,-1596.65,235,66.38,33.62,-6.79,5.38,-60.81,50.0,
short,1000,"[7, 11, 15, 19, 23]",7,4,5,7,25,-159.8665,-1598.67,169,68.64,31.36,-9.46,7.53,-89.6,70.0,
short,1000,"[8, 11, 14, 17, 20, 23]",8,3,6,7,25,-159.984,-1599.84,150,65.33,34.67,-10.67,7.55,-84.39,70.0,
short,1000,"[5, 9, 13, 17]",5,4,4,5,20,-160.0547,-1600.55,289,74.05,25.95,-5.54,4.73,-82.84,50.0,
short,1000,"[5, 10, 15, 20, 25]",5,5,5,7,20,-160.5014,-1605.01,199,60.8,39.2,-8.07,7.55,-55.45,42.0,
short,1000,"[6, 10, 14]",6,4,3,3,25,-160.9402,-1609.4,308,86.36,13.64,-5.23,3.33,-137.37,30.0,
short,1000,"[6, 10, 14, 18, 22]",6,4,5,5,25,-161.0123,-1610.12,229,78.17,21.83,-7.03,5.4,-99.2,50.0,
short,1000,"[7, 10, 13, 16]",7,3,4,5,25,-161.0426,-1610.43,213,77.46,22.54,-7.56,5.25,-122.09,50.0,
short,1000,"[7, 11, 15, 19, 23]",7,4,5,6,25,-161.1068,-1611.07,186,72.04,27.96,-8.66,6.54,-89.6,60.0,
short,1000,"[6, 11, 16, 21]",6,5,4,5,25,-161.2693,-1612.69,220,77.27,22.73,-7.33,5.7,-104.0,50.0,
short,1000,"[7, 10, 13]",7,3,3,4,25,-161.5073,-1615.07,240,81.25,18.75,-6.73,4.26,-136.93,40.0,
short,1000,"[7, 12, 17]",7,5,3,6,30,-161.9084,-1619.08,148,76.35,23.65,-10.94,9.28,-162.26,60.0,
short,1000,"[6, 10, 14, 18]",6,4,4,4,25,-161.9211,-1619.21,266,82.33,17.67,-6.09,4.3,-117.86,40.0,
short,1000,"[8, 11, 14]",8,3,3,6,30,-161.9225,-1619.23,136,75.0,25.0,-11.91,9.84,-171.74,60.0,
short,1000,"[7, 10, 13, 16, 19]",7,3,5,6,20,-162.4904,-1624.9,228,65.79,34.21,-7.13,4.93,-63.45,60.0,
short,1000,"[5, 10, 15, 20]",5,5,4,4,25,-162.5556,-1625.56,280,82.86,17.14,-5.81,4.59,-113.87,40.0,
short,1000,"[5, 8, 11]",5,3,3,3,30,-163.9701,-1639.7,275,89.09,10.91,-5.96,4.99,-204.32,30.0,
short,1000,"[8, 13, 18]",8,5,3,6,25,-164.2069,-1642.07,164,69.51,30.49,-10.01,6.51,-107.64,60.0,
short,1000,"[7, 10, 13, 16]",7,3,4,6,30,-164.4156,-1644.16,155,77.42,22.58,-10.61,8.9,-166.98,60.0,
short,1000,"[5, 9, 13, 17, 21]",5,4,5,6,30,-164.6827,-1646.83,168,79.17,20.83,-9.8,9.21,-153.34,60.0,
short,1000,"[5, 9, 13, 17]",5,4,4,5,30,-164.713,-1647.13,196,82.65,17.35,-8.4,7.62,-173.08,50.0,
short,1000,"[7, 11, 15]",7,4,3,7,30,-164.8711,-1648.71,135,73.33,26.67,-12.21,10.44,-172.19,70.0,
short,1000,"[7, 12, 17]",7,5,3,7,20,-164.8876,-1648.88,198,60.1,39.9,-8.33,6.18,-72.85,70.0,
short,1000,"[5, 9, 13, 17, 21, 25]",5,4,6,7,25,-165.408,-1654.08,177,70.62,29.38,-9.35,8.49,-90.82,58.33,
short,1000,"[5, 8, 11, 14, 17]",5,3,5,4,20,-165.85,-1658.5,352,79.26,20.74,-4.71,3.5,-82.66,40.0,
short,1000,"[7, 10, 13, 16, 19, 22]",7,3,6,6,25,-165.8723,-1658.72,191,73.3,26.7,-8.68,6.26,-93.9,60.0,
short,1000,"[7, 12, 17]",7,5,3,6,20,-166.2688,-1662.69,216,63.89,36.11,-7.7,5.16,-72.85,60.0,
short,1000,"[7, 11, 15, 19]",7,4,4,6,20,-166.5546,-1665.55,220,64.09,35.91,-7.57,5.17,-63.61,60.0,
short,1000,"[5, 9, 13, 17, 21]",5,4,5,4,25,-167.098,-1670.98,287,83.28,16.72,-5.82,4.44,-108.98,40.0,
short,1000,"[5, 8, 11, 14, 17, 20]",5,3,6,5,25,-167.1197,-1671.2,246,79.67,20.33,-6.79,5.55,-113.42,50.0,
short,1000,"[6, 11, 16, 21]",6,5,4,5,30,-167.3241,-1673.24,183,80.87,19.13,-9.14,7.42,-148.16,50.0,
short,1000,"[7, 12, 17, 22]",7,5,4,7,25,-167.3721,-1673.72,166,68.07,31.93,-10.08,7.77,-94.32,70.0,
short,1000,"[6, 11, 16]",6,5,3,4,20,-167.9223,-1679.22,306,76.14,23.86,-5.49,3.64,-82.55,40.0,
short,1000,"[7, 10, 13, 16]",7,3,4,4,20,-168.4596,-1684.6,289,75.78,24.22,-5.83,2.92,-77.21,40.0,
short,1000,"[6, 10, 14, 18]",6,4,4,6,30,-168.4942,-1684.94,157,77.71,22.29,-10.73,9.21,-162.57,60.0,
short,1000,"[6, 9, 12, 15, 18]",6,3,5,6,30,-168.7437,-1687.44,160,78.12,21.88,-10.55,9.04,-162.38,60.0,
short,1000,"[5, 10, 15, 20]",5,5,4,6,30,-168.9713,-1689.71,163,78.53,21.47,-10.37,9.49,-158.42,60.0,
short,1000,"[5, 9, 13, 17, 21]",5,4,5,7,20,-169.8354,-1698.35,204,62.25,37.75,-8.33,7.35,-66.27,56.0,
short,1000,"[5, 10, 15, 20]",5,5,4,5,25,-170.5788,-1705.79,237,78.9,21.1,-7.2,5.94,-113.87,50.0,
short,1000,"[6, 11, 16]",6,5,3,4,25,-170.6336,-1706.34,253,81.42,18.58,-6.74,4.63,-127.65,40.0,
short,1000,"[6, 10, 14, 18, 22]",6,4,5,5,30,-171.097,-1710.97,189,81.48,18.52,-9.05,7.18,-143.17,50.0,
short,1000,"[6, 9, 12, 15, 18]",6,3,5,5,20,-171.8673,-1718.67,282,72.7,27.3,-6.09,4.11,-72.97,50.0,
short,1000,"[7, 10, 13, 16, 19]",7,3,5,7,20,-172.2352,-1722.35,199,60.3,39.7,-8.66,6.08,-63.45,70.0,
short,1000,"[5, 8, 11, 14]",5,3,4,3,20,-172.3655,-1723.66,425,84.24,15.76,-4.06,2.51,-96.92,30.0,
short,1000,"[6, 11, 16]",6,5,3,6,30,-172.6552,-1726.55,153,77.12,22.88,-11.28,9.67,-172.76,60.0,
short,1000,"[5, 8, 11, 14, 17, 20]",5,3,6,6,20,-173.2072,-1732.07,252,68.65,31.35,-6.87,5.65,-68.89,50.0,
short,1000,"[6, 11, 16, 21]",6,5,4,6,25,-173.3201,-1733.2,195,73.33,26.67,-8.89,6.91,-104.0,60.0,
short,1000,"[5, 8, 11, 14]",5,3,4,4,30,-173.6568,-1736.57,223,85.65,14.35,-7.79,6.5,-188.33,40.0,
short,1000,"[7, 11, 15]",7,4,3,6,30,-174.6524,-1746.52,148,76.35,23.65,-11.8,9.62,-172.19,60.0,
short,1000,"[8, 11, 14]",8,3,3,5,25,-174.7063,-1747.06,188,74.47,25.53,-9.29,5.12,-126.67,50.0,
short,1000,"[6, 9, 12, 15]",6,3,4,5,30,-174.941,-1749.41,182,81.32,18.68,-9.61,7.85,-177.56,50.0,
short,1000,"[6, 10, 14, 18]",6,4,4,5,20,-175.6882,-1756.88,269,71.38,28.62,-6.53,4.37,-73.14,50.0,
short,1000,"[5, 8, 11, 14, 17]",5,3,5,5,20,-176.2493,-1762.49,291,73.88,26.12,-6.06,4.63,-82.66,50.0,
short,1000,"[8, 12, 16, 20]",8,4,4,7,25,-176.3012,-1763.01,150,65.33,34.67,-11.75,7.68,-98.18,70.0,
short,1000,"[6, 10, 14, 18, 22]",6,4,5,7,25,-177.0528,-1770.53,167,68.86,31.14,-10.6,8.43,-99.2,70.0,
short,1000,"[8, 11, 14, 17]",8,3,4,7,20,-177.168,-1771.68,184,57.07,42.93,-9.63,5.65,-67.62,70.0,
short,1000,"[5, 9, 13, 17, 21, 25]",5,4,6,6,25,-177.2413,-1772.41,200,74.0,26.0,-8.86,7.37,-90.82,50.0,
short,1000,"[5, 10, 15]",5,5,3,4,20,-177.2949,-1772.95,332,78.01,21.99,-5.34,3.82,-92.41,40.0,
short,1000,"[7, 10, 13, 16]",7,3,4,7,30,-179.3632,-1793.63,137,73.72,26.28,-13.09,10.23,-166.98,70.0,
short,1000,"[7, 12, 17]",7,5,3,5,25,-179.453,-1794.53,205,75.61,24.39,-8.75,5.52,-117.56,50.0,
short,1000,"[8, 11, 14]",8,3,3,7,30,-179.6042,-1796.04,122,70.49,29.51,-14.72,10.8,-171.74,70.0,
short,1000,"[5, 10, 15, 20]",5,5,4,4,30,-179.6293,-1796.29,233,85.41,14.59,-7.71,5.97,-158.42,40.0,
short,1000,"[8, 13, 18, 23]",8,5,4,7,25,-179.9192,-1799.19,142,62.68,37.32,-12.67,8.13,-84.8,70.0,
short,1000,"[8, 13, 18]",8,5,3,7,20,-180.0191,-1800.19,178,55.06,44.94,-10.11,6.03,-63.34,70.0,
short,1000,"[5, 8, 11, 14, 17]",5,3,5,6,30,-180.3025,-1803.02,167,79.04,20.96,-10.8,9.31,-172.89,60.0,
short,1000,"[6, 10, 14, 18]",6,4,4,5,25,-180.5277,-1805.28,228,78.07,21.93,-7.92,5.43,-117.86,50.0,
short,1000,"[6, 11, 16, 21]",6,5,4,4,30,-180.7577,-1807.58,217,84.33,15.67,-8.33,5.89,-148.16,40.0,
short,1000,"[7, 10, 13, 16, 19]",7,3,5,6,25,-181.1648,-1811.65,191,73.3,26.7,-9.49,6.27,-107.76,60.0,
short,1000,"[6, 10, 14, 18]",6,4,4,5,30,-181.4942,-1814.94,187,81.28,18.72,-9.71,7.31,-162.57,50.0,
short,1000,"[5, 10, 15]",5,5,3,3,20,-181.6623,-1816.62,400,82.75,17.25,-4.54,2.85,-92.41,30.0,
short,1000,"[6, 9, 12, 15, 18]",6,3,5,5,25,-182.3843,-1823.84,233,78.54,21.46,-7.83,5.26,-117.68,50.0,
short,1000,"[6, 9, 12, 15, 18]",6,3,5,7,20,-183.0612,-1830.61,209,62.2,37.8,-8.76,6.4,-72.97,70.0,
short,1000,"[8, 11, 14, 17, 20]",8,3,5,7,25,-183.4702,-1834.7,150,65.33,34.67,-12.23,7.56,-98.01,70.0,
short,1000,"[5, 10, 15, 20]",5,5,4,5,20,-183.8079,-1838.08,281,71.89,28.11,-6.54,4.93,-69.31,37.5,
short,1000,"[5, 10, 15, 20, 25]",5,5,5,6,25,-183.9908,-1839.91,199,73.37,26.63,-9.25,7.38,-91.09,48.0,
short,1000,"[8, 12, 16]",8,4,3,7,20,-184.1591,-1841.59,184,57.07,42.93,-10.01,5.81,-72.34,70.0,
short,1000,"[6, 9, 12, 15, 18, 21]",6,3,6,6,25,-184.5832,-1845.83,199,73.87,26.13,-9.28,6.62,-103.57,60.0,
short,1000,"[5, 8, 11, 14]",5,3,4,7,30,-184.9059,-1849.06,140,75.0,25.0,-13.21,11.26,-188.33,70.0,
short,1000,"[7, 10, 13]",7,3,3,4,20,-185.2981,-1852.98,288,75.35,24.65,-6.43,2.98,-91.45,40.0,
short,1000,"[5, 9, 13]",5,4,3,3,25,-185.4078,-1854.08,329,86.63,13.37,-5.64,3.63,-147.82,30.0,
short,1000,"[5, 10, 15, 20, 25]",5,5,5,7,25,-185.9908,-1859.91,172,69.19,30.81,-10.81,8.78,-91.09,56.0,
short,1000,"[5, 8, 11, 14, 17, 20]",5,3,6,7,20,-186.1519,-1861.52,210,62.86,37.14,-8.86,7.17,-68.89,58.33,
short,1000,"[6, 10, 14, 18, 22]",6,4,5,6,25,-187.0528,-1870.53,192,72.92,27.08,-9.74,6.91,-99.2,60.0,
short,1000,"[5, 10, 15]",5,5,3,7,30,-187.3946,-1873.95,131,74.05,25.95,-14.3,12.05,-183.45,70.0,
short,1000,"[5, 10, 15]",5,5,3,3,25,-187.9013,-1879.01,322,86.34,13.66,-5.84,3.74,-137.93,30.0,
short,1000,"[5, 8, 11, 14, 17]",5,3,5,5,30,-188.1025,-1881.02,198,82.32,17.68,-9.5,7.51,-172.89,50.0,
short,1000,"[5, 9, 13]",5,4,3,3,20,-188.1594,-1881.59,414,83.33,16.67,-4.54,2.69,-101.91,30.0,
short,1000,"[5, 10, 15, 20]",5,5,4,6,20,-189.0579,-1890.58,236,66.53,33.47,-8.01,6.12,-69.31,45.0,
short,1000,"[8, 11, 14, 17]",8,3,4,6,25,-189.2111,-1892.11,170,70.0,30.0,-11.13,6.22,-112.1,60.0,
short,1000,"[6, 10, 14, 18]",6,4,4,6,20,-189.3165,-1893.16,230,65.65,34.35,-8.23,5.51,-73.14,60.0,
short,1000,"[5, 9, 13, 17, 21]",5,4,5,5,25,-189.7917,-1897.92,241,78.84,21.16,-7.88,5.81,-108.98,50.0,
short,1000,"[6, 11, 16]",6,5,3,7,30,-190.2644,-1902.64,132,72.73,27.27,-14.41,11.18,-172.76,70.0,
short,1000,"[5, 9, 13, 17]",5,4,4,6,30,-190.2707,-1902.71,162,78.4,21.6,-11.75,9.68,-173.08,60.0,
short,1000,"[7, 11, 15]",7,4,3,7,20,-190.6106,-1906.11,199,60.3,39.7,-9.58,6.06,-82.02,70.0,
short,1000,"[7, 11, 15, 19]",7,4,4,6,25,-190.7452,-1907.45,185,71.89,28.11,-10.31,6.58,-107.93,60.0,
short,1000,"[7, 10, 13, 16, 19, 22]",7,3,6,7,25,-190.8183,-1908.18,167,68.26,31.74,-11.43,7.63,-93.9,70.0,
short,1000,"[7, 12, 17, 22]",7,5,4,6,25,-190.8721,-1908.72,180,70.56,29.44,-10.6,6.64,-94.32,60.0,
short,1000,"[6, 11, 16]",6,5,3,4,30,-191.3794,-1913.79,213,84.04,15.96,-8.98,6.12,-172.76,40.0,
short,1000,"[6, 9, 12]",6,3,3,3,20,-193.8746,-1938.75,376,82.18,17.82,-5.16,2.34,-101.47,30.0,
short,1000,"[5, 10, 15]",5,5,3,4,30,-194.3946,-1943.95,225,84.89,15.11,-8.64,6.3,-183.45,40.0,
short,1000,"[5, 9, 13, 17, 21]",5,4,5,6,20,-194.5172,-1945.17,240,66.67,33.33,-8.1,6.02,-66.27,48.0,
short,1000,"[6, 11, 16]",6,5,3,5,30,-194.6552,-1946.55,174,79.89,20.11,-11.19,8.14,-172.76,50.0,
short,1000,"[6, 9, 12, 15]",6,3,4,7,30,-194.7022,-1947.02,137,73.72,26.28,-14.21,10.76,-177.56,70.0,
short,1000,"[7, 10, 13, 16]",7,3,4,6,20,-195.7265,-1957.26,228,65.79,34.21,-8.58,4.93,-77.21,60.0,
short,1000,"[6, 9, 12, 15, 18]",6,3,5,6,20,-196.0612,-1960.61,235,66.38,33.62,-8.34,5.38,-72.97,60.0,
short,1000,"[8, 11, 14]",8,3,3,7,20,-196.7026,-1967.03,184,57.07,42.93,-10.69,5.68,-81.61,70.0,
short,1000,"[6, 11, 16, 21]",6,5,4,7,25,-197.7205,-1977.2,167,68.26,31.74,-11.84,8.38,-104.0,70.0,
short,1000,"[5, 9, 13, 17, 21]",5,4,5,7,25,-198.4895,-1984.9,177,70.62,29.38,-11.21,8.49,-108.98,70.0,
short,1000,"[7, 10, 13]",7,3,3,6,30,-198.6567,-1986.57,150,76.0,24.0,-13.24,9.05,-182.4,60.0,
short,1000,"[7, 10, 13]",7,3,3,7,30,-199.3234,-1993.23,130,72.31,27.69,-15.33,10.87,-182.4,70.0,
short,1000,"[5, 8, 11]",5,3,3,4,30,-199.6005,-1996.0,217,84.79,15.21,-9.2,6.65,-204.32,40.0,
short,1000,"[5, 10, 15]",5,5,3,5,30,-200.4062,-2004.06,188,81.38,18.62,-10.66,8.08,-183.45,50.0,
short,1000,"[6, 10, 14]",6,4,3,4,25,-200.6936,-2006.94,253,81.03,18.97,-7.93,4.66,-137.37,40.0,
short,1000,"[7, 10, 13]",7,3,3,6,20,-201.3134,-2013.13,228,65.79,34.21,-8.83,4.94,-91.45,60.0,
short,1000,"[6, 9, 12]",6,3,3,5,30,-203.0883,-2030.88,177,80.23,19.77,-11.47,7.94,-193.26,50.0,
short,1000,"[6, 9, 12, 15, 18, 21]",6,3,6,7,25,-203.6072,-2036.07,171,69.01,30.99,-11.91,8.11,-103.57,70.0,
short,1000,"[5, 10, 15]",5,5,3,4,25,-203.8674,-2038.67,275,82.18,17.82,-7.41,4.7,-137.93,40.0,
short,1000,"[5, 10, 15, 20]",5,5,4,7,20,-204.6268,-2046.27,199,60.8,39.2,-10.28,7.55,-69.31,52.5,
short,1000,"[5, 9, 13, 17]",5,4,4,4,25,-204.999,-2049.99,285,82.81,17.19,-7.19,4.49,-127.96,40.0,
short,1000,"[6, 10, 14, 18]",6,4,4,7,20,-205.3806,-2053.81,202,60.4,39.6,-10.17,6.67,-73.14,70.0,
short,1000,"[5, 8, 11, 14, 17]",5,3,5,6,20,-207.8487,-2078.49,252,68.65,31.35,-8.25,5.65,-82.66,60.0,
short,1000,"[5, 8, 11, 14]",5,3,4,5,30,-207.9059,-2079.06,189,81.48,18.52,-11.0,8.05,-188.33,50.0,
short,1000,"[6, 10, 14]",6,4,3,5,30,-208.3482,-2083.48,175,80.0,20.0,-11.91,8.22,-182.86,50.0,
short,1000,"[7, 10, 13]",7,3,3,5,20,-208.3567,-2083.57,251,69.72,30.28,-8.3,4.2,-91.45,50.0,
short,1000,"[7, 10, 13, 16]",7,3,4,7,20,-209.1973,-2091.97,199,60.3,39.7,-10.51,6.08,-77.21,70.0,
short,1000,"[5, 9, 13]",5,4,3,5,30,-209.7313,-2097.31,187,81.28,18.72,-11.22,8.09,-193.73,50.0,
short,1000,"[6, 10, 14]",6,4,3,7,30,-210.301,-2103.01,131,72.52,27.48,-16.05,11.31,-182.86,70.0,
short,1000,"[6, 11, 16]",6,5,3,7,20,-211.1169,-2111.17,201,60.7,39.3,-10.5,6.71,-82.55,70.0,
short,1000,"[6, 9, 12, 15]",6,3,4,6,30,-211.7022,-2117.02,155,76.77,23.23,-13.66,9.34,-177.56,60.0,
short,1000,"[7, 11, 15]",7,4,3,6,20,-211.944,-2119.44,220,64.09,35.91,-9.63,5.17,-82.02,60.0,
short,1000,"[6, 11, 16]",6,5,3,6,20,-212.1169,-2121.17,227,65.2,34.8,-9.34,5.75,-82.55,60.0,
short,1000,"[5, 9, 13, 17, 21]",5,4,5,6,25,-212.6895,-2126.9,200,74.0,26.0,-10.63,7.37,-108.98,60.0,
short,1000,"[5, 8, 11, 14, 17]",5,3,5,4,25,-213.2995,-2132.99,286,82.87,17.13,-7.46,4.48,-127.78,40.0,
short,1000,"[7, 10, 13, 16]",7,3,4,6,25,-213.3795,-2133.79,191,72.77,27.23,-11.17,6.26,-122.09,60.0,
short,1000,"[5, 8, 11, 14]",5,3,4,6,30,-215.9889,-2159.89,165,78.18,21.82,-13.09,9.3,-188.33,60.0,
short,1000,"[6, 10, 14]",6,4,3,6,30,-216.301,-2163.01,150,76.0,24.0,-14.42,9.65,-182.86,60.0,
short,1000,"[7, 11, 15]",7,4,3,5,25,-216.5551,-2165.55,205,75.12,24.88,-10.56,5.53,-127.1,50.0,
short,1000,"[5, 8, 11, 14]",5,3,4,4,20,-216.9017,-2169.02,347,78.39,21.61,-6.25,3.65,-96.92,40.0,
short,1000,"[7, 11, 15, 19]",7,4,4,7,25,-217.0816,-2170.82,167,67.66,32.34,-13.0,7.62,-107.93,70.0,
short,1000,"[5, 9, 13, 17]",5,4,4,7,20,-217.8728,-2178.73,204,62.25,37.75,-10.68,7.35,-82.84,70.0,
short,1000,"[6, 9, 12, 15]",6,3,4,7,20,-218.102,-2181.02,208,62.02,37.98,-10.49,6.48,-86.97,70.0,
short,1000,"[6, 9, 12, 15]",6,3,4,5,20,-218.4045,-2184.04,278,71.94,28.06,-7.86,4.29,-86.97,50.0,
short,1000,"[5, 10, 15]",5,5,3,6,30,-218.4178,-2184.18,158,77.22,22.78,-13.82,9.75,-183.45,60.0,
short,1000,"[6, 9, 12]",6,3,3,5,20,-219.8292,-2198.29,275,71.64,28.36,-7.99,4.36,-101.47,50.0,
short,1000,"[6, 9, 12]",6,3,3,7,30,-222.0812,-2220.81,129,72.09,27.91,-17.22,11.56,-193.26,70.0,
short,1000,"[5, 9, 13]",5,4,3,4,20,-222.4944,-2224.94,346,78.03,21.97,-6.43,3.65,-101.91,40.0,
short,1000,"[5, 9, 13]",5,4,3,7,30,-223.0646,-2230.65,131,73.28,26.72,-17.03,11.94,-193.73,70.0,
short,1000,"[5, 8, 11, 14, 17]",5,3,5,7,20,-223.3822,-2233.82,210,62.86,37.14,-10.64,7.17,-82.66,70.0,
short,1000,"[5, 8, 11, 14, 17, 20]",5,3,6,6,25,-224.1469,-2241.47,209,74.64,25.36,-10.72,6.93,-113.42,60.0,
short,1000,"[8, 11, 14]",8,3,3,6,20,-226.7026,-2267.03,201,60.7,39.3,-11.28,4.89,-81.61,60.0,
short,1000,"[6, 9, 12]",6,3,3,6,30,-227.7479,-2277.48,148,75.68,24.32,-15.39,9.82,-193.26,60.0,
short,1000,"[6, 9, 12]",6,3,3,4,25,-228.7726,-2287.73,252,80.56,19.44,-9.08,4.72,-147.37,40.0,
short,1000,"[5, 8, 11]",5,3,3,6,30,-229.5641,-2295.64,156,76.92,23.08,-14.72,9.91,-204.32,60.0,
short,1000,"[5, 10, 15, 20]",5,5,4,6,25,-229.9885,-2299.88,199,73.37,26.63,-11.56,7.38,-113.87,60.0,
short,1000,"[7, 10, 13]",7,3,3,7,20,-230.1251,-2301.25,197,59.9,40.1,-11.68,6.2,-91.45,70.0,
short,1000,"[5, 10, 15, 20]",5,5,4,7,25,-232.4885,-2324.88,172,69.19,30.81,-13.52,8.78,-113.87,70.0,
short,1000,"[6, 10, 14]",6,4,3,5,20,-233.2686,-2332.69,265,70.57,29.43,-8.8,4.56,-91.87,50.0,
short,1000,"[6, 9, 12, 15]",6,3,4,6,20,-234.102,-2341.02,233,66.09,33.91,-10.05,5.55,-86.97,60.0,
short,1000,"[8, 12, 16]",8,4,3,6,25,-234.2149,-2342.15,165,67.88,32.12,-14.19,6.35,-117.02,60.0,
short,1000,"[5, 8, 11, 14]",5,3,4,6,20,-234.6698,-2346.7,250,68.4,31.6,-9.39,5.73,-96.92,60.0,
short,1000,"[6, 9, 12]",6,3,3,4,20,-235.7204,-2357.2,312,75.96,24.04,-7.56,3.54,-101.47,40.0,
short,1000,"[5, 8, 11, 14, 17, 20]",5,3,6,7,25,-236.8227,-2368.23,185,70.81,29.19,-12.8,8.13,-113.42,70.0,
short,1000,"[6, 10, 14]",6,4,3,6,20,-237.7892,-2377.89,228,65.35,34.65,-10.43,5.68,-91.87,60.0,
short,1000,"[5, 9, 13]",5,4,3,6,30,-239.4379,-2394.38,158,77.22,22.78,-15.15,9.82,-193.73,60.0,
short,1000,"[5, 9, 13]",5,4,3,5,20,-239.8758,-2398.76,286,72.73,27.27,-8.39,4.84,-101.91,50.0,
short,1000,"[7, 10, 13, 16, 19]",7,3,5,7,25,-240.2921,-2402.92,165,67.27,32.73,-14.56,7.72,-107.76,70.0,
short,1000,"[6, 10, 14, 18]",6,4,4,6,25,-240.6344,-2406.34,190,72.11,27.89,-12.66,6.99,-117.86,60.0,
short,1000,"[6, 9, 12, 15]",6,3,4,5,25,-242.7809,-2427.81,227,77.09,22.91,-10.7,5.52,-132.27,50.0,
short,1000,"[5, 8, 11]",5,3,3,3,25,-244.8149,-2448.15,324,85.8,14.2,-7.56,3.73,-158.0,30.0,
short,1000,"[5, 10, 15]",5,5,3,5,20,-245.0772,-2450.77,281,71.89,28.11,-8.72,4.93,-92.41,50.0,
short,1000,"[6, 9, 12]",6,3,3,6,20,-245.6432,-2456.43,230,65.65,34.35,-10.68,5.7,-101.47,60.0,
short,1000,"[6, 9, 12, 15, 18]",6,3,5,7,25,-246.255,-2462.55,172,68.6,31.4,-14.32,8.05,-117.68,70.0,
short,1000,"[6, 9, 12]",6,3,3,7,20,-247.1239,-2471.24,207,61.35,38.65,-11.94,6.48,-101.47,70.0,
short,1000,"[7, 12, 17]",7,5,3,7,25,-247.565,-2475.65,165,66.67,33.33,-15.0,7.77,-117.56,70.0,
short,1000,"[5, 9, 13, 17]",5,4,4,6,20,-248.725,-2487.25,240,66.67,33.33,-10.36,6.02,-82.84,60.0,
short,1000,"[5, 9, 13, 17]",5,4,4,7,25,-249.4326,-2494.33,177,70.06,29.94,-14.09,8.46,-127.96,70.0,
short,1000,"[8, 13, 18]",8,5,3,7,25,-249.9301,-2499.3,141,61.7,38.3,-17.73,8.17,-107.64,70.0,
short,1000,"[5, 8, 11, 14]",5,3,4,5,20,-250.6698,-2506.7,289,72.66,27.34,-8.67,4.73,-96.92,50.0,
short,1000,"[6, 10, 14, 18]",6,4,4,7,25,-251.4199,-2514.2,167,67.66,32.34,-15.06,8.38,-117.86,70.0,
short,1000,"[6, 9, 12, 15, 18]",6,3,5,6,25,-251.455,-2514.55,196,72.45,27.55,-12.83,6.72,-117.68,60.0,
short,1000,"[5, 8, 11]",5,3,3,6,20,-251.4649,-2514.65,248,67.74,32.26,-10.14,5.78,-111.68,60.0,
short,1000,"[5, 10, 15]",5,5,3,6,20,-252.0772,-2520.77,236,66.53,33.47,-10.68,6.12,-92.41,60.0,
short,1000,"[7, 12, 17]",7,5,3,6,25,-252.8092,-2528.09,178,69.66,30.34,-14.2,6.73,-117.56,60.0,
short,1000,"[6, 11, 16]",6,5,3,7,25,-252.9904,-2529.9,168,67.86,32.14,-15.06,8.32,-127.65,70.0,
short,1000,"[7, 11, 15]",7,4,3,7,25,-253.3961,-2533.96,168,67.26,32.74,-15.08,7.55,-127.1,70.0,
short,1000,"[7, 10, 13]",7,3,3,6,25,-253.4087,-2534.09,190,71.58,28.42,-13.34,6.29,-136.93,60.0,
short,1000,"[5, 8, 11]",5,3,3,5,30,-253.8975,-2538.97,179,79.89,20.11,-14.18,8.44,-204.32,50.0,
short,1000,"[5, 10, 15]",5,5,3,5,25,-254.3735,-2543.74,237,77.64,22.36,-10.73,5.96,-137.93,50.0,
short,1000,"[5, 9, 13, 17]",5,4,4,5,25,-254.4326,-2544.33,239,77.82,22.18,-10.65,5.86,-127.96,50.0,
short,1000,"[5, 8, 11, 14, 17]",5,3,5,7,25,-254.5872,-2545.87,185,70.81,29.19,-13.76,8.15,-127.78,70.0,
short,1000,"[6, 11, 16]",6,5,3,5,25,-256.5585,-2565.58,214,75.23,24.77,-11.99,5.88,-127.65,50.0,
short,1000,"[6, 10, 14]",6,4,3,7,20,-256.643,-2566.43,201,60.2,39.8,-12.77,6.76,-91.87,70.0,
short,1000,"[6, 10, 14]",6,4,3,5,25,-261.3769,-2613.77,224,76.34,23.66,-11.67,5.63,-137.37,50.0,
short,1000,"[7, 10, 13]",7,3,3,5,25,-262.0232,-2620.23,203,74.38,25.62,-12.91,5.64,-136.93,50.0,
short,1000,"[6, 9, 12, 15]",6,3,4,7,25,-264.484,-2644.84,171,68.42,31.58,-15.47,8.15,-132.27,70.0,
short,1000,"[5, 8, 11]",5,3,3,4,20,-265.7949,-2657.95,339,76.99,23.01,-7.84,3.76,-111.68,40.0,
short,1000,"[5, 8, 11, 14, 17]",5,3,5,5,25,-265.9872,-2659.87,244,77.87,22.13,-10.9,5.61,-127.78,50.0,
short,1000,"[5, 8, 11, 14]",5,3,4,4,25,-267.3887,-2673.89,279,81.72,18.28,-9.58,4.7,-142.63,40.0,
short,1000,"[5, 8, 11, 14]",5,3,4,7,25,-271.4263,-2714.26,182,70.33,29.67,-14.91,8.35,-142.63,70.0,
short,1000,"[5, 8, 11, 14]",5,3,4,7,20,-272.1698,-2721.7,210,62.38,37.62,-12.96,7.15,-96.92,70.0,
short,1000,"[5, 8, 11]",5,3,3,5,20,-272.2966,-2722.97,279,71.68,28.32,-9.76,5.0,-111.68,50.0,
short,1000,"[5, 10, 15]",5,5,3,7,20,-272.8357,-2728.36,199,60.8,39.2,-13.71,7.55,-92.41,70.0,
short,1000,"[5, 8, 11]",5,3,3,7,30,-273.5641,-2735.64,128,71.88,28.12,-21.37,12.22,-204.32,70.0,
short,1000,"[5, 10, 15]",5,5,3,7,25,-273.7069,-2737.07,170,68.82,31.18,-16.1,8.92,-137.93,70.0,
short,1000,"[8, 12, 16]",8,4,3,7,25,-274.9526,-2749.53,148,62.84,37.16,-18.58,7.71,-117.02,70.0,
short,1000,"[7, 11, 15]",7,4,3,6,25,-275.0627,-2750.63,184,70.11,29.89,-14.95,6.58,-127.1,60.0,
short,1000,"[5, 9, 13]",5,4,3,7,20,-276.8758,-2768.76,204,61.76,38.24,-13.57,7.32,-101.91,70.0,
short,1000,"[8, 11, 14, 17]",8,3,4,7,25,-277.0511,-2770.51,148,62.84,37.16,-18.72,7.56,-112.1,70.0,
short,1000,"[6, 11, 16]",6,5,3,6,25,-278.089,-2780.89,192,71.35,28.65,-14.48,7.02,-127.65,60.0,
short,1000,"[6, 9, 12]",6,3,3,5,25,-279.1236,-2791.24,225,76.0,24.0,-12.41,5.58,-147.37,50.0,
short,1000,"[7, 10, 13, 16]",7,3,4,7,25,-279.5071,-2795.07,166,66.87,33.13,-16.84,7.65,-122.09,70.0,
short,1000,"[6, 10, 14]",6,4,3,6,25,-279.7803,-2797.8,190,71.58,28.42,-14.73,7.09,-137.37,60.0,
short,1000,"[5, 9, 13]",5,4,3,4,25,-280.6638,-2806.64,277,81.23,18.77,-10.13,4.7,-147.82,40.0,
short,1000,"[8, 11, 14]",8,3,3,6,25,-282.0446,-2820.45,163,66.87,33.13,-17.3,6.61,-126.67,60.0,
short,1000,"[5, 10, 15]",5,5,3,6,25,-282.8334,-2828.33,199,72.86,27.14,-14.21,7.38,-137.93,60.0,
short,1000,"[5, 8, 11]",5,3,3,6,25,-283.0178,-2830.18,205,73.17,26.83,-13.81,7.14,-158.0,60.0,
short,1000,"[6, 9, 12]",6,3,3,7,25,-284.7903,-2847.9,165,67.27,32.73,-17.26,8.49,-147.37,70.0,
short,1000,"[6, 9, 12, 15]",6,3,4,6,25,-284.9606,-2849.61,196,71.94,28.06,-14.54,6.82,-132.27,60.0,
short,1000,"[5, 8, 11, 14, 17]",5,3,5,6,25,-285.1647,-2851.65,210,73.81,26.19,-13.58,6.89,-127.78,60.0,
short,1000,"[5, 9, 13, 17]",5,4,4,6,25,-285.9785,-2859.79,200,73.0,27.0,-14.3,7.35,-127.96,60.0,
short,1000,"[8, 11, 14]",8,3,3,7,25,-286.0454,-2860.45,148,62.84,37.16,-19.33,7.6,-126.67,70.0,
short,1000,"[5, 9, 13]",5,4,3,7,25,-286.4458,-2864.46,172,69.19,30.81,-16.65,8.78,-147.82,70.0,
short,1000,"[6, 10, 14]",6,4,3,7,25,-286.7803,-2867.8,163,66.87,33.13,-17.59,8.66,-137.37,70.0,
short,1000,"[7, 10, 13]",7,3,3,7,25,-288.7681,-2887.68,164,66.46,33.54,-17.61,7.82,-136.93,70.0,
short,1000,"[5, 9, 13]",5,4,3,6,20,-289.2573,-2892.57,239,66.53,33.47,-12.1,6.09,-101.91,60.0,
short,1000,"[5, 8, 11, 14]",5,3,4,6,25,-290.9388,-2909.39,210,73.81,26.19,-13.85,6.93,-142.63,60.0,
short,1000,"[5, 8, 11]",5,3,3,7,25,-293.2175,-2932.18,174,68.97,31.03,-16.85,8.77,-158.0,70.0,
short,1000,"[5, 9, 13]",5,4,3,5,25,-294.8944,-2948.94,235,77.02,22.98,-12.55,6.04,-147.82,50.0,
short,1000,"[5, 8, 11]",5,3,3,7,20,-298.9632,-2989.63,206,61.65,38.35,-14.51,7.3,-111.68,70.0,
short,1000,"[6, 9, 12]",6,3,3,6,25,-302.5271,-3025.27,189,70.9,29.1,-16.01,7.17,-147.37,60.0,
short,1000,"[5, 8, 11]",5,3,3,3,20,-302.6233,-3026.23,410,81.71,18.29,-7.38,2.7,-111.68,30.0,
short,1000,"[5, 8, 11]",5,3,3,4,25,-305.4172,-3054.17,273,80.59,19.41,-11.19,4.85,-158.0,40.0,
short,1000,"[5, 8, 11, 14]",5,3,4,5,25,-305.6888,-3056.89,239,76.99,23.01,-12.79,5.81,-142.63,50.0,
short,1000,"[5, 9, 13]",5,4,3,6,25,-306.2278,-3062.28,197,72.59,27.41,-15.54,7.52,-147.82,60.0,
short,1000,"[5, 8, 11]",5,3,3,5,25,-315.6845,-3156.84,230,76.09,23.91,-13.73,6.15,-158.0,50.0,
